ISO-10303-21;
HEADER;
FILE_DESCRIPTION(('Open CASCADE Model'),'2;1');
FILE_NAME('Open CASCADE Shape Model','2026-05-10T09:27:54',('Author'),(
    'Open CASCADE'),'Open CASCADE STEP processor 7.8','Open CASCADE 7.8'
  ,'Unknown');
FILE_SCHEMA(('AUTOMOTIVE_DESIGN { 1 0 10303 214 1 1 1 1 }'));
ENDSEC;
DATA;
#1 = APPLICATION_PROTOCOL_DEFINITION('international standard',
  'automotive_design',2000,#2);
#2 = APPLICATION_CONTEXT(
  'core data for automotive mechanical design processes');
#3 = SHAPE_DEFINITION_REPRESENTATION(#4,#10);
#4 = PRODUCT_DEFINITION_SHAPE('','',#5);
#5 = PRODUCT_DEFINITION('design','',#6,#9);
#6 = PRODUCT_DEFINITION_FORMATION('','',#7);
#7 = PRODUCT('Open CASCADE STEP translator 7.8 1',
  'Open CASCADE STEP translator 7.8 1','',(#8));
#8 = PRODUCT_CONTEXT('',#2,'mechanical');
#9 = PRODUCT_DEFINITION_CONTEXT('part definition',#2,'design');
#10 = ADVANCED_BREP_SHAPE_REPRESENTATION('',(#11,#15),#7147);
#11 = AXIS2_PLACEMENT_3D('',#12,#13,#14);
#12 = CARTESIAN_POINT('',(0.,0.,0.));
#13 = DIRECTION('',(0.,0.,1.));
#14 = DIRECTION('',(1.,0.,-0.));
#15 = BREP_WITH_VOIDS('',#16,(#6487,#6817));
#16 = CLOSED_SHELL('',(#17,#137,#220,#297,#707,#757,#810,#859,#912,#1550
    ,#1599,#1649,#1699,#1726,#1803,#1852,#1906,#1955,#2005,#2054,#2108,
    #2135,#2160,#2185,#2276,#2329,#2381,#2443,#2505,#2558,#2610,#2672,
    #2758,#2811,#2863,#2925,#3011,#3064,#3116,#3149,#3174,#3199,#3206,
    #3331,#3552,#3602,#3651,#3703,#3894,#3948,#4025,#4073,#4242,#4292,
    #4341,#4393,#4557,#4611,#4683,#4711,#4824,#4966,#5057,#5177,#5394,
    #5569,#5575,#5581,#5848,#5855,#6080,#6087,#6117,#6147,#6195,#6222,
    #6249,#6276,#6303,#6328,#6358,#6365,#6392,#6419,#6446,#6473,#6480));
#17 = ADVANCED_FACE('',(#18),#32,.F.);
#18 = FACE_BOUND('',#19,.F.);
#19 = EDGE_LOOP('',(#20,#55,#83,#111));
#20 = ORIENTED_EDGE('',*,*,#21,.F.);
#21 = EDGE_CURVE('',#22,#24,#26,.T.);
#22 = VERTEX_POINT('',#23);
#23 = CARTESIAN_POINT('',(-169.46,-58.62,0.));
#24 = VERTEX_POINT('',#25);
#25 = CARTESIAN_POINT('',(-169.46,-58.62,5.));
#26 = SURFACE_CURVE('',#27,(#31,#43),.PCURVE_S1.);
#27 = LINE('',#28,#29);
#28 = CARTESIAN_POINT('',(-169.46,-58.62,0.));
#29 = VECTOR('',#30,1.);
#30 = DIRECTION('',(0.,0.,1.));
#31 = PCURVE('',#32,#37);
#32 = PLANE('',#33);
#33 = AXIS2_PLACEMENT_3D('',#34,#35,#36);
#34 = CARTESIAN_POINT('',(-169.46,-62.62,0.));
#35 = DIRECTION('',(1.,0.,0.));
#36 = DIRECTION('',(0.,0.,1.));
#37 = DEFINITIONAL_REPRESENTATION('',(#38),#42);
#38 = LINE('',#39,#40);
#39 = CARTESIAN_POINT('',(0.,-4.));
#40 = VECTOR('',#41,1.);
#41 = DIRECTION('',(1.,0.));
#42 = ( GEOMETRIC_REPRESENTATION_CONTEXT(2) 
PARAMETRIC_REPRESENTATION_CONTEXT() REPRESENTATION_CONTEXT('2D SPACE',''
  ) );
#43 = PCURVE('',#44,#49);
#44 = CYLINDRICAL_SURFACE('',#45,4.);
#45 = AXIS2_PLACEMENT_3D('',#46,#47,#48);
#46 = CARTESIAN_POINT('',(-165.46,-58.62,0.));
#47 = DIRECTION('',(0.,0.,1.));
#48 = DIRECTION('',(-1.,-0.,0.));
#49 = DEFINITIONAL_REPRESENTATION('',(#50),#54);
#50 = LINE('',#51,#52);
#51 = CARTESIAN_POINT('',(0.,0.));
#52 = VECTOR('',#53,1.);
#53 = DIRECTION('',(0.,1.));
#54 = ( GEOMETRIC_REPRESENTATION_CONTEXT(2) 
PARAMETRIC_REPRESENTATION_CONTEXT() REPRESENTATION_CONTEXT('2D SPACE',''
  ) );
#55 = ORIENTED_EDGE('',*,*,#56,.T.);
#56 = EDGE_CURVE('',#22,#57,#59,.T.);
#57 = VERTEX_POINT('',#58);
#58 = CARTESIAN_POINT('',(-169.46,58.62,0.));
#59 = SURFACE_CURVE('',#60,(#64,#71),.PCURVE_S1.);
#60 = LINE('',#61,#62);
#61 = CARTESIAN_POINT('',(-169.46,-62.62,0.));
#62 = VECTOR('',#63,1.);
#63 = DIRECTION('',(0.,1.,0.));
#64 = PCURVE('',#32,#65);
#65 = DEFINITIONAL_REPRESENTATION('',(#66),#70);
#66 = LINE('',#67,#68);
#67 = CARTESIAN_POINT('',(0.,0.));
#68 = VECTOR('',#69,1.);
#69 = DIRECTION('',(0.,-1.));
#70 = ( GEOMETRIC_REPRESENTATION_CONTEXT(2) 
PARAMETRIC_REPRESENTATION_CONTEXT() REPRESENTATION_CONTEXT('2D SPACE',''
  ) );
#71 = PCURVE('',#72,#77);
#72 = PLANE('',#73);
#73 = AXIS2_PLACEMENT_3D('',#74,#75,#76);
#74 = CARTESIAN_POINT('',(-169.46,-62.62,0.));
#75 = DIRECTION('',(0.,0.,1.));
#76 = DIRECTION('',(1.,0.,0.));
#77 = DEFINITIONAL_REPRESENTATION('',(#78),#82);
#78 = LINE('',#79,#80);
#79 = CARTESIAN_POINT('',(0.,0.));
#80 = VECTOR('',#81,1.);
#81 = DIRECTION('',(0.,1.));
#82 = ( GEOMETRIC_REPRESENTATION_CONTEXT(2) 
PARAMETRIC_REPRESENTATION_CONTEXT() REPRESENTATION_CONTEXT('2D SPACE',''
  ) );
#83 = ORIENTED_EDGE('',*,*,#84,.T.);
#84 = EDGE_CURVE('',#57,#85,#87,.T.);
#85 = VERTEX_POINT('',#86);
#86 = CARTESIAN_POINT('',(-169.46,58.62,5.));
#87 = SURFACE_CURVE('',#88,(#92,#99),.PCURVE_S1.);
#88 = LINE('',#89,#90);
#89 = CARTESIAN_POINT('',(-169.46,58.62,0.));
#90 = VECTOR('',#91,1.);
#91 = DIRECTION('',(0.,0.,1.));
#92 = PCURVE('',#32,#93);
#93 = DEFINITIONAL_REPRESENTATION('',(#94),#98);
#94 = LINE('',#95,#96);
#95 = CARTESIAN_POINT('',(0.,-121.24));
#96 = VECTOR('',#97,1.);
#97 = DIRECTION('',(1.,0.));
#98 = ( GEOMETRIC_REPRESENTATION_CONTEXT(2) 
PARAMETRIC_REPRESENTATION_CONTEXT() REPRESENTATION_CONTEXT('2D SPACE',''
  ) );
#99 = PCURVE('',#100,#105);
#100 = CYLINDRICAL_SURFACE('',#101,4.);
#101 = AXIS2_PLACEMENT_3D('',#102,#103,#104);
#102 = CARTESIAN_POINT('',(-165.46,58.62,0.));
#103 = DIRECTION('',(0.,0.,1.));
#104 = DIRECTION('',(-1.,-0.,0.));
#105 = DEFINITIONAL_REPRESENTATION('',(#106),#110);
#106 = LINE('',#107,#108);
#107 = CARTESIAN_POINT('',(-0.,0.));
#108 = VECTOR('',#109,1.);
#109 = DIRECTION('',(-0.,1.));
#110 = ( GEOMETRIC_REPRESENTATION_CONTEXT(2) 
PARAMETRIC_REPRESENTATION_CONTEXT() REPRESENTATION_CONTEXT('2D SPACE',''
  ) );
#111 = ORIENTED_EDGE('',*,*,#112,.T.);
#112 = EDGE_CURVE('',#85,#24,#113,.T.);
#113 = SURFACE_CURVE('',#114,(#118,#125),.PCURVE_S1.);
#114 = LINE('',#115,#116);
#115 = CARTESIAN_POINT('',(-169.46,58.62,5.));
#116 = VECTOR('',#117,1.);
#117 = DIRECTION('',(-0.,-1.,-0.));
#118 = PCURVE('',#32,#119);
#119 = DEFINITIONAL_REPRESENTATION('',(#120),#124);
#120 = LINE('',#121,#122);
#121 = CARTESIAN_POINT('',(5.,-121.24));
#122 = VECTOR('',#123,1.);
#123 = DIRECTION('',(-0.,1.));
#124 = ( GEOMETRIC_REPRESENTATION_CONTEXT(2) 
PARAMETRIC_REPRESENTATION_CONTEXT() REPRESENTATION_CONTEXT('2D SPACE',''
  ) );
#125 = PCURVE('',#126,#131);
#126 = PLANE('',#127);
#127 = AXIS2_PLACEMENT_3D('',#128,#129,#130);
#128 = CARTESIAN_POINT('',(-169.21,58.62,5.25));
#129 = DIRECTION('',(0.707106781187,0.,-0.707106781187));
#130 = DIRECTION('',(0.,-1.,-0.));
#131 = DEFINITIONAL_REPRESENTATION('',(#132),#136);
#132 = LINE('',#133,#134);
#133 = CARTESIAN_POINT('',(0.,0.353553390593));
#134 = VECTOR('',#135,1.);
#135 = DIRECTION('',(1.,0.));
#136 = ( GEOMETRIC_REPRESENTATION_CONTEXT(2) 
PARAMETRIC_REPRESENTATION_CONTEXT() REPRESENTATION_CONTEXT('2D SPACE',''
  ) );
#137 = ADVANCED_FACE('',(#138),#44,.T.);
#138 = FACE_BOUND('',#139,.T.);
#139 = EDGE_LOOP('',(#140,#141,#165,#193));
#140 = ORIENTED_EDGE('',*,*,#21,.F.);
#141 = ORIENTED_EDGE('',*,*,#142,.T.);
#142 = EDGE_CURVE('',#22,#143,#145,.T.);
#143 = VERTEX_POINT('',#144);
#144 = CARTESIAN_POINT('',(-165.46,-62.62,0.));
#145 = SURFACE_CURVE('',#146,(#151,#158),.PCURVE_S1.);
#146 = CIRCLE('',#147,4.);
#147 = AXIS2_PLACEMENT_3D('',#148,#149,#150);
#148 = CARTESIAN_POINT('',(-165.46,-58.62,0.));
#149 = DIRECTION('',(0.,0.,1.));
#150 = DIRECTION('',(0.,-1.,0.));
#151 = PCURVE('',#44,#152);
#152 = DEFINITIONAL_REPRESENTATION('',(#153),#157);
#153 = LINE('',#154,#155);
#154 = CARTESIAN_POINT('',(-4.712388980385,0.));
#155 = VECTOR('',#156,1.);
#156 = DIRECTION('',(1.,0.));
#157 = ( GEOMETRIC_REPRESENTATION_CONTEXT(2) 
PARAMETRIC_REPRESENTATION_CONTEXT() REPRESENTATION_CONTEXT('2D SPACE',''
  ) );
#158 = PCURVE('',#72,#159);
#159 = DEFINITIONAL_REPRESENTATION('',(#160),#164);
#160 = CIRCLE('',#161,4.);
#161 = AXIS2_PLACEMENT_2D('',#162,#163);
#162 = CARTESIAN_POINT('',(4.,4.));
#163 = DIRECTION('',(0.,-1.));
#164 = ( GEOMETRIC_REPRESENTATION_CONTEXT(2) 
PARAMETRIC_REPRESENTATION_CONTEXT() REPRESENTATION_CONTEXT('2D SPACE',''
  ) );
#165 = ORIENTED_EDGE('',*,*,#166,.T.);
#166 = EDGE_CURVE('',#143,#167,#169,.T.);
#167 = VERTEX_POINT('',#168);
#168 = CARTESIAN_POINT('',(-165.46,-62.62,5.));
#169 = SURFACE_CURVE('',#170,(#174,#181),.PCURVE_S1.);
#170 = LINE('',#171,#172);
#171 = CARTESIAN_POINT('',(-165.46,-62.62,0.));
#172 = VECTOR('',#173,1.);
#173 = DIRECTION('',(0.,0.,1.));
#174 = PCURVE('',#44,#175);
#175 = DEFINITIONAL_REPRESENTATION('',(#176),#180);
#176 = LINE('',#177,#178);
#177 = CARTESIAN_POINT('',(1.570796326795,0.));
#178 = VECTOR('',#179,1.);
#179 = DIRECTION('',(0.,1.));
#180 = ( GEOMETRIC_REPRESENTATION_CONTEXT(2) 
PARAMETRIC_REPRESENTATION_CONTEXT() REPRESENTATION_CONTEXT('2D SPACE',''
  ) );
#181 = PCURVE('',#182,#187);
#182 = PLANE('',#183);
#183 = AXIS2_PLACEMENT_3D('',#184,#185,#186);
#184 = CARTESIAN_POINT('',(-169.46,-62.62,0.));
#185 = DIRECTION('',(0.,1.,0.));
#186 = DIRECTION('',(0.,0.,1.));
#187 = DEFINITIONAL_REPRESENTATION('',(#188),#192);
#188 = LINE('',#189,#190);
#189 = CARTESIAN_POINT('',(0.,4.));
#190 = VECTOR('',#191,1.);
#191 = DIRECTION('',(1.,0.));
#192 = ( GEOMETRIC_REPRESENTATION_CONTEXT(2) 
PARAMETRIC_REPRESENTATION_CONTEXT() REPRESENTATION_CONTEXT('2D SPACE',''
  ) );
#193 = ORIENTED_EDGE('',*,*,#194,.F.);
#194 = EDGE_CURVE('',#24,#167,#195,.T.);
#195 = SURFACE_CURVE('',#196,(#201,#208),.PCURVE_S1.);
#196 = CIRCLE('',#197,4.);
#197 = AXIS2_PLACEMENT_3D('',#198,#199,#200);
#198 = CARTESIAN_POINT('',(-165.46,-58.62,5.));
#199 = DIRECTION('',(0.,0.,1.));
#200 = DIRECTION('',(-1.,0.,0.));
#201 = PCURVE('',#44,#202);
#202 = DEFINITIONAL_REPRESENTATION('',(#203),#207);
#203 = LINE('',#204,#205);
#204 = CARTESIAN_POINT('',(0.,5.));
#205 = VECTOR('',#206,1.);
#206 = DIRECTION('',(1.,0.));
#207 = ( GEOMETRIC_REPRESENTATION_CONTEXT(2) 
PARAMETRIC_REPRESENTATION_CONTEXT() REPRESENTATION_CONTEXT('2D SPACE',''
  ) );
#208 = PCURVE('',#209,#214);
#209 = CONICAL_SURFACE('',#210,4.,0.785398163397);
#210 = AXIS2_PLACEMENT_3D('',#211,#212,#213);
#211 = CARTESIAN_POINT('',(-165.46,-58.62,5.));
#212 = DIRECTION('',(-0.,-0.,-1.));
#213 = DIRECTION('',(-1.,0.,0.));
#214 = DEFINITIONAL_REPRESENTATION('',(#215),#219);
#215 = LINE('',#216,#217);
#216 = CARTESIAN_POINT('',(-0.,0.));
#217 = VECTOR('',#218,1.);
#218 = DIRECTION('',(-1.,0.));
#219 = ( GEOMETRIC_REPRESENTATION_CONTEXT(2) 
PARAMETRIC_REPRESENTATION_CONTEXT() REPRESENTATION_CONTEXT('2D SPACE',''
  ) );
#220 = ADVANCED_FACE('',(#221),#126,.F.);
#221 = FACE_BOUND('',#222,.F.);
#222 = EDGE_LOOP('',(#223,#249,#277,#296));
#223 = ORIENTED_EDGE('',*,*,#224,.F.);
#224 = EDGE_CURVE('',#225,#85,#227,.T.);
#225 = VERTEX_POINT('',#226);
#226 = CARTESIAN_POINT('',(-168.96,58.62,5.5));
#227 = SURFACE_CURVE('',#228,(#232,#238),.PCURVE_S1.);
#228 = LINE('',#229,#230);
#229 = CARTESIAN_POINT('',(-169.46,58.62,5.));
#230 = VECTOR('',#231,1.);
#231 = DIRECTION('',(-0.707106781187,4.329780281177E-17,-0.707106781187)
  );
#232 = PCURVE('',#126,#233);
#233 = DEFINITIONAL_REPRESENTATION('',(#234),#237);
#234 = B_SPLINE_CURVE_WITH_KNOTS('',1,(#235,#236),.UNSPECIFIED.,.F.,.F.,
  (2,2),(-0.707106781187,0.),.PIECEWISE_BEZIER_KNOTS.);
#235 = CARTESIAN_POINT('',(0.,-0.353553390593));
#236 = CARTESIAN_POINT('',(0.,0.353553390593));
#237 = ( GEOMETRIC_REPRESENTATION_CONTEXT(2) 
PARAMETRIC_REPRESENTATION_CONTEXT() REPRESENTATION_CONTEXT('2D SPACE',''
  ) );
#238 = PCURVE('',#239,#244);
#239 = CONICAL_SURFACE('',#240,4.,0.785398163397);
#240 = AXIS2_PLACEMENT_3D('',#241,#242,#243);
#241 = CARTESIAN_POINT('',(-165.46,58.62,5.));
#242 = DIRECTION('',(-0.,-0.,-1.));
#243 = DIRECTION('',(0.,1.,-0.));
#244 = DEFINITIONAL_REPRESENTATION('',(#245),#248);
#245 = B_SPLINE_CURVE_WITH_KNOTS('',1,(#246,#247),.UNSPECIFIED.,.F.,.F.,
  (2,2),(-0.707106781187,0.),.PIECEWISE_BEZIER_KNOTS.);
#246 = CARTESIAN_POINT('',(-1.570796326795,-0.5));
#247 = CARTESIAN_POINT('',(-1.570796326795,0.));
#248 = ( GEOMETRIC_REPRESENTATION_CONTEXT(2) 
PARAMETRIC_REPRESENTATION_CONTEXT() REPRESENTATION_CONTEXT('2D SPACE',''
  ) );
#249 = ORIENTED_EDGE('',*,*,#250,.T.);
#250 = EDGE_CURVE('',#225,#251,#253,.T.);
#251 = VERTEX_POINT('',#252);
#252 = CARTESIAN_POINT('',(-168.96,-58.62,5.5));
#253 = SURFACE_CURVE('',#254,(#258,#265),.PCURVE_S1.);
#254 = LINE('',#255,#256);
#255 = CARTESIAN_POINT('',(-168.96,58.62,5.5));
#256 = VECTOR('',#257,1.);
#257 = DIRECTION('',(-0.,-1.,-0.));
#258 = PCURVE('',#126,#259);
#259 = DEFINITIONAL_REPRESENTATION('',(#260),#264);
#260 = LINE('',#261,#262);
#261 = CARTESIAN_POINT('',(0.,-0.353553390593));
#262 = VECTOR('',#263,1.);
#263 = DIRECTION('',(1.,0.));
#264 = ( GEOMETRIC_REPRESENTATION_CONTEXT(2) 
PARAMETRIC_REPRESENTATION_CONTEXT() REPRESENTATION_CONTEXT('2D SPACE',''
  ) );
#265 = PCURVE('',#266,#271);
#266 = PLANE('',#267);
#267 = AXIS2_PLACEMENT_3D('',#268,#269,#270);
#268 = CARTESIAN_POINT('',(-169.46,-62.62,5.5));
#269 = DIRECTION('',(0.,0.,1.));
#270 = DIRECTION('',(1.,0.,0.));
#271 = DEFINITIONAL_REPRESENTATION('',(#272),#276);
#272 = LINE('',#273,#274);
#273 = CARTESIAN_POINT('',(0.5,121.24));
#274 = VECTOR('',#275,1.);
#275 = DIRECTION('',(-0.,-1.));
#276 = ( GEOMETRIC_REPRESENTATION_CONTEXT(2) 
PARAMETRIC_REPRESENTATION_CONTEXT() REPRESENTATION_CONTEXT('2D SPACE',''
  ) );
#277 = ORIENTED_EDGE('',*,*,#278,.T.);
#278 = EDGE_CURVE('',#251,#24,#279,.T.);
#279 = SURFACE_CURVE('',#280,(#284,#290),.PCURVE_S1.);
#280 = LINE('',#281,#282);
#281 = CARTESIAN_POINT('',(-169.46,-58.62,5.));
#282 = VECTOR('',#283,1.);
#283 = DIRECTION('',(-0.707106781187,0.,-0.707106781187));
#284 = PCURVE('',#126,#285);
#285 = DEFINITIONAL_REPRESENTATION('',(#286),#289);
#286 = B_SPLINE_CURVE_WITH_KNOTS('',1,(#287,#288),.UNSPECIFIED.,.F.,.F.,
  (2,2),(-0.707106781187,0.),.PIECEWISE_BEZIER_KNOTS.);
#287 = CARTESIAN_POINT('',(117.24,-0.353553390593));
#288 = CARTESIAN_POINT('',(117.24,0.353553390593));
#289 = ( GEOMETRIC_REPRESENTATION_CONTEXT(2) 
PARAMETRIC_REPRESENTATION_CONTEXT() REPRESENTATION_CONTEXT('2D SPACE',''
  ) );
#290 = PCURVE('',#209,#291);
#291 = DEFINITIONAL_REPRESENTATION('',(#292),#295);
#292 = B_SPLINE_CURVE_WITH_KNOTS('',1,(#293,#294),.UNSPECIFIED.,.F.,.F.,
  (2,2),(-0.707106781187,0.),.PIECEWISE_BEZIER_KNOTS.);
#293 = CARTESIAN_POINT('',(0.,-0.5));
#294 = CARTESIAN_POINT('',(0.,0.));
#295 = ( GEOMETRIC_REPRESENTATION_CONTEXT(2) 
PARAMETRIC_REPRESENTATION_CONTEXT() REPRESENTATION_CONTEXT('2D SPACE',''
  ) );
#296 = ORIENTED_EDGE('',*,*,#112,.F.);
#297 = ADVANCED_FACE('',(#298,#469),#72,.F.);
#298 = FACE_BOUND('',#299,.F.);
#299 = EDGE_LOOP('',(#300,#301,#302,#325,#358,#386,#415,#443));
#300 = ORIENTED_EDGE('',*,*,#56,.F.);
#301 = ORIENTED_EDGE('',*,*,#142,.T.);
#302 = ORIENTED_EDGE('',*,*,#303,.T.);
#303 = EDGE_CURVE('',#143,#304,#306,.T.);
#304 = VERTEX_POINT('',#305);
#305 = CARTESIAN_POINT('',(165.46,-62.62,0.));
#306 = SURFACE_CURVE('',#307,(#311,#318),.PCURVE_S1.);
#307 = LINE('',#308,#309);
#308 = CARTESIAN_POINT('',(-169.46,-62.62,0.));
#309 = VECTOR('',#310,1.);
#310 = DIRECTION('',(1.,0.,0.));
#311 = PCURVE('',#72,#312);
#312 = DEFINITIONAL_REPRESENTATION('',(#313),#317);
#313 = LINE('',#314,#315);
#314 = CARTESIAN_POINT('',(0.,0.));
#315 = VECTOR('',#316,1.);
#316 = DIRECTION('',(1.,0.));
#317 = ( GEOMETRIC_REPRESENTATION_CONTEXT(2) 
PARAMETRIC_REPRESENTATION_CONTEXT() REPRESENTATION_CONTEXT('2D SPACE',''
  ) );
#318 = PCURVE('',#182,#319);
#319 = DEFINITIONAL_REPRESENTATION('',(#320),#324);
#320 = LINE('',#321,#322);
#321 = CARTESIAN_POINT('',(0.,0.));
#322 = VECTOR('',#323,1.);
#323 = DIRECTION('',(0.,1.));
#324 = ( GEOMETRIC_REPRESENTATION_CONTEXT(2) 
PARAMETRIC_REPRESENTATION_CONTEXT() REPRESENTATION_CONTEXT('2D SPACE',''
  ) );
#325 = ORIENTED_EDGE('',*,*,#326,.F.);
#326 = EDGE_CURVE('',#327,#304,#329,.T.);
#327 = VERTEX_POINT('',#328);
#328 = CARTESIAN_POINT('',(169.46,-58.62,0.));
#329 = SURFACE_CURVE('',#330,(#335,#346),.PCURVE_S1.);
#330 = CIRCLE('',#331,4.);
#331 = AXIS2_PLACEMENT_3D('',#332,#333,#334);
#332 = CARTESIAN_POINT('',(165.46,-58.62,0.));
#333 = DIRECTION('',(-0.,-0.,-1.));
#334 = DIRECTION('',(0.,-1.,0.));
#335 = PCURVE('',#72,#336);
#336 = DEFINITIONAL_REPRESENTATION('',(#337),#345);
#337 = ( BOUNDED_CURVE() B_SPLINE_CURVE(2,(#338,#339,#340,#341,#342,#343
,#344),.UNSPECIFIED.,.T.,.F.) B_SPLINE_CURVE_WITH_KNOTS((1,2,2,2,2,1),(
    -2.094395102393,0.,2.094395102393,4.188790204786,6.28318530718,
8.377580409573),.UNSPECIFIED.) CURVE() GEOMETRIC_REPRESENTATION_ITEM() 
RATIONAL_B_SPLINE_CURVE((1.,0.5,1.,0.5,1.,0.5,1.)) REPRESENTATION_ITEM(
  '') );
#338 = CARTESIAN_POINT('',(334.92,0.));
#339 = CARTESIAN_POINT('',(327.99179676972,0.));
#340 = CARTESIAN_POINT('',(331.45589838486,6.));
#341 = CARTESIAN_POINT('',(334.92,12.));
#342 = CARTESIAN_POINT('',(338.38410161513,6.));
#343 = CARTESIAN_POINT('',(341.84820323027,6.217248937901E-15));
#344 = CARTESIAN_POINT('',(334.92,0.));
#345 = ( GEOMETRIC_REPRESENTATION_CONTEXT(2) 
PARAMETRIC_REPRESENTATION_CONTEXT() REPRESENTATION_CONTEXT('2D SPACE',''
  ) );
#346 = PCURVE('',#347,#352);
#347 = CYLINDRICAL_SURFACE('',#348,4.);
#348 = AXIS2_PLACEMENT_3D('',#349,#350,#351);
#349 = CARTESIAN_POINT('',(165.46,-58.62,0.));
#350 = DIRECTION('',(0.,0.,1.));
#351 = DIRECTION('',(1.,0.,-0.));
#352 = DEFINITIONAL_REPRESENTATION('',(#353),#357);
#353 = LINE('',#354,#355);
#354 = CARTESIAN_POINT('',(4.712388980385,-0.));
#355 = VECTOR('',#356,1.);
#356 = DIRECTION('',(-1.,0.));
#357 = ( GEOMETRIC_REPRESENTATION_CONTEXT(2) 
PARAMETRIC_REPRESENTATION_CONTEXT() REPRESENTATION_CONTEXT('2D SPACE',''
  ) );
#358 = ORIENTED_EDGE('',*,*,#359,.T.);
#359 = EDGE_CURVE('',#327,#360,#362,.T.);
#360 = VERTEX_POINT('',#361);
#361 = CARTESIAN_POINT('',(169.46,58.62,0.));
#362 = SURFACE_CURVE('',#363,(#367,#374),.PCURVE_S1.);
#363 = LINE('',#364,#365);
#364 = CARTESIAN_POINT('',(169.46,-62.62,0.));
#365 = VECTOR('',#366,1.);
#366 = DIRECTION('',(0.,1.,0.));
#367 = PCURVE('',#72,#368);
#368 = DEFINITIONAL_REPRESENTATION('',(#369),#373);
#369 = LINE('',#370,#371);
#370 = CARTESIAN_POINT('',(338.92,0.));
#371 = VECTOR('',#372,1.);
#372 = DIRECTION('',(0.,1.));
#373 = ( GEOMETRIC_REPRESENTATION_CONTEXT(2) 
PARAMETRIC_REPRESENTATION_CONTEXT() REPRESENTATION_CONTEXT('2D SPACE',''
  ) );
#374 = PCURVE('',#375,#380);
#375 = PLANE('',#376);
#376 = AXIS2_PLACEMENT_3D('',#377,#378,#379);
#377 = CARTESIAN_POINT('',(169.46,-62.62,0.));
#378 = DIRECTION('',(1.,0.,0.));
#379 = DIRECTION('',(0.,0.,1.));
#380 = DEFINITIONAL_REPRESENTATION('',(#381),#385);
#381 = LINE('',#382,#383);
#382 = CARTESIAN_POINT('',(0.,0.));
#383 = VECTOR('',#384,1.);
#384 = DIRECTION('',(0.,-1.));
#385 = ( GEOMETRIC_REPRESENTATION_CONTEXT(2) 
PARAMETRIC_REPRESENTATION_CONTEXT() REPRESENTATION_CONTEXT('2D SPACE',''
  ) );
#386 = ORIENTED_EDGE('',*,*,#387,.T.);
#387 = EDGE_CURVE('',#360,#388,#390,.T.);
#388 = VERTEX_POINT('',#389);
#389 = CARTESIAN_POINT('',(165.46,62.62,0.));
#390 = SURFACE_CURVE('',#391,(#396,#403),.PCURVE_S1.);
#391 = CIRCLE('',#392,4.);
#392 = AXIS2_PLACEMENT_3D('',#393,#394,#395);
#393 = CARTESIAN_POINT('',(165.46,58.62,0.));
#394 = DIRECTION('',(0.,0.,1.));
#395 = DIRECTION('',(0.,-1.,0.));
#396 = PCURVE('',#72,#397);
#397 = DEFINITIONAL_REPRESENTATION('',(#398),#402);
#398 = CIRCLE('',#399,4.);
#399 = AXIS2_PLACEMENT_2D('',#400,#401);
#400 = CARTESIAN_POINT('',(334.92,121.24));
#401 = DIRECTION('',(0.,-1.));
#402 = ( GEOMETRIC_REPRESENTATION_CONTEXT(2) 
PARAMETRIC_REPRESENTATION_CONTEXT() REPRESENTATION_CONTEXT('2D SPACE',''
  ) );
#403 = PCURVE('',#404,#409);
#404 = CYLINDRICAL_SURFACE('',#405,4.);
#405 = AXIS2_PLACEMENT_3D('',#406,#407,#408);
#406 = CARTESIAN_POINT('',(165.46,58.62,0.));
#407 = DIRECTION('',(0.,0.,1.));
#408 = DIRECTION('',(1.,0.,-0.));
#409 = DEFINITIONAL_REPRESENTATION('',(#410),#414);
#410 = LINE('',#411,#412);
#411 = CARTESIAN_POINT('',(-1.570796326795,0.));
#412 = VECTOR('',#413,1.);
#413 = DIRECTION('',(1.,0.));
#414 = ( GEOMETRIC_REPRESENTATION_CONTEXT(2) 
PARAMETRIC_REPRESENTATION_CONTEXT() REPRESENTATION_CONTEXT('2D SPACE',''
  ) );
#415 = ORIENTED_EDGE('',*,*,#416,.F.);
#416 = EDGE_CURVE('',#417,#388,#419,.T.);
#417 = VERTEX_POINT('',#418);
#418 = CARTESIAN_POINT('',(-165.46,62.62,0.));
#419 = SURFACE_CURVE('',#420,(#424,#431),.PCURVE_S1.);
#420 = LINE('',#421,#422);
#421 = CARTESIAN_POINT('',(-169.46,62.62,0.));
#422 = VECTOR('',#423,1.);
#423 = DIRECTION('',(1.,0.,0.));
#424 = PCURVE('',#72,#425);
#425 = DEFINITIONAL_REPRESENTATION('',(#426),#430);
#426 = LINE('',#427,#428);
#427 = CARTESIAN_POINT('',(0.,125.24));
#428 = VECTOR('',#429,1.);
#429 = DIRECTION('',(1.,0.));
#430 = ( GEOMETRIC_REPRESENTATION_CONTEXT(2) 
PARAMETRIC_REPRESENTATION_CONTEXT() REPRESENTATION_CONTEXT('2D SPACE',''
  ) );
#431 = PCURVE('',#432,#437);
#432 = PLANE('',#433);
#433 = AXIS2_PLACEMENT_3D('',#434,#435,#436);
#434 = CARTESIAN_POINT('',(-169.46,62.62,0.));
#435 = DIRECTION('',(0.,1.,0.));
#436 = DIRECTION('',(0.,0.,1.));
#437 = DEFINITIONAL_REPRESENTATION('',(#438),#442);
#438 = LINE('',#439,#440);
#439 = CARTESIAN_POINT('',(0.,0.));
#440 = VECTOR('',#441,1.);
#441 = DIRECTION('',(0.,1.));
#442 = ( GEOMETRIC_REPRESENTATION_CONTEXT(2) 
PARAMETRIC_REPRESENTATION_CONTEXT() REPRESENTATION_CONTEXT('2D SPACE',''
  ) );
#443 = ORIENTED_EDGE('',*,*,#444,.F.);
#444 = EDGE_CURVE('',#57,#417,#445,.T.);
#445 = SURFACE_CURVE('',#446,(#451,#462),.PCURVE_S1.);
#446 = CIRCLE('',#447,4.);
#447 = AXIS2_PLACEMENT_3D('',#448,#449,#450);
#448 = CARTESIAN_POINT('',(-165.46,58.62,0.));
#449 = DIRECTION('',(-0.,-0.,-1.));
#450 = DIRECTION('',(0.,-1.,0.));
#451 = PCURVE('',#72,#452);
#452 = DEFINITIONAL_REPRESENTATION('',(#453),#461);
#453 = ( BOUNDED_CURVE() B_SPLINE_CURVE(2,(#454,#455,#456,#457,#458,#459
,#460),.UNSPECIFIED.,.T.,.F.) B_SPLINE_CURVE_WITH_KNOTS((1,2,2,2,2,1),(
    -2.094395102393,0.,2.094395102393,4.188790204786,6.28318530718,
8.377580409573),.UNSPECIFIED.) CURVE() GEOMETRIC_REPRESENTATION_ITEM() 
RATIONAL_B_SPLINE_CURVE((1.,0.5,1.,0.5,1.,0.5,1.)) REPRESENTATION_ITEM(
  '') );
#454 = CARTESIAN_POINT('',(4.,117.24));
#455 = CARTESIAN_POINT('',(-2.928203230276,117.24));
#456 = CARTESIAN_POINT('',(0.535898384862,123.24));
#457 = CARTESIAN_POINT('',(4.,129.24));
#458 = CARTESIAN_POINT('',(7.464101615138,123.24));
#459 = CARTESIAN_POINT('',(10.928203230276,117.24));
#460 = CARTESIAN_POINT('',(4.,117.24));
#461 = ( GEOMETRIC_REPRESENTATION_CONTEXT(2) 
PARAMETRIC_REPRESENTATION_CONTEXT() REPRESENTATION_CONTEXT('2D SPACE',''
  ) );
#462 = PCURVE('',#100,#463);
#463 = DEFINITIONAL_REPRESENTATION('',(#464),#468);
#464 = LINE('',#465,#466);
#465 = CARTESIAN_POINT('',(1.570796326795,-0.));
#466 = VECTOR('',#467,1.);
#467 = DIRECTION('',(-1.,0.));
#468 = ( GEOMETRIC_REPRESENTATION_CONTEXT(2) 
PARAMETRIC_REPRESENTATION_CONTEXT() REPRESENTATION_CONTEXT('2D SPACE',''
  ) );
#469 = FACE_BOUND('',#470,.F.);
#470 = EDGE_LOOP('',(#471,#502,#530,#563,#591,#620,#648,#681));
#471 = ORIENTED_EDGE('',*,*,#472,.F.);
#472 = EDGE_CURVE('',#473,#475,#477,.T.);
#473 = VERTEX_POINT('',#474);
#474 = CARTESIAN_POINT('',(-165.26,-57.92,0.));
#475 = VERTEX_POINT('',#476);
#476 = CARTESIAN_POINT('',(-164.76,-58.42,0.));
#477 = SURFACE_CURVE('',#478,(#483,#490),.PCURVE_S1.);
#478 = CIRCLE('',#479,0.5);
#479 = AXIS2_PLACEMENT_3D('',#480,#481,#482);
#480 = CARTESIAN_POINT('',(-164.76,-57.92,0.));
#481 = DIRECTION('',(0.,0.,1.));
#482 = DIRECTION('',(0.,-1.,0.));
#483 = PCURVE('',#72,#484);
#484 = DEFINITIONAL_REPRESENTATION('',(#485),#489);
#485 = CIRCLE('',#486,0.5);
#486 = AXIS2_PLACEMENT_2D('',#487,#488);
#487 = CARTESIAN_POINT('',(4.7,4.7));
#488 = DIRECTION('',(0.,-1.));
#489 = ( GEOMETRIC_REPRESENTATION_CONTEXT(2) 
PARAMETRIC_REPRESENTATION_CONTEXT() REPRESENTATION_CONTEXT('2D SPACE',''
  ) );
#490 = PCURVE('',#491,#496);
#491 = CYLINDRICAL_SURFACE('',#492,0.5);
#492 = AXIS2_PLACEMENT_3D('',#493,#494,#495);
#493 = CARTESIAN_POINT('',(-164.76,-57.92,-2.));
#494 = DIRECTION('',(0.,0.,1.));
#495 = DIRECTION('',(-1.,-0.,0.));
#496 = DEFINITIONAL_REPRESENTATION('',(#497),#501);
#497 = LINE('',#498,#499);
#498 = CARTESIAN_POINT('',(-4.712388980385,2.));
#499 = VECTOR('',#500,1.);
#500 = DIRECTION('',(1.,0.));
#501 = ( GEOMETRIC_REPRESENTATION_CONTEXT(2) 
PARAMETRIC_REPRESENTATION_CONTEXT() REPRESENTATION_CONTEXT('2D SPACE',''
  ) );
#502 = ORIENTED_EDGE('',*,*,#503,.T.);
#503 = EDGE_CURVE('',#473,#504,#506,.T.);
#504 = VERTEX_POINT('',#505);
#505 = CARTESIAN_POINT('',(-165.26,57.92,0.));
#506 = SURFACE_CURVE('',#507,(#511,#518),.PCURVE_S1.);
#507 = LINE('',#508,#509);
#508 = CARTESIAN_POINT('',(-165.26,-58.42,0.));
#509 = VECTOR('',#510,1.);
#510 = DIRECTION('',(0.,1.,0.));
#511 = PCURVE('',#72,#512);
#512 = DEFINITIONAL_REPRESENTATION('',(#513),#517);
#513 = LINE('',#514,#515);
#514 = CARTESIAN_POINT('',(4.2,4.2));
#515 = VECTOR('',#516,1.);
#516 = DIRECTION('',(0.,1.));
#517 = ( GEOMETRIC_REPRESENTATION_CONTEXT(2) 
PARAMETRIC_REPRESENTATION_CONTEXT() REPRESENTATION_CONTEXT('2D SPACE',''
  ) );
#518 = PCURVE('',#519,#524);
#519 = PLANE('',#520);
#520 = AXIS2_PLACEMENT_3D('',#521,#522,#523);
#521 = CARTESIAN_POINT('',(-165.26,-58.42,-2.));
#522 = DIRECTION('',(1.,0.,0.));
#523 = DIRECTION('',(0.,0.,1.));
#524 = DEFINITIONAL_REPRESENTATION('',(#525),#529);
#525 = LINE('',#526,#527);
#526 = CARTESIAN_POINT('',(2.,0.));
#527 = VECTOR('',#528,1.);
#528 = DIRECTION('',(0.,-1.));
#529 = ( GEOMETRIC_REPRESENTATION_CONTEXT(2) 
PARAMETRIC_REPRESENTATION_CONTEXT() REPRESENTATION_CONTEXT('2D SPACE',''
  ) );
#530 = ORIENTED_EDGE('',*,*,#531,.T.);
#531 = EDGE_CURVE('',#504,#532,#534,.T.);
#532 = VERTEX_POINT('',#533);
#533 = CARTESIAN_POINT('',(-164.76,58.42,0.));
#534 = SURFACE_CURVE('',#535,(#540,#551),.PCURVE_S1.);
#535 = CIRCLE('',#536,0.5);
#536 = AXIS2_PLACEMENT_3D('',#537,#538,#539);
#537 = CARTESIAN_POINT('',(-164.76,57.92,0.));
#538 = DIRECTION('',(-0.,-0.,-1.));
#539 = DIRECTION('',(0.,-1.,0.));
#540 = PCURVE('',#72,#541);
#541 = DEFINITIONAL_REPRESENTATION('',(#542),#550);
#542 = ( BOUNDED_CURVE() B_SPLINE_CURVE(2,(#543,#544,#545,#546,#547,#548
,#549),.UNSPECIFIED.,.T.,.F.) B_SPLINE_CURVE_WITH_KNOTS((1,2,2,2,2,1),(
    -2.094395102393,0.,2.094395102393,4.188790204786,6.28318530718,
8.377580409573),.UNSPECIFIED.) CURVE() GEOMETRIC_REPRESENTATION_ITEM() 
RATIONAL_B_SPLINE_CURVE((1.,0.5,1.,0.5,1.,0.5,1.)) REPRESENTATION_ITEM(
  '') );
#543 = CARTESIAN_POINT('',(4.7,120.04));
#544 = CARTESIAN_POINT('',(3.833974596216,120.04));
#545 = CARTESIAN_POINT('',(4.266987298108,120.79));
#546 = CARTESIAN_POINT('',(4.7,121.54));
#547 = CARTESIAN_POINT('',(5.133012701892,120.79));
#548 = CARTESIAN_POINT('',(5.566025403784,120.04));
#549 = CARTESIAN_POINT('',(4.7,120.04));
#550 = ( GEOMETRIC_REPRESENTATION_CONTEXT(2) 
PARAMETRIC_REPRESENTATION_CONTEXT() REPRESENTATION_CONTEXT('2D SPACE',''
  ) );
#551 = PCURVE('',#552,#557);
#552 = CYLINDRICAL_SURFACE('',#553,0.5);
#553 = AXIS2_PLACEMENT_3D('',#554,#555,#556);
#554 = CARTESIAN_POINT('',(-164.76,57.92,-2.));
#555 = DIRECTION('',(0.,0.,1.));
#556 = DIRECTION('',(-1.,-0.,0.));
#557 = DEFINITIONAL_REPRESENTATION('',(#558),#562);
#558 = LINE('',#559,#560);
#559 = CARTESIAN_POINT('',(1.570796326795,2.));
#560 = VECTOR('',#561,1.);
#561 = DIRECTION('',(-1.,0.));
#562 = ( GEOMETRIC_REPRESENTATION_CONTEXT(2) 
PARAMETRIC_REPRESENTATION_CONTEXT() REPRESENTATION_CONTEXT('2D SPACE',''
  ) );
#563 = ORIENTED_EDGE('',*,*,#564,.T.);
#564 = EDGE_CURVE('',#532,#565,#567,.T.);
#565 = VERTEX_POINT('',#566);
#566 = CARTESIAN_POINT('',(164.76,58.42,0.));
#567 = SURFACE_CURVE('',#568,(#572,#579),.PCURVE_S1.);
#568 = LINE('',#569,#570);
#569 = CARTESIAN_POINT('',(-165.26,58.42,0.));
#570 = VECTOR('',#571,1.);
#571 = DIRECTION('',(1.,0.,0.));
#572 = PCURVE('',#72,#573);
#573 = DEFINITIONAL_REPRESENTATION('',(#574),#578);
#574 = LINE('',#575,#576);
#575 = CARTESIAN_POINT('',(4.2,121.04));
#576 = VECTOR('',#577,1.);
#577 = DIRECTION('',(1.,0.));
#578 = ( GEOMETRIC_REPRESENTATION_CONTEXT(2) 
PARAMETRIC_REPRESENTATION_CONTEXT() REPRESENTATION_CONTEXT('2D SPACE',''
  ) );
#579 = PCURVE('',#580,#585);
#580 = PLANE('',#581);
#581 = AXIS2_PLACEMENT_3D('',#582,#583,#584);
#582 = CARTESIAN_POINT('',(-165.26,58.42,-2.));
#583 = DIRECTION('',(0.,1.,0.));
#584 = DIRECTION('',(0.,0.,1.));
#585 = DEFINITIONAL_REPRESENTATION('',(#586),#590);
#586 = LINE('',#587,#588);
#587 = CARTESIAN_POINT('',(2.,0.));
#588 = VECTOR('',#589,1.);
#589 = DIRECTION('',(0.,1.));
#590 = ( GEOMETRIC_REPRESENTATION_CONTEXT(2) 
PARAMETRIC_REPRESENTATION_CONTEXT() REPRESENTATION_CONTEXT('2D SPACE',''
  ) );
#591 = ORIENTED_EDGE('',*,*,#592,.F.);
#592 = EDGE_CURVE('',#593,#565,#595,.T.);
#593 = VERTEX_POINT('',#594);
#594 = CARTESIAN_POINT('',(165.26,57.92,0.));
#595 = SURFACE_CURVE('',#596,(#601,#608),.PCURVE_S1.);
#596 = CIRCLE('',#597,0.5);
#597 = AXIS2_PLACEMENT_3D('',#598,#599,#600);
#598 = CARTESIAN_POINT('',(164.76,57.92,0.));
#599 = DIRECTION('',(0.,0.,1.));
#600 = DIRECTION('',(0.,-1.,0.));
#601 = PCURVE('',#72,#602);
#602 = DEFINITIONAL_REPRESENTATION('',(#603),#607);
#603 = CIRCLE('',#604,0.5);
#604 = AXIS2_PLACEMENT_2D('',#605,#606);
#605 = CARTESIAN_POINT('',(334.22,120.54));
#606 = DIRECTION('',(0.,-1.));
#607 = ( GEOMETRIC_REPRESENTATION_CONTEXT(2) 
PARAMETRIC_REPRESENTATION_CONTEXT() REPRESENTATION_CONTEXT('2D SPACE',''
  ) );
#608 = PCURVE('',#609,#614);
#609 = CYLINDRICAL_SURFACE('',#610,0.5);
#610 = AXIS2_PLACEMENT_3D('',#611,#612,#613);
#611 = CARTESIAN_POINT('',(164.76,57.92,-2.));
#612 = DIRECTION('',(0.,0.,1.));
#613 = DIRECTION('',(1.,0.,-0.));
#614 = DEFINITIONAL_REPRESENTATION('',(#615),#619);
#615 = LINE('',#616,#617);
#616 = CARTESIAN_POINT('',(-1.570796326795,2.));
#617 = VECTOR('',#618,1.);
#618 = DIRECTION('',(1.,0.));
#619 = ( GEOMETRIC_REPRESENTATION_CONTEXT(2) 
PARAMETRIC_REPRESENTATION_CONTEXT() REPRESENTATION_CONTEXT('2D SPACE',''
  ) );
#620 = ORIENTED_EDGE('',*,*,#621,.F.);
#621 = EDGE_CURVE('',#622,#593,#624,.T.);
#622 = VERTEX_POINT('',#623);
#623 = CARTESIAN_POINT('',(165.26,-57.92,0.));
#624 = SURFACE_CURVE('',#625,(#629,#636),.PCURVE_S1.);
#625 = LINE('',#626,#627);
#626 = CARTESIAN_POINT('',(165.26,-58.42,0.));
#627 = VECTOR('',#628,1.);
#628 = DIRECTION('',(0.,1.,0.));
#629 = PCURVE('',#72,#630);
#630 = DEFINITIONAL_REPRESENTATION('',(#631),#635);
#631 = LINE('',#632,#633);
#632 = CARTESIAN_POINT('',(334.72,4.2));
#633 = VECTOR('',#634,1.);
#634 = DIRECTION('',(0.,1.));
#635 = ( GEOMETRIC_REPRESENTATION_CONTEXT(2) 
PARAMETRIC_REPRESENTATION_CONTEXT() REPRESENTATION_CONTEXT('2D SPACE',''
  ) );
#636 = PCURVE('',#637,#642);
#637 = PLANE('',#638);
#638 = AXIS2_PLACEMENT_3D('',#639,#640,#641);
#639 = CARTESIAN_POINT('',(165.26,-58.42,-2.));
#640 = DIRECTION('',(1.,0.,0.));
#641 = DIRECTION('',(0.,0.,1.));
#642 = DEFINITIONAL_REPRESENTATION('',(#643),#647);
#643 = LINE('',#644,#645);
#644 = CARTESIAN_POINT('',(2.,0.));
#645 = VECTOR('',#646,1.);
#646 = DIRECTION('',(0.,-1.));
#647 = ( GEOMETRIC_REPRESENTATION_CONTEXT(2) 
PARAMETRIC_REPRESENTATION_CONTEXT() REPRESENTATION_CONTEXT('2D SPACE',''
  ) );
#648 = ORIENTED_EDGE('',*,*,#649,.T.);
#649 = EDGE_CURVE('',#622,#650,#652,.T.);
#650 = VERTEX_POINT('',#651);
#651 = CARTESIAN_POINT('',(164.76,-58.42,0.));
#652 = SURFACE_CURVE('',#653,(#658,#669),.PCURVE_S1.);
#653 = CIRCLE('',#654,0.5);
#654 = AXIS2_PLACEMENT_3D('',#655,#656,#657);
#655 = CARTESIAN_POINT('',(164.76,-57.92,0.));
#656 = DIRECTION('',(-0.,-0.,-1.));
#657 = DIRECTION('',(0.,-1.,0.));
#658 = PCURVE('',#72,#659);
#659 = DEFINITIONAL_REPRESENTATION('',(#660),#668);
#660 = ( BOUNDED_CURVE() B_SPLINE_CURVE(2,(#661,#662,#663,#664,#665,#666
,#667),.UNSPECIFIED.,.T.,.F.) B_SPLINE_CURVE_WITH_KNOTS((1,2,2,2,2,1),(
    -2.094395102393,0.,2.094395102393,4.188790204786,6.28318530718,
8.377580409573),.UNSPECIFIED.) CURVE() GEOMETRIC_REPRESENTATION_ITEM() 
RATIONAL_B_SPLINE_CURVE((1.,0.5,1.,0.5,1.,0.5,1.)) REPRESENTATION_ITEM(
  '') );
#661 = CARTESIAN_POINT('',(334.22,4.2));
#662 = CARTESIAN_POINT('',(333.35397459621,4.2));
#663 = CARTESIAN_POINT('',(333.7869872981,4.95));
#664 = CARTESIAN_POINT('',(334.22,5.7));
#665 = CARTESIAN_POINT('',(334.65301270189,4.95));
#666 = CARTESIAN_POINT('',(335.08602540378,4.2));
#667 = CARTESIAN_POINT('',(334.22,4.2));
#668 = ( GEOMETRIC_REPRESENTATION_CONTEXT(2) 
PARAMETRIC_REPRESENTATION_CONTEXT() REPRESENTATION_CONTEXT('2D SPACE',''
  ) );
#669 = PCURVE('',#670,#675);
#670 = CYLINDRICAL_SURFACE('',#671,0.5);
#671 = AXIS2_PLACEMENT_3D('',#672,#673,#674);
#672 = CARTESIAN_POINT('',(164.76,-57.92,-2.));
#673 = DIRECTION('',(0.,0.,1.));
#674 = DIRECTION('',(1.,0.,-0.));
#675 = DEFINITIONAL_REPRESENTATION('',(#676),#680);
#676 = LINE('',#677,#678);
#677 = CARTESIAN_POINT('',(4.712388980385,2.));
#678 = VECTOR('',#679,1.);
#679 = DIRECTION('',(-1.,0.));
#680 = ( GEOMETRIC_REPRESENTATION_CONTEXT(2) 
PARAMETRIC_REPRESENTATION_CONTEXT() REPRESENTATION_CONTEXT('2D SPACE',''
  ) );
#681 = ORIENTED_EDGE('',*,*,#682,.F.);
#682 = EDGE_CURVE('',#475,#650,#683,.T.);
#683 = SURFACE_CURVE('',#684,(#688,#695),.PCURVE_S1.);
#684 = LINE('',#685,#686);
#685 = CARTESIAN_POINT('',(-165.26,-58.42,0.));
#686 = VECTOR('',#687,1.);
#687 = DIRECTION('',(1.,0.,0.));
#688 = PCURVE('',#72,#689);
#689 = DEFINITIONAL_REPRESENTATION('',(#690),#694);
#690 = LINE('',#691,#692);
#691 = CARTESIAN_POINT('',(4.2,4.2));
#692 = VECTOR('',#693,1.);
#693 = DIRECTION('',(1.,0.));
#694 = ( GEOMETRIC_REPRESENTATION_CONTEXT(2) 
PARAMETRIC_REPRESENTATION_CONTEXT() REPRESENTATION_CONTEXT('2D SPACE',''
  ) );
#695 = PCURVE('',#696,#701);
#696 = PLANE('',#697);
#697 = AXIS2_PLACEMENT_3D('',#698,#699,#700);
#698 = CARTESIAN_POINT('',(-165.26,-58.42,-2.));
#699 = DIRECTION('',(0.,1.,0.));
#700 = DIRECTION('',(0.,0.,1.));
#701 = DEFINITIONAL_REPRESENTATION('',(#702),#706);
#702 = LINE('',#703,#704);
#703 = CARTESIAN_POINT('',(2.,0.));
#704 = VECTOR('',#705,1.);
#705 = DIRECTION('',(0.,1.));
#706 = ( GEOMETRIC_REPRESENTATION_CONTEXT(2) 
PARAMETRIC_REPRESENTATION_CONTEXT() REPRESENTATION_CONTEXT('2D SPACE',''
  ) );
#707 = ADVANCED_FACE('',(#708),#100,.T.);
#708 = FACE_BOUND('',#709,.F.);
#709 = EDGE_LOOP('',(#710,#711,#712,#735));
#710 = ORIENTED_EDGE('',*,*,#84,.F.);
#711 = ORIENTED_EDGE('',*,*,#444,.T.);
#712 = ORIENTED_EDGE('',*,*,#713,.T.);
#713 = EDGE_CURVE('',#417,#714,#716,.T.);
#714 = VERTEX_POINT('',#715);
#715 = CARTESIAN_POINT('',(-165.46,62.62,5.));
#716 = SURFACE_CURVE('',#717,(#721,#728),.PCURVE_S1.);
#717 = LINE('',#718,#719);
#718 = CARTESIAN_POINT('',(-165.46,62.62,0.));
#719 = VECTOR('',#720,1.);
#720 = DIRECTION('',(0.,0.,1.));
#721 = PCURVE('',#100,#722);
#722 = DEFINITIONAL_REPRESENTATION('',(#723),#727);
#723 = LINE('',#724,#725);
#724 = CARTESIAN_POINT('',(-1.570796326795,0.));
#725 = VECTOR('',#726,1.);
#726 = DIRECTION('',(-0.,1.));
#727 = ( GEOMETRIC_REPRESENTATION_CONTEXT(2) 
PARAMETRIC_REPRESENTATION_CONTEXT() REPRESENTATION_CONTEXT('2D SPACE',''
  ) );
#728 = PCURVE('',#432,#729);
#729 = DEFINITIONAL_REPRESENTATION('',(#730),#734);
#730 = LINE('',#731,#732);
#731 = CARTESIAN_POINT('',(0.,4.));
#732 = VECTOR('',#733,1.);
#733 = DIRECTION('',(1.,0.));
#734 = ( GEOMETRIC_REPRESENTATION_CONTEXT(2) 
PARAMETRIC_REPRESENTATION_CONTEXT() REPRESENTATION_CONTEXT('2D SPACE',''
  ) );
#735 = ORIENTED_EDGE('',*,*,#736,.T.);
#736 = EDGE_CURVE('',#714,#85,#737,.T.);
#737 = SURFACE_CURVE('',#738,(#743,#750),.PCURVE_S1.);
#738 = CIRCLE('',#739,4.);
#739 = AXIS2_PLACEMENT_3D('',#740,#741,#742);
#740 = CARTESIAN_POINT('',(-165.46,58.62,5.));
#741 = DIRECTION('',(0.,0.,1.));
#742 = DIRECTION('',(0.,1.,-0.));
#743 = PCURVE('',#100,#744);
#744 = DEFINITIONAL_REPRESENTATION('',(#745),#749);
#745 = LINE('',#746,#747);
#746 = CARTESIAN_POINT('',(-1.570796326795,5.));
#747 = VECTOR('',#748,1.);
#748 = DIRECTION('',(1.,-0.));
#749 = ( GEOMETRIC_REPRESENTATION_CONTEXT(2) 
PARAMETRIC_REPRESENTATION_CONTEXT() REPRESENTATION_CONTEXT('2D SPACE',''
  ) );
#750 = PCURVE('',#239,#751);
#751 = DEFINITIONAL_REPRESENTATION('',(#752),#756);
#752 = LINE('',#753,#754);
#753 = CARTESIAN_POINT('',(-0.,0.));
#754 = VECTOR('',#755,1.);
#755 = DIRECTION('',(-1.,0.));
#756 = ( GEOMETRIC_REPRESENTATION_CONTEXT(2) 
PARAMETRIC_REPRESENTATION_CONTEXT() REPRESENTATION_CONTEXT('2D SPACE',''
  ) );
#757 = ADVANCED_FACE('',(#758),#209,.T.);
#758 = FACE_BOUND('',#759,.F.);
#759 = EDGE_LOOP('',(#760,#761,#785,#809));
#760 = ORIENTED_EDGE('',*,*,#278,.F.);
#761 = ORIENTED_EDGE('',*,*,#762,.T.);
#762 = EDGE_CURVE('',#251,#763,#765,.T.);
#763 = VERTEX_POINT('',#764);
#764 = CARTESIAN_POINT('',(-165.46,-62.12,5.5));
#765 = SURFACE_CURVE('',#766,(#771,#778),.PCURVE_S1.);
#766 = CIRCLE('',#767,3.5);
#767 = AXIS2_PLACEMENT_3D('',#768,#769,#770);
#768 = CARTESIAN_POINT('',(-165.46,-58.62,5.5));
#769 = DIRECTION('',(0.,0.,1.));
#770 = DIRECTION('',(-1.,0.,0.));
#771 = PCURVE('',#209,#772);
#772 = DEFINITIONAL_REPRESENTATION('',(#773),#777);
#773 = LINE('',#774,#775);
#774 = CARTESIAN_POINT('',(-0.,-0.5));
#775 = VECTOR('',#776,1.);
#776 = DIRECTION('',(-1.,0.));
#777 = ( GEOMETRIC_REPRESENTATION_CONTEXT(2) 
PARAMETRIC_REPRESENTATION_CONTEXT() REPRESENTATION_CONTEXT('2D SPACE',''
  ) );
#778 = PCURVE('',#266,#779);
#779 = DEFINITIONAL_REPRESENTATION('',(#780),#784);
#780 = CIRCLE('',#781,3.5);
#781 = AXIS2_PLACEMENT_2D('',#782,#783);
#782 = CARTESIAN_POINT('',(4.,4.));
#783 = DIRECTION('',(-1.,0.));
#784 = ( GEOMETRIC_REPRESENTATION_CONTEXT(2) 
PARAMETRIC_REPRESENTATION_CONTEXT() REPRESENTATION_CONTEXT('2D SPACE',''
  ) );
#785 = ORIENTED_EDGE('',*,*,#786,.T.);
#786 = EDGE_CURVE('',#763,#167,#787,.T.);
#787 = SURFACE_CURVE('',#788,(#792,#798),.PCURVE_S1.);
#788 = LINE('',#789,#790);
#789 = CARTESIAN_POINT('',(-165.46,-62.62,5.));
#790 = VECTOR('',#791,1.);
#791 = DIRECTION('',(-4.329780281177E-17,-0.707106781187,-0.707106781187
    ));
#792 = PCURVE('',#209,#793);
#793 = DEFINITIONAL_REPRESENTATION('',(#794),#797);
#794 = B_SPLINE_CURVE_WITH_KNOTS('',1,(#795,#796),.UNSPECIFIED.,.F.,.F.,
  (2,2),(-0.707106781187,0.),.PIECEWISE_BEZIER_KNOTS.);
#795 = CARTESIAN_POINT('',(-1.570796326795,-0.5));
#796 = CARTESIAN_POINT('',(-1.570796326795,0.));
#797 = ( GEOMETRIC_REPRESENTATION_CONTEXT(2) 
PARAMETRIC_REPRESENTATION_CONTEXT() REPRESENTATION_CONTEXT('2D SPACE',''
  ) );
#798 = PCURVE('',#799,#804);
#799 = PLANE('',#800);
#800 = AXIS2_PLACEMENT_3D('',#801,#802,#803);
#801 = CARTESIAN_POINT('',(-165.46,-62.37,5.25));
#802 = DIRECTION('',(0.,0.707106781187,-0.707106781187));
#803 = DIRECTION('',(1.,0.,0.));
#804 = DEFINITIONAL_REPRESENTATION('',(#805),#808);
#805 = B_SPLINE_CURVE_WITH_KNOTS('',1,(#806,#807),.UNSPECIFIED.,.F.,.F.,
  (2,2),(-0.707106781187,0.),.PIECEWISE_BEZIER_KNOTS.);
#806 = CARTESIAN_POINT('',(0.,-0.353553390593));
#807 = CARTESIAN_POINT('',(0.,0.353553390593));
#808 = ( GEOMETRIC_REPRESENTATION_CONTEXT(2) 
PARAMETRIC_REPRESENTATION_CONTEXT() REPRESENTATION_CONTEXT('2D SPACE',''
  ) );
#809 = ORIENTED_EDGE('',*,*,#194,.F.);
#810 = ADVANCED_FACE('',(#811),#182,.F.);
#811 = FACE_BOUND('',#812,.F.);
#812 = EDGE_LOOP('',(#813,#814,#837,#858));
#813 = ORIENTED_EDGE('',*,*,#166,.T.);
#814 = ORIENTED_EDGE('',*,*,#815,.T.);
#815 = EDGE_CURVE('',#167,#816,#818,.T.);
#816 = VERTEX_POINT('',#817);
#817 = CARTESIAN_POINT('',(165.46,-62.62,5.));
#818 = SURFACE_CURVE('',#819,(#823,#830),.PCURVE_S1.);
#819 = LINE('',#820,#821);
#820 = CARTESIAN_POINT('',(-165.46,-62.62,5.));
#821 = VECTOR('',#822,1.);
#822 = DIRECTION('',(1.,0.,0.));
#823 = PCURVE('',#182,#824);
#824 = DEFINITIONAL_REPRESENTATION('',(#825),#829);
#825 = LINE('',#826,#827);
#826 = CARTESIAN_POINT('',(5.,4.));
#827 = VECTOR('',#828,1.);
#828 = DIRECTION('',(0.,1.));
#829 = ( GEOMETRIC_REPRESENTATION_CONTEXT(2) 
PARAMETRIC_REPRESENTATION_CONTEXT() REPRESENTATION_CONTEXT('2D SPACE',''
  ) );
#830 = PCURVE('',#799,#831);
#831 = DEFINITIONAL_REPRESENTATION('',(#832),#836);
#832 = LINE('',#833,#834);
#833 = CARTESIAN_POINT('',(0.,0.353553390593));
#834 = VECTOR('',#835,1.);
#835 = DIRECTION('',(1.,0.));
#836 = ( GEOMETRIC_REPRESENTATION_CONTEXT(2) 
PARAMETRIC_REPRESENTATION_CONTEXT() REPRESENTATION_CONTEXT('2D SPACE',''
  ) );
#837 = ORIENTED_EDGE('',*,*,#838,.F.);
#838 = EDGE_CURVE('',#304,#816,#839,.T.);
#839 = SURFACE_CURVE('',#840,(#844,#851),.PCURVE_S1.);
#840 = LINE('',#841,#842);
#841 = CARTESIAN_POINT('',(165.46,-62.62,0.));
#842 = VECTOR('',#843,1.);
#843 = DIRECTION('',(0.,0.,1.));
#844 = PCURVE('',#182,#845);
#845 = DEFINITIONAL_REPRESENTATION('',(#846),#850);
#846 = LINE('',#847,#848);
#847 = CARTESIAN_POINT('',(0.,334.92));
#848 = VECTOR('',#849,1.);
#849 = DIRECTION('',(1.,0.));
#850 = ( GEOMETRIC_REPRESENTATION_CONTEXT(2) 
PARAMETRIC_REPRESENTATION_CONTEXT() REPRESENTATION_CONTEXT('2D SPACE',''
  ) );
#851 = PCURVE('',#347,#852);
#852 = DEFINITIONAL_REPRESENTATION('',(#853),#857);
#853 = LINE('',#854,#855);
#854 = CARTESIAN_POINT('',(-1.570796326795,0.));
#855 = VECTOR('',#856,1.);
#856 = DIRECTION('',(-0.,1.));
#857 = ( GEOMETRIC_REPRESENTATION_CONTEXT(2) 
PARAMETRIC_REPRESENTATION_CONTEXT() REPRESENTATION_CONTEXT('2D SPACE',''
  ) );
#858 = ORIENTED_EDGE('',*,*,#303,.F.);
#859 = ADVANCED_FACE('',(#860),#239,.T.);
#860 = FACE_BOUND('',#861,.F.);
#861 = EDGE_LOOP('',(#862,#888,#910,#911));
#862 = ORIENTED_EDGE('',*,*,#863,.F.);
#863 = EDGE_CURVE('',#864,#714,#866,.T.);
#864 = VERTEX_POINT('',#865);
#865 = CARTESIAN_POINT('',(-165.46,62.12,5.5));
#866 = SURFACE_CURVE('',#867,(#871,#877),.PCURVE_S1.);
#867 = LINE('',#868,#869);
#868 = CARTESIAN_POINT('',(-165.46,62.37,5.25));
#869 = VECTOR('',#870,1.);
#870 = DIRECTION('',(-0.,0.707106781187,-0.707106781187));
#871 = PCURVE('',#239,#872);
#872 = DEFINITIONAL_REPRESENTATION('',(#873),#876);
#873 = B_SPLINE_CURVE_WITH_KNOTS('',1,(#874,#875),.UNSPECIFIED.,.F.,.F.,
  (2,2),(-0.353553390593,0.353553390593),.PIECEWISE_BEZIER_KNOTS.);
#874 = CARTESIAN_POINT('',(0.,-0.5));
#875 = CARTESIAN_POINT('',(0.,-1.020560098144E-15));
#876 = ( GEOMETRIC_REPRESENTATION_CONTEXT(2) 
PARAMETRIC_REPRESENTATION_CONTEXT() REPRESENTATION_CONTEXT('2D SPACE',''
  ) );
#877 = PCURVE('',#878,#883);
#878 = PLANE('',#879);
#879 = AXIS2_PLACEMENT_3D('',#880,#881,#882);
#880 = CARTESIAN_POINT('',(165.46,62.37,5.25));
#881 = DIRECTION('',(0.,0.707106781187,0.707106781187));
#882 = DIRECTION('',(1.,-0.,-0.));
#883 = DEFINITIONAL_REPRESENTATION('',(#884),#887);
#884 = B_SPLINE_CURVE_WITH_KNOTS('',1,(#885,#886),.UNSPECIFIED.,.F.,.F.,
  (2,2),(-0.353553390593,0.353553390593),.PIECEWISE_BEZIER_KNOTS.);
#885 = CARTESIAN_POINT('',(-330.92,-0.353553390593));
#886 = CARTESIAN_POINT('',(-330.92,0.353553390593));
#887 = ( GEOMETRIC_REPRESENTATION_CONTEXT(2) 
PARAMETRIC_REPRESENTATION_CONTEXT() REPRESENTATION_CONTEXT('2D SPACE',''
  ) );
#888 = ORIENTED_EDGE('',*,*,#889,.T.);
#889 = EDGE_CURVE('',#864,#225,#890,.T.);
#890 = SURFACE_CURVE('',#891,(#896,#903),.PCURVE_S1.);
#891 = CIRCLE('',#892,3.5);
#892 = AXIS2_PLACEMENT_3D('',#893,#894,#895);
#893 = CARTESIAN_POINT('',(-165.46,58.62,5.5));
#894 = DIRECTION('',(0.,0.,1.));
#895 = DIRECTION('',(0.,1.,-0.));
#896 = PCURVE('',#239,#897);
#897 = DEFINITIONAL_REPRESENTATION('',(#898),#902);
#898 = LINE('',#899,#900);
#899 = CARTESIAN_POINT('',(-0.,-0.5));
#900 = VECTOR('',#901,1.);
#901 = DIRECTION('',(-1.,0.));
#902 = ( GEOMETRIC_REPRESENTATION_CONTEXT(2) 
PARAMETRIC_REPRESENTATION_CONTEXT() REPRESENTATION_CONTEXT('2D SPACE',''
  ) );
#903 = PCURVE('',#266,#904);
#904 = DEFINITIONAL_REPRESENTATION('',(#905),#909);
#905 = CIRCLE('',#906,3.5);
#906 = AXIS2_PLACEMENT_2D('',#907,#908);
#907 = CARTESIAN_POINT('',(4.,121.24));
#908 = DIRECTION('',(0.,1.));
#909 = ( GEOMETRIC_REPRESENTATION_CONTEXT(2) 
PARAMETRIC_REPRESENTATION_CONTEXT() REPRESENTATION_CONTEXT('2D SPACE',''
  ) );
#910 = ORIENTED_EDGE('',*,*,#224,.T.);
#911 = ORIENTED_EDGE('',*,*,#736,.F.);
#912 = ADVANCED_FACE('',(#913,#1415),#266,.T.);
#913 = FACE_BOUND('',#914,.T.);
#914 = EDGE_LOOP('',(#915,#950,#983,#1011,#1044,#1077,#1110,#1138,#1171,
    #1204,#1233,#1261,#1290,#1323,#1356,#1384));
#915 = ORIENTED_EDGE('',*,*,#916,.T.);
#916 = EDGE_CURVE('',#917,#919,#921,.T.);
#917 = VERTEX_POINT('',#918);
#918 = CARTESIAN_POINT('',(-160.1371243444,-55.94287565553,5.5));
#919 = VERTEX_POINT('',#920);
#920 = CARTESIAN_POINT('',(-162.7828756555,-53.29712434446,5.5));
#921 = SURFACE_CURVE('',#922,(#927,#938),.PCURVE_S1.);
#922 = CIRCLE('',#923,2.);
#923 = AXIS2_PLACEMENT_3D('',#924,#925,#926);
#924 = CARTESIAN_POINT('',(-160.96,-54.12,5.5));
#925 = DIRECTION('',(0.,-0.,-1.));
#926 = DIRECTION('',(0.52051760427,-0.853850937603,0.));
#927 = PCURVE('',#266,#928);
#928 = DEFINITIONAL_REPRESENTATION('',(#929),#937);
#929 = ( BOUNDED_CURVE() B_SPLINE_CURVE(2,(#930,#931,#932,#933,#934,#935
,#936),.UNSPECIFIED.,.T.,.F.) B_SPLINE_CURVE_WITH_KNOTS((1,2,2,2,2,1),(
    -2.094395102393,0.,2.094395102393,4.188790204786,6.28318530718,
8.377580409573),.UNSPECIFIED.) CURVE() GEOMETRIC_REPRESENTATION_ITEM() 
RATIONAL_B_SPLINE_CURVE((1.,0.5,1.,0.5,1.,0.5,1.)) REPRESENTATION_ITEM(
  '') );
#930 = CARTESIAN_POINT('',(9.541035208539,6.792298124794));
#931 = CARTESIAN_POINT('',(6.583208796502,4.989172251136));
#932 = CARTESIAN_POINT('',(6.500569189712,8.452288000774));
#933 = CARTESIAN_POINT('',(6.417929582922,11.915403750412));
#934 = CARTESIAN_POINT('',(9.458395601749,10.255413874432));
#935 = CARTESIAN_POINT('',(12.498861620576,8.595423998452));
#936 = CARTESIAN_POINT('',(9.541035208539,6.792298124794));
#937 = ( GEOMETRIC_REPRESENTATION_CONTEXT(2) 
PARAMETRIC_REPRESENTATION_CONTEXT() REPRESENTATION_CONTEXT('2D SPACE',''
  ) );
#938 = PCURVE('',#939,#944);
#939 = CONICAL_SURFACE('',#940,1.5,0.785398163397);
#940 = AXIS2_PLACEMENT_3D('',#941,#942,#943);
#941 = CARTESIAN_POINT('',(-160.96,-54.12,5.));
#942 = DIRECTION('',(0.,0.,1.));
#943 = DIRECTION('',(0.52051760427,-0.853850937603,0.));
#944 = DEFINITIONAL_REPRESENTATION('',(#945),#949);
#945 = LINE('',#946,#947);
#946 = CARTESIAN_POINT('',(0.,0.5));
#947 = VECTOR('',#948,1.);
#948 = DIRECTION('',(-1.,-0.));
#949 = ( GEOMETRIC_REPRESENTATION_CONTEXT(2) 
PARAMETRIC_REPRESENTATION_CONTEXT() REPRESENTATION_CONTEXT('2D SPACE',''
  ) );
#950 = ORIENTED_EDGE('',*,*,#951,.T.);
#951 = EDGE_CURVE('',#919,#952,#954,.T.);
#952 = VERTEX_POINT('',#953);
#953 = CARTESIAN_POINT('',(-162.96,-52.12,5.5));
#954 = SURFACE_CURVE('',#955,(#960,#971),.PCURVE_S1.);
#955 = CIRCLE('',#956,4.);
#956 = AXIS2_PLACEMENT_3D('',#957,#958,#959);
#957 = CARTESIAN_POINT('',(-158.96,-52.12,5.5));
#958 = DIRECTION('',(-0.,0.,-1.));
#959 = DIRECTION('',(-0.937364687544,-0.34834959817,0.));
#960 = PCURVE('',#266,#961);
#961 = DEFINITIONAL_REPRESENTATION('',(#962),#970);
#962 = ( BOUNDED_CURVE() B_SPLINE_CURVE(2,(#963,#964,#965,#966,#967,#968
,#969),.UNSPECIFIED.,.T.,.F.) B_SPLINE_CURVE_WITH_KNOTS((1,2,2,2,2,1),(
    -2.094395102393,0.,2.094395102393,4.188790204786,6.28318530718,
8.377580409573),.UNSPECIFIED.) CURVE() GEOMETRIC_REPRESENTATION_ITEM() 
RATIONAL_B_SPLINE_CURVE((1.,0.5,1.,0.5,1.,0.5,1.)) REPRESENTATION_ITEM(
  '') );
#963 = CARTESIAN_POINT('',(6.750541249824,9.106601607319));
#964 = CARTESIAN_POINT('',(4.337104438516,15.600854663509));
#965 = CARTESIAN_POINT('',(11.168010969434,14.443825724435));
#966 = CARTESIAN_POINT('',(17.998917500353,13.286796785361));
#967 = CARTESIAN_POINT('',(13.581447780742,7.949572668246));
#968 = CARTESIAN_POINT('',(9.163978061131,2.61234855113));
#969 = CARTESIAN_POINT('',(6.750541249824,9.106601607319));
#970 = ( GEOMETRIC_REPRESENTATION_CONTEXT(2) 
PARAMETRIC_REPRESENTATION_CONTEXT() REPRESENTATION_CONTEXT('2D SPACE',''
  ) );
#971 = PCURVE('',#972,#977);
#972 = CONICAL_SURFACE('',#973,3.5,0.785398163397);
#973 = AXIS2_PLACEMENT_3D('',#974,#975,#976);
#974 = CARTESIAN_POINT('',(-158.96,-52.12,5.));
#975 = DIRECTION('',(0.,0.,1.));
#976 = DIRECTION('',(-0.937364687544,-0.34834959817,0.));
#977 = DEFINITIONAL_REPRESENTATION('',(#978),#982);
#978 = LINE('',#979,#980);
#979 = CARTESIAN_POINT('',(0.,0.5));
#980 = VECTOR('',#981,1.);
#981 = DIRECTION('',(-1.,-0.));
#982 = ( GEOMETRIC_REPRESENTATION_CONTEXT(2) 
PARAMETRIC_REPRESENTATION_CONTEXT() REPRESENTATION_CONTEXT('2D SPACE',''
  ) );
#983 = ORIENTED_EDGE('',*,*,#984,.T.);
#984 = EDGE_CURVE('',#952,#985,#987,.T.);
#985 = VERTEX_POINT('',#986);
#986 = CARTESIAN_POINT('',(-162.96,52.12,5.5));
#987 = SURFACE_CURVE('',#988,(#992,#999),.PCURVE_S1.);
#988 = LINE('',#989,#990);
#989 = CARTESIAN_POINT('',(-162.96,-52.12,5.5));
#990 = VECTOR('',#991,1.);
#991 = DIRECTION('',(0.,1.,0.));
#992 = PCURVE('',#266,#993);
#993 = DEFINITIONAL_REPRESENTATION('',(#994),#998);
#994 = LINE('',#995,#996);
#995 = CARTESIAN_POINT('',(6.5,10.5));
#996 = VECTOR('',#997,1.);
#997 = DIRECTION('',(0.,1.));
#998 = ( GEOMETRIC_REPRESENTATION_CONTEXT(2) 
PARAMETRIC_REPRESENTATION_CONTEXT() REPRESENTATION_CONTEXT('2D SPACE',''
  ) );
#999 = PCURVE('',#1000,#1005);
#1000 = PLANE('',#1001);
#1001 = AXIS2_PLACEMENT_3D('',#1002,#1003,#1004);
#1002 = CARTESIAN_POINT('',(-162.71,-52.12,5.25));
#1003 = DIRECTION('',(0.707106781187,0.,0.707106781187));
#1004 = DIRECTION('',(0.,-1.,-0.));
#1005 = DEFINITIONAL_REPRESENTATION('',(#1006),#1010);
#1006 = LINE('',#1007,#1008);
#1007 = CARTESIAN_POINT('',(-0.,-0.353553390593));
#1008 = VECTOR('',#1009,1.);
#1009 = DIRECTION('',(-1.,0.));
#1010 = ( GEOMETRIC_REPRESENTATION_CONTEXT(2) 
PARAMETRIC_REPRESENTATION_CONTEXT() REPRESENTATION_CONTEXT('2D SPACE',''
  ) );
#1011 = ORIENTED_EDGE('',*,*,#1012,.T.);
#1012 = EDGE_CURVE('',#985,#1013,#1015,.T.);
#1013 = VERTEX_POINT('',#1014);
#1014 = CARTESIAN_POINT('',(-162.7828756555,53.297124344468,5.5));
#1015 = SURFACE_CURVE('',#1016,(#1021,#1032),.PCURVE_S1.);
#1016 = CIRCLE('',#1017,4.);
#1017 = AXIS2_PLACEMENT_3D('',#1018,#1019,#1020);
#1018 = CARTESIAN_POINT('',(-158.96,52.12,5.5));
#1019 = DIRECTION('',(-0.,0.,-1.));
#1020 = DIRECTION('',(-1.,0.,0.));
#1021 = PCURVE('',#266,#1022);
#1022 = DEFINITIONAL_REPRESENTATION('',(#1023),#1031);
#1023 = ( BOUNDED_CURVE() B_SPLINE_CURVE(2,(#1024,#1025,#1026,#1027,
#1028,#1029,#1030),.UNSPECIFIED.,.T.,.F.) B_SPLINE_CURVE_WITH_KNOTS((1,2
    ,2,2,2,1),(-2.094395102393,0.,2.094395102393,4.188790204786,
6.28318530718,8.377580409573),.UNSPECIFIED.) CURVE() 
GEOMETRIC_REPRESENTATION_ITEM() RATIONAL_B_SPLINE_CURVE((1.,0.5,1.,0.5,
1.,0.5,1.)) REPRESENTATION_ITEM('') );
#1024 = CARTESIAN_POINT('',(6.5,114.74));
#1025 = CARTESIAN_POINT('',(6.5,121.66820323027));
#1026 = CARTESIAN_POINT('',(12.5,118.20410161513));
#1027 = CARTESIAN_POINT('',(18.5,114.74));
#1028 = CARTESIAN_POINT('',(12.5,111.27589838486));
#1029 = CARTESIAN_POINT('',(6.5,107.81179676972));
#1030 = CARTESIAN_POINT('',(6.5,114.74));
#1031 = ( GEOMETRIC_REPRESENTATION_CONTEXT(2) 
PARAMETRIC_REPRESENTATION_CONTEXT() REPRESENTATION_CONTEXT('2D SPACE',''
  ) );
#1032 = PCURVE('',#1033,#1038);
#1033 = CONICAL_SURFACE('',#1034,3.5,0.785398163397);
#1034 = AXIS2_PLACEMENT_3D('',#1035,#1036,#1037);
#1035 = CARTESIAN_POINT('',(-158.96,52.12,5.));
#1036 = DIRECTION('',(0.,0.,1.));
#1037 = DIRECTION('',(-1.,0.,0.));
#1038 = DEFINITIONAL_REPRESENTATION('',(#1039),#1043);
#1039 = LINE('',#1040,#1041);
#1040 = CARTESIAN_POINT('',(0.,0.5));
#1041 = VECTOR('',#1042,1.);
#1042 = DIRECTION('',(-1.,-0.));
#1043 = ( GEOMETRIC_REPRESENTATION_CONTEXT(2) 
PARAMETRIC_REPRESENTATION_CONTEXT() REPRESENTATION_CONTEXT('2D SPACE',''
  ) );
#1044 = ORIENTED_EDGE('',*,*,#1045,.T.);
#1045 = EDGE_CURVE('',#1013,#1046,#1048,.T.);
#1046 = VERTEX_POINT('',#1047);
#1047 = CARTESIAN_POINT('',(-160.1371243444,55.942875655532,5.5));
#1048 = SURFACE_CURVE('',#1049,(#1054,#1065),.PCURVE_S1.);
#1049 = CIRCLE('',#1050,2.);
#1050 = AXIS2_PLACEMENT_3D('',#1051,#1052,#1053);
#1051 = CARTESIAN_POINT('',(-160.96,54.12,5.5));
#1052 = DIRECTION('',(-0.,0.,-1.));
#1053 = DIRECTION('',(-0.853850937603,-0.52051760427,0.));
#1054 = PCURVE('',#266,#1055);
#1055 = DEFINITIONAL_REPRESENTATION('',(#1056),#1064);
#1056 = ( BOUNDED_CURVE() B_SPLINE_CURVE(2,(#1057,#1058,#1059,#1060,
#1061,#1062,#1063),.UNSPECIFIED.,.T.,.F.) B_SPLINE_CURVE_WITH_KNOTS((1,2
    ,2,2,2,1),(-2.094395102393,0.,2.094395102393,4.188790204786,
6.28318530718,8.377580409573),.UNSPECIFIED.) CURVE() 
GEOMETRIC_REPRESENTATION_ITEM() RATIONAL_B_SPLINE_CURVE((1.,0.5,1.,0.5,
1.,0.5,1.)) REPRESENTATION_ITEM('') );
#1057 = CARTESIAN_POINT('',(6.792298124794,115.69896479146));
#1058 = CARTESIAN_POINT('',(4.989172251136,118.65679120349));
#1059 = CARTESIAN_POINT('',(8.452288000774,118.73943081028));
#1060 = CARTESIAN_POINT('',(11.915403750412,118.82207041707));
#1061 = CARTESIAN_POINT('',(10.255413874432,115.78160439825));
#1062 = CARTESIAN_POINT('',(8.595423998452,112.74113837942));
#1063 = CARTESIAN_POINT('',(6.792298124794,115.69896479146));
#1064 = ( GEOMETRIC_REPRESENTATION_CONTEXT(2) 
PARAMETRIC_REPRESENTATION_CONTEXT() REPRESENTATION_CONTEXT('2D SPACE',''
  ) );
#1065 = PCURVE('',#1066,#1071);
#1066 = CONICAL_SURFACE('',#1067,1.5,0.785398163397);
#1067 = AXIS2_PLACEMENT_3D('',#1068,#1069,#1070);
#1068 = CARTESIAN_POINT('',(-160.96,54.12,5.));
#1069 = DIRECTION('',(0.,0.,1.));
#1070 = DIRECTION('',(-0.853850937603,-0.52051760427,0.));
#1071 = DEFINITIONAL_REPRESENTATION('',(#1072),#1076);
#1072 = LINE('',#1073,#1074);
#1073 = CARTESIAN_POINT('',(0.,0.5));
#1074 = VECTOR('',#1075,1.);
#1075 = DIRECTION('',(-1.,-0.));
#1076 = ( GEOMETRIC_REPRESENTATION_CONTEXT(2) 
PARAMETRIC_REPRESENTATION_CONTEXT() REPRESENTATION_CONTEXT('2D SPACE',''
  ) );
#1077 = ORIENTED_EDGE('',*,*,#1078,.T.);
#1078 = EDGE_CURVE('',#1046,#1079,#1081,.T.);
#1079 = VERTEX_POINT('',#1080);
#1080 = CARTESIAN_POINT('',(-158.96,56.12,5.5));
#1081 = SURFACE_CURVE('',#1082,(#1087,#1098),.PCURVE_S1.);
#1082 = CIRCLE('',#1083,4.);
#1083 = AXIS2_PLACEMENT_3D('',#1084,#1085,#1086);
#1084 = CARTESIAN_POINT('',(-158.96,52.12,5.5));
#1085 = DIRECTION('',(-0.,0.,-1.));
#1086 = DIRECTION('',(-0.34834959817,0.937364687544,0.));
#1087 = PCURVE('',#266,#1088);
#1088 = DEFINITIONAL_REPRESENTATION('',(#1089),#1097);
#1089 = ( BOUNDED_CURVE() B_SPLINE_CURVE(2,(#1090,#1091,#1092,#1093,
#1094,#1095,#1096),.UNSPECIFIED.,.T.,.F.) B_SPLINE_CURVE_WITH_KNOTS((1,2
    ,2,2,2,1),(-2.094395102393,0.,2.094395102393,4.188790204786,
6.28318530718,8.377580409573),.UNSPECIFIED.) CURVE() 
GEOMETRIC_REPRESENTATION_ITEM() RATIONAL_B_SPLINE_CURVE((1.,0.5,1.,0.5,
1.,0.5,1.)) REPRESENTATION_ITEM('') );
#1090 = CARTESIAN_POINT('',(9.106601607319,118.48945875017));
#1091 = CARTESIAN_POINT('',(15.600854663509,120.90289556148));
#1092 = CARTESIAN_POINT('',(14.443825724435,114.07198903056));
#1093 = CARTESIAN_POINT('',(13.286796785361,107.24108249964));
#1094 = CARTESIAN_POINT('',(7.949572668246,111.65855221925));
#1095 = CARTESIAN_POINT('',(2.61234855113,116.07602193886));
#1096 = CARTESIAN_POINT('',(9.106601607319,118.48945875017));
#1097 = ( GEOMETRIC_REPRESENTATION_CONTEXT(2) 
PARAMETRIC_REPRESENTATION_CONTEXT() REPRESENTATION_CONTEXT('2D SPACE',''
  ) );
#1098 = PCURVE('',#1099,#1104);
#1099 = CONICAL_SURFACE('',#1100,3.5,0.785398163397);
#1100 = AXIS2_PLACEMENT_3D('',#1101,#1102,#1103);
#1101 = CARTESIAN_POINT('',(-158.96,52.12,5.));
#1102 = DIRECTION('',(0.,0.,1.));
#1103 = DIRECTION('',(-0.34834959817,0.937364687544,0.));
#1104 = DEFINITIONAL_REPRESENTATION('',(#1105),#1109);
#1105 = LINE('',#1106,#1107);
#1106 = CARTESIAN_POINT('',(0.,0.5));
#1107 = VECTOR('',#1108,1.);
#1108 = DIRECTION('',(-1.,-0.));
#1109 = ( GEOMETRIC_REPRESENTATION_CONTEXT(2) 
PARAMETRIC_REPRESENTATION_CONTEXT() REPRESENTATION_CONTEXT('2D SPACE',''
  ) );
#1110 = ORIENTED_EDGE('',*,*,#1111,.T.);
#1111 = EDGE_CURVE('',#1079,#1112,#1114,.T.);
#1112 = VERTEX_POINT('',#1113);
#1113 = CARTESIAN_POINT('',(158.96,56.12,5.5));
#1114 = SURFACE_CURVE('',#1115,(#1119,#1126),.PCURVE_S1.);
#1115 = LINE('',#1116,#1117);
#1116 = CARTESIAN_POINT('',(-158.96,56.12,5.5));
#1117 = VECTOR('',#1118,1.);
#1118 = DIRECTION('',(1.,0.,0.));
#1119 = PCURVE('',#266,#1120);
#1120 = DEFINITIONAL_REPRESENTATION('',(#1121),#1125);
#1121 = LINE('',#1122,#1123);
#1122 = CARTESIAN_POINT('',(10.5,118.74));
#1123 = VECTOR('',#1124,1.);
#1124 = DIRECTION('',(1.,0.));
#1125 = ( GEOMETRIC_REPRESENTATION_CONTEXT(2) 
PARAMETRIC_REPRESENTATION_CONTEXT() REPRESENTATION_CONTEXT('2D SPACE',''
  ) );
#1126 = PCURVE('',#1127,#1132);
#1127 = PLANE('',#1128);
#1128 = AXIS2_PLACEMENT_3D('',#1129,#1130,#1131);
#1129 = CARTESIAN_POINT('',(-158.96,55.87,5.25));
#1130 = DIRECTION('',(0.,0.707106781187,-0.707106781187));
#1131 = DIRECTION('',(1.,0.,0.));
#1132 = DEFINITIONAL_REPRESENTATION('',(#1133),#1137);
#1133 = LINE('',#1134,#1135);
#1134 = CARTESIAN_POINT('',(0.,-0.353553390593));
#1135 = VECTOR('',#1136,1.);
#1136 = DIRECTION('',(1.,0.));
#1137 = ( GEOMETRIC_REPRESENTATION_CONTEXT(2) 
PARAMETRIC_REPRESENTATION_CONTEXT() REPRESENTATION_CONTEXT('2D SPACE',''
  ) );
#1138 = ORIENTED_EDGE('',*,*,#1139,.T.);
#1139 = EDGE_CURVE('',#1112,#1140,#1142,.T.);
#1140 = VERTEX_POINT('',#1141);
#1141 = CARTESIAN_POINT('',(160.13712434446,55.942875655532,5.5));
#1142 = SURFACE_CURVE('',#1143,(#1148,#1159),.PCURVE_S1.);
#1143 = CIRCLE('',#1144,4.);
#1144 = AXIS2_PLACEMENT_3D('',#1145,#1146,#1147);
#1145 = CARTESIAN_POINT('',(158.96,52.12,5.5));
#1146 = DIRECTION('',(0.,-0.,-1.));
#1147 = DIRECTION('',(0.,1.,-0.));
#1148 = PCURVE('',#266,#1149);
#1149 = DEFINITIONAL_REPRESENTATION('',(#1150),#1158);
#1150 = ( BOUNDED_CURVE() B_SPLINE_CURVE(2,(#1151,#1152,#1153,#1154,
#1155,#1156,#1157),.UNSPECIFIED.,.T.,.F.) B_SPLINE_CURVE_WITH_KNOTS((1,2
    ,2,2,2,1),(-2.094395102393,0.,2.094395102393,4.188790204786,
6.28318530718,8.377580409573),.UNSPECIFIED.) CURVE() 
GEOMETRIC_REPRESENTATION_ITEM() RATIONAL_B_SPLINE_CURVE((1.,0.5,1.,0.5,
1.,0.5,1.)) REPRESENTATION_ITEM('') );
#1151 = CARTESIAN_POINT('',(328.42,118.74));
#1152 = CARTESIAN_POINT('',(335.34820323027,118.74));
#1153 = CARTESIAN_POINT('',(331.88410161513,112.74));
#1154 = CARTESIAN_POINT('',(328.42,106.74));
#1155 = CARTESIAN_POINT('',(324.95589838486,112.74));
#1156 = CARTESIAN_POINT('',(321.49179676972,118.74));
#1157 = CARTESIAN_POINT('',(328.42,118.74));
#1158 = ( GEOMETRIC_REPRESENTATION_CONTEXT(2) 
PARAMETRIC_REPRESENTATION_CONTEXT() REPRESENTATION_CONTEXT('2D SPACE',''
  ) );
#1159 = PCURVE('',#1160,#1165);
#1160 = CONICAL_SURFACE('',#1161,3.5,0.785398163397);
#1161 = AXIS2_PLACEMENT_3D('',#1162,#1163,#1164);
#1162 = CARTESIAN_POINT('',(158.96,52.12,5.));
#1163 = DIRECTION('',(0.,0.,1.));
#1164 = DIRECTION('',(0.,1.,0.));
#1165 = DEFINITIONAL_REPRESENTATION('',(#1166),#1170);
#1166 = LINE('',#1167,#1168);
#1167 = CARTESIAN_POINT('',(0.,0.5));
#1168 = VECTOR('',#1169,1.);
#1169 = DIRECTION('',(-1.,-0.));
#1170 = ( GEOMETRIC_REPRESENTATION_CONTEXT(2) 
PARAMETRIC_REPRESENTATION_CONTEXT() REPRESENTATION_CONTEXT('2D SPACE',''
  ) );
#1171 = ORIENTED_EDGE('',*,*,#1172,.T.);
#1172 = EDGE_CURVE('',#1140,#1173,#1175,.T.);
#1173 = VERTEX_POINT('',#1174);
#1174 = CARTESIAN_POINT('',(162.78287565553,53.297124344468,5.5));
#1175 = SURFACE_CURVE('',#1176,(#1181,#1192),.PCURVE_S1.);
#1176 = CIRCLE('',#1177,2.);
#1177 = AXIS2_PLACEMENT_3D('',#1178,#1179,#1180);
#1178 = CARTESIAN_POINT('',(160.96,54.12,5.5));
#1179 = DIRECTION('',(0.,0.,-1.));
#1180 = DIRECTION('',(-0.411437827766,0.911437827766,0.));
#1181 = PCURVE('',#266,#1182);
#1182 = DEFINITIONAL_REPRESENTATION('',(#1183),#1191);
#1183 = ( BOUNDED_CURVE() B_SPLINE_CURVE(2,(#1184,#1185,#1186,#1187,
#1188,#1189,#1190),.UNSPECIFIED.,.T.,.F.) B_SPLINE_CURVE_WITH_KNOTS((1,2
    ,2,2,2,1),(-2.094395102393,0.,2.094395102393,4.188790204786,
6.28318530718,8.377580409573),.UNSPECIFIED.) CURVE() 
GEOMETRIC_REPRESENTATION_ITEM() RATIONAL_B_SPLINE_CURVE((1.,0.5,1.,0.5,
1.,0.5,1.)) REPRESENTATION_ITEM('') );
#1184 = CARTESIAN_POINT('',(329.59712434446,118.56287565553));
#1185 = CARTESIAN_POINT('',(332.75443759573,119.98813809922));
#1186 = CARTESIAN_POINT('',(332.41009445339,116.54119339408));
#1187 = CARTESIAN_POINT('',(332.06575131106,113.09424868893));
#1188 = CARTESIAN_POINT('',(329.25278120213,115.11593095038));
#1189 = CARTESIAN_POINT('',(326.4398110932,117.13761321183));
#1190 = CARTESIAN_POINT('',(329.59712434446,118.56287565553));
#1191 = ( GEOMETRIC_REPRESENTATION_CONTEXT(2) 
PARAMETRIC_REPRESENTATION_CONTEXT() REPRESENTATION_CONTEXT('2D SPACE',''
  ) );
#1192 = PCURVE('',#1193,#1198);
#1193 = CONICAL_SURFACE('',#1194,1.5,0.785398163397);
#1194 = AXIS2_PLACEMENT_3D('',#1195,#1196,#1197);
#1195 = CARTESIAN_POINT('',(160.96,54.12,5.));
#1196 = DIRECTION('',(0.,0.,1.));
#1197 = DIRECTION('',(-0.52051760427,0.853850937603,0.));
#1198 = DEFINITIONAL_REPRESENTATION('',(#1199),#1203);
#1199 = LINE('',#1200,#1201);
#1200 = CARTESIAN_POINT('',(-0.123425999076,0.5));
#1201 = VECTOR('',#1202,1.);
#1202 = DIRECTION('',(-1.,-0.));
#1203 = ( GEOMETRIC_REPRESENTATION_CONTEXT(2) 
PARAMETRIC_REPRESENTATION_CONTEXT() REPRESENTATION_CONTEXT('2D SPACE',''
  ) );
#1204 = ORIENTED_EDGE('',*,*,#1205,.F.);
#1205 = EDGE_CURVE('',#1206,#1173,#1208,.T.);
#1206 = VERTEX_POINT('',#1207);
#1207 = CARTESIAN_POINT('',(162.96,52.12,5.5));
#1208 = SURFACE_CURVE('',#1209,(#1214,#1221),.PCURVE_S1.);
#1209 = CIRCLE('',#1210,4.);
#1210 = AXIS2_PLACEMENT_3D('',#1211,#1212,#1213);
#1211 = CARTESIAN_POINT('',(158.96,52.12,5.5));
#1212 = DIRECTION('',(0.,0.,1.));
#1213 = DIRECTION('',(1.,0.,-0.));
#1214 = PCURVE('',#266,#1215);
#1215 = DEFINITIONAL_REPRESENTATION('',(#1216),#1220);
#1216 = CIRCLE('',#1217,4.);
#1217 = AXIS2_PLACEMENT_2D('',#1218,#1219);
#1218 = CARTESIAN_POINT('',(328.42,114.74));
#1219 = DIRECTION('',(1.,0.));
#1220 = ( GEOMETRIC_REPRESENTATION_CONTEXT(2) 
PARAMETRIC_REPRESENTATION_CONTEXT() REPRESENTATION_CONTEXT('2D SPACE',''
  ) );
#1221 = PCURVE('',#1222,#1227);
#1222 = CONICAL_SURFACE('',#1223,3.5,0.785398163397);
#1223 = AXIS2_PLACEMENT_3D('',#1224,#1225,#1226);
#1224 = CARTESIAN_POINT('',(158.96,52.12,5.));
#1225 = DIRECTION('',(0.,0.,1.));
#1226 = DIRECTION('',(1.,0.,-0.));
#1227 = DEFINITIONAL_REPRESENTATION('',(#1228),#1232);
#1228 = LINE('',#1229,#1230);
#1229 = CARTESIAN_POINT('',(-0.,0.5));
#1230 = VECTOR('',#1231,1.);
#1231 = DIRECTION('',(1.,-0.));
#1232 = ( GEOMETRIC_REPRESENTATION_CONTEXT(2) 
PARAMETRIC_REPRESENTATION_CONTEXT() REPRESENTATION_CONTEXT('2D SPACE',''
  ) );
#1233 = ORIENTED_EDGE('',*,*,#1234,.F.);
#1234 = EDGE_CURVE('',#1235,#1206,#1237,.T.);
#1235 = VERTEX_POINT('',#1236);
#1236 = CARTESIAN_POINT('',(162.96,-52.12,5.5));
#1237 = SURFACE_CURVE('',#1238,(#1242,#1249),.PCURVE_S1.);
#1238 = LINE('',#1239,#1240);
#1239 = CARTESIAN_POINT('',(162.96,-52.12,5.5));
#1240 = VECTOR('',#1241,1.);
#1241 = DIRECTION('',(0.,1.,0.));
#1242 = PCURVE('',#266,#1243);
#1243 = DEFINITIONAL_REPRESENTATION('',(#1244),#1248);
#1244 = LINE('',#1245,#1246);
#1245 = CARTESIAN_POINT('',(332.42,10.5));
#1246 = VECTOR('',#1247,1.);
#1247 = DIRECTION('',(0.,1.));
#1248 = ( GEOMETRIC_REPRESENTATION_CONTEXT(2) 
PARAMETRIC_REPRESENTATION_CONTEXT() REPRESENTATION_CONTEXT('2D SPACE',''
  ) );
#1249 = PCURVE('',#1250,#1255);
#1250 = PLANE('',#1251);
#1251 = AXIS2_PLACEMENT_3D('',#1252,#1253,#1254);
#1252 = CARTESIAN_POINT('',(162.71,-52.12,5.25));
#1253 = DIRECTION('',(0.707106781187,0.,-0.707106781187));
#1254 = DIRECTION('',(-0.,-1.,-0.));
#1255 = DEFINITIONAL_REPRESENTATION('',(#1256),#1260);
#1256 = LINE('',#1257,#1258);
#1257 = CARTESIAN_POINT('',(-0.,-0.353553390593));
#1258 = VECTOR('',#1259,1.);
#1259 = DIRECTION('',(-1.,0.));
#1260 = ( GEOMETRIC_REPRESENTATION_CONTEXT(2) 
PARAMETRIC_REPRESENTATION_CONTEXT() REPRESENTATION_CONTEXT('2D SPACE',''
  ) );
#1261 = ORIENTED_EDGE('',*,*,#1262,.F.);
#1262 = EDGE_CURVE('',#1263,#1235,#1265,.T.);
#1263 = VERTEX_POINT('',#1264);
#1264 = CARTESIAN_POINT('',(162.78287565553,-53.29712434446,5.5));
#1265 = SURFACE_CURVE('',#1266,(#1271,#1278),.PCURVE_S1.);
#1266 = CIRCLE('',#1267,4.);
#1267 = AXIS2_PLACEMENT_3D('',#1268,#1269,#1270);
#1268 = CARTESIAN_POINT('',(158.96,-52.12,5.5));
#1269 = DIRECTION('',(0.,0.,1.));
#1270 = DIRECTION('',(0.937364687544,-0.34834959817,0.));
#1271 = PCURVE('',#266,#1272);
#1272 = DEFINITIONAL_REPRESENTATION('',(#1273),#1277);
#1273 = CIRCLE('',#1274,4.);
#1274 = AXIS2_PLACEMENT_2D('',#1275,#1276);
#1275 = CARTESIAN_POINT('',(328.42,10.5));
#1276 = DIRECTION('',(0.937364687544,-0.34834959817));
#1277 = ( GEOMETRIC_REPRESENTATION_CONTEXT(2) 
PARAMETRIC_REPRESENTATION_CONTEXT() REPRESENTATION_CONTEXT('2D SPACE',''
  ) );
#1278 = PCURVE('',#1279,#1284);
#1279 = CONICAL_SURFACE('',#1280,3.5,0.785398163397);
#1280 = AXIS2_PLACEMENT_3D('',#1281,#1282,#1283);
#1281 = CARTESIAN_POINT('',(158.96,-52.12,5.));
#1282 = DIRECTION('',(0.,0.,1.));
#1283 = DIRECTION('',(0.937364687544,-0.34834959817,0.));
#1284 = DEFINITIONAL_REPRESENTATION('',(#1285),#1289);
#1285 = LINE('',#1286,#1287);
#1286 = CARTESIAN_POINT('',(-0.,0.5));
#1287 = VECTOR('',#1288,1.);
#1288 = DIRECTION('',(1.,-0.));
#1289 = ( GEOMETRIC_REPRESENTATION_CONTEXT(2) 
PARAMETRIC_REPRESENTATION_CONTEXT() REPRESENTATION_CONTEXT('2D SPACE',''
  ) );
#1290 = ORIENTED_EDGE('',*,*,#1291,.T.);
#1291 = EDGE_CURVE('',#1263,#1292,#1294,.T.);
#1292 = VERTEX_POINT('',#1293);
#1293 = CARTESIAN_POINT('',(160.13712434446,-55.94287565553,5.5));
#1294 = SURFACE_CURVE('',#1295,(#1300,#1311),.PCURVE_S1.);
#1295 = CIRCLE('',#1296,2.);
#1296 = AXIS2_PLACEMENT_3D('',#1297,#1298,#1299);
#1297 = CARTESIAN_POINT('',(160.96,-54.12,5.5));
#1298 = DIRECTION('',(0.,0.,-1.));
#1299 = DIRECTION('',(0.911437827766,0.411437827766,0.));
#1300 = PCURVE('',#266,#1301);
#1301 = DEFINITIONAL_REPRESENTATION('',(#1302),#1310);
#1302 = ( BOUNDED_CURVE() B_SPLINE_CURVE(2,(#1303,#1304,#1305,#1306,
#1307,#1308,#1309),.UNSPECIFIED.,.T.,.F.) B_SPLINE_CURVE_WITH_KNOTS((1,2
    ,2,2,2,1),(-2.094395102393,0.,2.094395102393,4.188790204786,
6.28318530718,8.377580409573),.UNSPECIFIED.) CURVE() 
GEOMETRIC_REPRESENTATION_ITEM() RATIONAL_B_SPLINE_CURVE((1.,0.5,1.,0.5,
1.,0.5,1.)) REPRESENTATION_ITEM('') );
#1303 = CARTESIAN_POINT('',(332.24287565553,9.322875655532));
#1304 = CARTESIAN_POINT('',(333.66813809922,6.16556240427));
#1305 = CARTESIAN_POINT('',(330.22119339408,6.509905546603));
#1306 = CARTESIAN_POINT('',(326.77424868893,6.854248688935));
#1307 = CARTESIAN_POINT('',(328.79593095038,9.667218797865));
#1308 = CARTESIAN_POINT('',(330.81761321183,12.480188906795));
#1309 = CARTESIAN_POINT('',(332.24287565553,9.322875655532));
#1310 = ( GEOMETRIC_REPRESENTATION_CONTEXT(2) 
PARAMETRIC_REPRESENTATION_CONTEXT() REPRESENTATION_CONTEXT('2D SPACE',''
  ) );
#1311 = PCURVE('',#1312,#1317);
#1312 = CONICAL_SURFACE('',#1313,1.5,0.785398163397);
#1313 = AXIS2_PLACEMENT_3D('',#1314,#1315,#1316);
#1314 = CARTESIAN_POINT('',(160.96,-54.12,5.));
#1315 = DIRECTION('',(0.,0.,1.));
#1316 = DIRECTION('',(1.,0.,-0.));
#1317 = DEFINITIONAL_REPRESENTATION('',(#1318),#1322);
#1318 = LINE('',#1319,#1320);
#1319 = CARTESIAN_POINT('',(0.424031039491,0.5));
#1320 = VECTOR('',#1321,1.);
#1321 = DIRECTION('',(-1.,-0.));
#1322 = ( GEOMETRIC_REPRESENTATION_CONTEXT(2) 
PARAMETRIC_REPRESENTATION_CONTEXT() REPRESENTATION_CONTEXT('2D SPACE',''
  ) );
#1323 = ORIENTED_EDGE('',*,*,#1324,.T.);
#1324 = EDGE_CURVE('',#1292,#1325,#1327,.T.);
#1325 = VERTEX_POINT('',#1326);
#1326 = CARTESIAN_POINT('',(158.96,-56.12,5.5));
#1327 = SURFACE_CURVE('',#1328,(#1333,#1344),.PCURVE_S1.);
#1328 = CIRCLE('',#1329,4.);
#1329 = AXIS2_PLACEMENT_3D('',#1330,#1331,#1332);
#1330 = CARTESIAN_POINT('',(158.96,-52.12,5.5));
#1331 = DIRECTION('',(0.,-0.,-1.));
#1332 = DIRECTION('',(0.34834959817,-0.937364687544,0.));
#1333 = PCURVE('',#266,#1334);
#1334 = DEFINITIONAL_REPRESENTATION('',(#1335),#1343);
#1335 = ( BOUNDED_CURVE() B_SPLINE_CURVE(2,(#1336,#1337,#1338,#1339,
#1340,#1341,#1342),.UNSPECIFIED.,.T.,.F.) B_SPLINE_CURVE_WITH_KNOTS((1,2
    ,2,2,2,1),(-2.094395102393,0.,2.094395102393,4.188790204786,
6.28318530718,8.377580409573),.UNSPECIFIED.) CURVE() 
GEOMETRIC_REPRESENTATION_ITEM() RATIONAL_B_SPLINE_CURVE((1.,0.5,1.,0.5,
1.,0.5,1.)) REPRESENTATION_ITEM('') );
#1336 = CARTESIAN_POINT('',(329.81339839268,6.750541249824));
#1337 = CARTESIAN_POINT('',(323.31914533649,4.337104438516));
#1338 = CARTESIAN_POINT('',(324.47617427556,11.168010969434));
#1339 = CARTESIAN_POINT('',(325.63320321463,17.998917500353));
#1340 = CARTESIAN_POINT('',(330.97042733175,13.581447780742));
#1341 = CARTESIAN_POINT('',(336.30765144887,9.163978061131));
#1342 = CARTESIAN_POINT('',(329.81339839268,6.750541249824));
#1343 = ( GEOMETRIC_REPRESENTATION_CONTEXT(2) 
PARAMETRIC_REPRESENTATION_CONTEXT() REPRESENTATION_CONTEXT('2D SPACE',''
  ) );
#1344 = PCURVE('',#1345,#1350);
#1345 = CONICAL_SURFACE('',#1346,3.5,0.785398163397);
#1346 = AXIS2_PLACEMENT_3D('',#1347,#1348,#1349);
#1347 = CARTESIAN_POINT('',(158.96,-52.12,5.));
#1348 = DIRECTION('',(0.,0.,1.));
#1349 = DIRECTION('',(0.34834959817,-0.937364687544,0.));
#1350 = DEFINITIONAL_REPRESENTATION('',(#1351),#1355);
#1351 = LINE('',#1352,#1353);
#1352 = CARTESIAN_POINT('',(0.,0.5));
#1353 = VECTOR('',#1354,1.);
#1354 = DIRECTION('',(-1.,-0.));
#1355 = ( GEOMETRIC_REPRESENTATION_CONTEXT(2) 
PARAMETRIC_REPRESENTATION_CONTEXT() REPRESENTATION_CONTEXT('2D SPACE',''
  ) );
#1356 = ORIENTED_EDGE('',*,*,#1357,.T.);
#1357 = EDGE_CURVE('',#1325,#1358,#1360,.T.);
#1358 = VERTEX_POINT('',#1359);
#1359 = CARTESIAN_POINT('',(-158.96,-56.12,5.5));
#1360 = SURFACE_CURVE('',#1361,(#1365,#1372),.PCURVE_S1.);
#1361 = LINE('',#1362,#1363);
#1362 = CARTESIAN_POINT('',(158.96,-56.12,5.5));
#1363 = VECTOR('',#1364,1.);
#1364 = DIRECTION('',(-1.,0.,0.));
#1365 = PCURVE('',#266,#1366);
#1366 = DEFINITIONAL_REPRESENTATION('',(#1367),#1371);
#1367 = LINE('',#1368,#1369);
#1368 = CARTESIAN_POINT('',(328.42,6.5));
#1369 = VECTOR('',#1370,1.);
#1370 = DIRECTION('',(-1.,0.));
#1371 = ( GEOMETRIC_REPRESENTATION_CONTEXT(2) 
PARAMETRIC_REPRESENTATION_CONTEXT() REPRESENTATION_CONTEXT('2D SPACE',''
  ) );
#1372 = PCURVE('',#1373,#1378);
#1373 = PLANE('',#1374);
#1374 = AXIS2_PLACEMENT_3D('',#1375,#1376,#1377);
#1375 = CARTESIAN_POINT('',(158.96,-55.87,5.25));
#1376 = DIRECTION('',(0.,0.707106781187,0.707106781187));
#1377 = DIRECTION('',(1.,-0.,-0.));
#1378 = DEFINITIONAL_REPRESENTATION('',(#1379),#1383);
#1379 = LINE('',#1380,#1381);
#1380 = CARTESIAN_POINT('',(-0.,-0.353553390593));
#1381 = VECTOR('',#1382,1.);
#1382 = DIRECTION('',(-1.,0.));
#1383 = ( GEOMETRIC_REPRESENTATION_CONTEXT(2) 
PARAMETRIC_REPRESENTATION_CONTEXT() REPRESENTATION_CONTEXT('2D SPACE',''
  ) );
#1384 = ORIENTED_EDGE('',*,*,#1385,.T.);
#1385 = EDGE_CURVE('',#1358,#917,#1386,.T.);
#1386 = SURFACE_CURVE('',#1387,(#1392,#1403),.PCURVE_S1.);
#1387 = CIRCLE('',#1388,4.);
#1388 = AXIS2_PLACEMENT_3D('',#1389,#1390,#1391);
#1389 = CARTESIAN_POINT('',(-158.96,-52.12,5.5));
#1390 = DIRECTION('',(-0.,-0.,-1.));
#1391 = DIRECTION('',(0.,-1.,0.));
#1392 = PCURVE('',#266,#1393);
#1393 = DEFINITIONAL_REPRESENTATION('',(#1394),#1402);
#1394 = ( BOUNDED_CURVE() B_SPLINE_CURVE(2,(#1395,#1396,#1397,#1398,
#1399,#1400,#1401),.UNSPECIFIED.,.T.,.F.) B_SPLINE_CURVE_WITH_KNOTS((1,2
    ,2,2,2,1),(-2.094395102393,0.,2.094395102393,4.188790204786,
6.28318530718,8.377580409573),.UNSPECIFIED.) CURVE() 
GEOMETRIC_REPRESENTATION_ITEM() RATIONAL_B_SPLINE_CURVE((1.,0.5,1.,0.5,
1.,0.5,1.)) REPRESENTATION_ITEM('') );
#1395 = CARTESIAN_POINT('',(10.5,6.5));
#1396 = CARTESIAN_POINT('',(3.571796769724,6.5));
#1397 = CARTESIAN_POINT('',(7.035898384862,12.5));
#1398 = CARTESIAN_POINT('',(10.5,18.5));
#1399 = CARTESIAN_POINT('',(13.964101615138,12.5));
#1400 = CARTESIAN_POINT('',(17.428203230276,6.5));
#1401 = CARTESIAN_POINT('',(10.5,6.5));
#1402 = ( GEOMETRIC_REPRESENTATION_CONTEXT(2) 
PARAMETRIC_REPRESENTATION_CONTEXT() REPRESENTATION_CONTEXT('2D SPACE',''
  ) );
#1403 = PCURVE('',#1404,#1409);
#1404 = CONICAL_SURFACE('',#1405,3.5,0.785398163397);
#1405 = AXIS2_PLACEMENT_3D('',#1406,#1407,#1408);
#1406 = CARTESIAN_POINT('',(-158.96,-52.12,5.));
#1407 = DIRECTION('',(0.,0.,1.));
#1408 = DIRECTION('',(0.,-1.,0.));
#1409 = DEFINITIONAL_REPRESENTATION('',(#1410),#1414);
#1410 = LINE('',#1411,#1412);
#1411 = CARTESIAN_POINT('',(0.,0.5));
#1412 = VECTOR('',#1413,1.);
#1413 = DIRECTION('',(-1.,-0.));
#1414 = ( GEOMETRIC_REPRESENTATION_CONTEXT(2) 
PARAMETRIC_REPRESENTATION_CONTEXT() REPRESENTATION_CONTEXT('2D SPACE',''
  ) );
#1415 = FACE_BOUND('',#1416,.T.);
#1416 = EDGE_LOOP('',(#1417,#1418,#1441,#1470,#1498,#1527,#1548,#1549));
#1417 = ORIENTED_EDGE('',*,*,#762,.T.);
#1418 = ORIENTED_EDGE('',*,*,#1419,.T.);
#1419 = EDGE_CURVE('',#763,#1420,#1422,.T.);
#1420 = VERTEX_POINT('',#1421);
#1421 = CARTESIAN_POINT('',(165.46,-62.12,5.5));
#1422 = SURFACE_CURVE('',#1423,(#1427,#1434),.PCURVE_S1.);
#1423 = LINE('',#1424,#1425);
#1424 = CARTESIAN_POINT('',(-165.46,-62.12,5.5));
#1425 = VECTOR('',#1426,1.);
#1426 = DIRECTION('',(1.,0.,0.));
#1427 = PCURVE('',#266,#1428);
#1428 = DEFINITIONAL_REPRESENTATION('',(#1429),#1433);
#1429 = LINE('',#1430,#1431);
#1430 = CARTESIAN_POINT('',(4.,0.5));
#1431 = VECTOR('',#1432,1.);
#1432 = DIRECTION('',(1.,0.));
#1433 = ( GEOMETRIC_REPRESENTATION_CONTEXT(2) 
PARAMETRIC_REPRESENTATION_CONTEXT() REPRESENTATION_CONTEXT('2D SPACE',''
  ) );
#1434 = PCURVE('',#799,#1435);
#1435 = DEFINITIONAL_REPRESENTATION('',(#1436),#1440);
#1436 = LINE('',#1437,#1438);
#1437 = CARTESIAN_POINT('',(0.,-0.353553390593));
#1438 = VECTOR('',#1439,1.);
#1439 = DIRECTION('',(1.,0.));
#1440 = ( GEOMETRIC_REPRESENTATION_CONTEXT(2) 
PARAMETRIC_REPRESENTATION_CONTEXT() REPRESENTATION_CONTEXT('2D SPACE',''
  ) );
#1441 = ORIENTED_EDGE('',*,*,#1442,.T.);
#1442 = EDGE_CURVE('',#1420,#1443,#1445,.T.);
#1443 = VERTEX_POINT('',#1444);
#1444 = CARTESIAN_POINT('',(168.96,-58.62,5.5));
#1445 = SURFACE_CURVE('',#1446,(#1451,#1458),.PCURVE_S1.);
#1446 = CIRCLE('',#1447,3.5);
#1447 = AXIS2_PLACEMENT_3D('',#1448,#1449,#1450);
#1448 = CARTESIAN_POINT('',(165.46,-58.62,5.5));
#1449 = DIRECTION('',(0.,0.,1.));
#1450 = DIRECTION('',(0.,-1.,0.));
#1451 = PCURVE('',#266,#1452);
#1452 = DEFINITIONAL_REPRESENTATION('',(#1453),#1457);
#1453 = CIRCLE('',#1454,3.5);
#1454 = AXIS2_PLACEMENT_2D('',#1455,#1456);
#1455 = CARTESIAN_POINT('',(334.92,4.));
#1456 = DIRECTION('',(0.,-1.));
#1457 = ( GEOMETRIC_REPRESENTATION_CONTEXT(2) 
PARAMETRIC_REPRESENTATION_CONTEXT() REPRESENTATION_CONTEXT('2D SPACE',''
  ) );
#1458 = PCURVE('',#1459,#1464);
#1459 = CONICAL_SURFACE('',#1460,4.,0.785398163397);
#1460 = AXIS2_PLACEMENT_3D('',#1461,#1462,#1463);
#1461 = CARTESIAN_POINT('',(165.46,-58.62,5.));
#1462 = DIRECTION('',(-0.,-0.,-1.));
#1463 = DIRECTION('',(0.,-1.,0.));
#1464 = DEFINITIONAL_REPRESENTATION('',(#1465),#1469);
#1465 = LINE('',#1466,#1467);
#1466 = CARTESIAN_POINT('',(-0.,-0.5));
#1467 = VECTOR('',#1468,1.);
#1468 = DIRECTION('',(-1.,0.));
#1469 = ( GEOMETRIC_REPRESENTATION_CONTEXT(2) 
PARAMETRIC_REPRESENTATION_CONTEXT() REPRESENTATION_CONTEXT('2D SPACE',''
  ) );
#1470 = ORIENTED_EDGE('',*,*,#1471,.T.);
#1471 = EDGE_CURVE('',#1443,#1472,#1474,.T.);
#1472 = VERTEX_POINT('',#1473);
#1473 = CARTESIAN_POINT('',(168.96,58.62,5.5));
#1474 = SURFACE_CURVE('',#1475,(#1479,#1486),.PCURVE_S1.);
#1475 = LINE('',#1476,#1477);
#1476 = CARTESIAN_POINT('',(168.96,-58.62,5.5));
#1477 = VECTOR('',#1478,1.);
#1478 = DIRECTION('',(0.,1.,0.));
#1479 = PCURVE('',#266,#1480);
#1480 = DEFINITIONAL_REPRESENTATION('',(#1481),#1485);
#1481 = LINE('',#1482,#1483);
#1482 = CARTESIAN_POINT('',(338.42,4.));
#1483 = VECTOR('',#1484,1.);
#1484 = DIRECTION('',(0.,1.));
#1485 = ( GEOMETRIC_REPRESENTATION_CONTEXT(2) 
PARAMETRIC_REPRESENTATION_CONTEXT() REPRESENTATION_CONTEXT('2D SPACE',''
  ) );
#1486 = PCURVE('',#1487,#1492);
#1487 = PLANE('',#1488);
#1488 = AXIS2_PLACEMENT_3D('',#1489,#1490,#1491);
#1489 = CARTESIAN_POINT('',(169.21,-58.62,5.25));
#1490 = DIRECTION('',(0.707106781187,0.,0.707106781187));
#1491 = DIRECTION('',(0.,-1.,-0.));
#1492 = DEFINITIONAL_REPRESENTATION('',(#1493),#1497);
#1493 = LINE('',#1494,#1495);
#1494 = CARTESIAN_POINT('',(-0.,-0.353553390593));
#1495 = VECTOR('',#1496,1.);
#1496 = DIRECTION('',(-1.,0.));
#1497 = ( GEOMETRIC_REPRESENTATION_CONTEXT(2) 
PARAMETRIC_REPRESENTATION_CONTEXT() REPRESENTATION_CONTEXT('2D SPACE',''
  ) );
#1498 = ORIENTED_EDGE('',*,*,#1499,.T.);
#1499 = EDGE_CURVE('',#1472,#1500,#1502,.T.);
#1500 = VERTEX_POINT('',#1501);
#1501 = CARTESIAN_POINT('',(165.46,62.12,5.5));
#1502 = SURFACE_CURVE('',#1503,(#1508,#1515),.PCURVE_S1.);
#1503 = CIRCLE('',#1504,3.5);
#1504 = AXIS2_PLACEMENT_3D('',#1505,#1506,#1507);
#1505 = CARTESIAN_POINT('',(165.46,58.62,5.5));
#1506 = DIRECTION('',(0.,0.,1.));
#1507 = DIRECTION('',(1.,0.,-0.));
#1508 = PCURVE('',#266,#1509);
#1509 = DEFINITIONAL_REPRESENTATION('',(#1510),#1514);
#1510 = CIRCLE('',#1511,3.5);
#1511 = AXIS2_PLACEMENT_2D('',#1512,#1513);
#1512 = CARTESIAN_POINT('',(334.92,121.24));
#1513 = DIRECTION('',(1.,0.));
#1514 = ( GEOMETRIC_REPRESENTATION_CONTEXT(2) 
PARAMETRIC_REPRESENTATION_CONTEXT() REPRESENTATION_CONTEXT('2D SPACE',''
  ) );
#1515 = PCURVE('',#1516,#1521);
#1516 = CONICAL_SURFACE('',#1517,4.,0.785398163397);
#1517 = AXIS2_PLACEMENT_3D('',#1518,#1519,#1520);
#1518 = CARTESIAN_POINT('',(165.46,58.62,5.));
#1519 = DIRECTION('',(-0.,-0.,-1.));
#1520 = DIRECTION('',(1.,0.,0.));
#1521 = DEFINITIONAL_REPRESENTATION('',(#1522),#1526);
#1522 = LINE('',#1523,#1524);
#1523 = CARTESIAN_POINT('',(-0.,-0.5));
#1524 = VECTOR('',#1525,1.);
#1525 = DIRECTION('',(-1.,0.));
#1526 = ( GEOMETRIC_REPRESENTATION_CONTEXT(2) 
PARAMETRIC_REPRESENTATION_CONTEXT() REPRESENTATION_CONTEXT('2D SPACE',''
  ) );
#1527 = ORIENTED_EDGE('',*,*,#1528,.T.);
#1528 = EDGE_CURVE('',#1500,#864,#1529,.T.);
#1529 = SURFACE_CURVE('',#1530,(#1534,#1541),.PCURVE_S1.);
#1530 = LINE('',#1531,#1532);
#1531 = CARTESIAN_POINT('',(165.46,62.12,5.5));
#1532 = VECTOR('',#1533,1.);
#1533 = DIRECTION('',(-1.,-0.,-0.));
#1534 = PCURVE('',#266,#1535);
#1535 = DEFINITIONAL_REPRESENTATION('',(#1536),#1540);
#1536 = LINE('',#1537,#1538);
#1537 = CARTESIAN_POINT('',(334.92,124.74));
#1538 = VECTOR('',#1539,1.);
#1539 = DIRECTION('',(-1.,-0.));
#1540 = ( GEOMETRIC_REPRESENTATION_CONTEXT(2) 
PARAMETRIC_REPRESENTATION_CONTEXT() REPRESENTATION_CONTEXT('2D SPACE',''
  ) );
#1541 = PCURVE('',#878,#1542);
#1542 = DEFINITIONAL_REPRESENTATION('',(#1543),#1547);
#1543 = LINE('',#1544,#1545);
#1544 = CARTESIAN_POINT('',(-0.,-0.353553390593));
#1545 = VECTOR('',#1546,1.);
#1546 = DIRECTION('',(-1.,0.));
#1547 = ( GEOMETRIC_REPRESENTATION_CONTEXT(2) 
PARAMETRIC_REPRESENTATION_CONTEXT() REPRESENTATION_CONTEXT('2D SPACE',''
  ) );
#1548 = ORIENTED_EDGE('',*,*,#889,.T.);
#1549 = ORIENTED_EDGE('',*,*,#250,.T.);
#1550 = ADVANCED_FACE('',(#1551),#432,.T.);
#1551 = FACE_BOUND('',#1552,.T.);
#1552 = EDGE_LOOP('',(#1553,#1554,#1577,#1598));
#1553 = ORIENTED_EDGE('',*,*,#713,.T.);
#1554 = ORIENTED_EDGE('',*,*,#1555,.F.);
#1555 = EDGE_CURVE('',#1556,#714,#1558,.T.);
#1556 = VERTEX_POINT('',#1557);
#1557 = CARTESIAN_POINT('',(165.46,62.62,5.));
#1558 = SURFACE_CURVE('',#1559,(#1563,#1570),.PCURVE_S1.);
#1559 = LINE('',#1560,#1561);
#1560 = CARTESIAN_POINT('',(165.46,62.62,5.));
#1561 = VECTOR('',#1562,1.);
#1562 = DIRECTION('',(-1.,-0.,-0.));
#1563 = PCURVE('',#432,#1564);
#1564 = DEFINITIONAL_REPRESENTATION('',(#1565),#1569);
#1565 = LINE('',#1566,#1567);
#1566 = CARTESIAN_POINT('',(5.,334.92));
#1567 = VECTOR('',#1568,1.);
#1568 = DIRECTION('',(-0.,-1.));
#1569 = ( GEOMETRIC_REPRESENTATION_CONTEXT(2) 
PARAMETRIC_REPRESENTATION_CONTEXT() REPRESENTATION_CONTEXT('2D SPACE',''
  ) );
#1570 = PCURVE('',#878,#1571);
#1571 = DEFINITIONAL_REPRESENTATION('',(#1572),#1576);
#1572 = LINE('',#1573,#1574);
#1573 = CARTESIAN_POINT('',(-0.,0.353553390593));
#1574 = VECTOR('',#1575,1.);
#1575 = DIRECTION('',(-1.,0.));
#1576 = ( GEOMETRIC_REPRESENTATION_CONTEXT(2) 
PARAMETRIC_REPRESENTATION_CONTEXT() REPRESENTATION_CONTEXT('2D SPACE',''
  ) );
#1577 = ORIENTED_EDGE('',*,*,#1578,.F.);
#1578 = EDGE_CURVE('',#388,#1556,#1579,.T.);
#1579 = SURFACE_CURVE('',#1580,(#1584,#1591),.PCURVE_S1.);
#1580 = LINE('',#1581,#1582);
#1581 = CARTESIAN_POINT('',(165.46,62.62,0.));
#1582 = VECTOR('',#1583,1.);
#1583 = DIRECTION('',(0.,0.,1.));
#1584 = PCURVE('',#432,#1585);
#1585 = DEFINITIONAL_REPRESENTATION('',(#1586),#1590);
#1586 = LINE('',#1587,#1588);
#1587 = CARTESIAN_POINT('',(0.,334.92));
#1588 = VECTOR('',#1589,1.);
#1589 = DIRECTION('',(1.,0.));
#1590 = ( GEOMETRIC_REPRESENTATION_CONTEXT(2) 
PARAMETRIC_REPRESENTATION_CONTEXT() REPRESENTATION_CONTEXT('2D SPACE',''
  ) );
#1591 = PCURVE('',#404,#1592);
#1592 = DEFINITIONAL_REPRESENTATION('',(#1593),#1597);
#1593 = LINE('',#1594,#1595);
#1594 = CARTESIAN_POINT('',(1.570796326795,0.));
#1595 = VECTOR('',#1596,1.);
#1596 = DIRECTION('',(0.,1.));
#1597 = ( GEOMETRIC_REPRESENTATION_CONTEXT(2) 
PARAMETRIC_REPRESENTATION_CONTEXT() REPRESENTATION_CONTEXT('2D SPACE',''
  ) );
#1598 = ORIENTED_EDGE('',*,*,#416,.F.);
#1599 = ADVANCED_FACE('',(#1600),#347,.T.);
#1600 = FACE_BOUND('',#1601,.F.);
#1601 = EDGE_LOOP('',(#1602,#1625,#1626,#1627));
#1602 = ORIENTED_EDGE('',*,*,#1603,.F.);
#1603 = EDGE_CURVE('',#327,#1604,#1606,.T.);
#1604 = VERTEX_POINT('',#1605);
#1605 = CARTESIAN_POINT('',(169.46,-58.62,5.));
#1606 = SURFACE_CURVE('',#1607,(#1611,#1618),.PCURVE_S1.);
#1607 = LINE('',#1608,#1609);
#1608 = CARTESIAN_POINT('',(169.46,-58.62,0.));
#1609 = VECTOR('',#1610,1.);
#1610 = DIRECTION('',(0.,0.,1.));
#1611 = PCURVE('',#347,#1612);
#1612 = DEFINITIONAL_REPRESENTATION('',(#1613),#1617);
#1613 = LINE('',#1614,#1615);
#1614 = CARTESIAN_POINT('',(-0.,0.));
#1615 = VECTOR('',#1616,1.);
#1616 = DIRECTION('',(-0.,1.));
#1617 = ( GEOMETRIC_REPRESENTATION_CONTEXT(2) 
PARAMETRIC_REPRESENTATION_CONTEXT() REPRESENTATION_CONTEXT('2D SPACE',''
  ) );
#1618 = PCURVE('',#375,#1619);
#1619 = DEFINITIONAL_REPRESENTATION('',(#1620),#1624);
#1620 = LINE('',#1621,#1622);
#1621 = CARTESIAN_POINT('',(0.,-4.));
#1622 = VECTOR('',#1623,1.);
#1623 = DIRECTION('',(1.,0.));
#1624 = ( GEOMETRIC_REPRESENTATION_CONTEXT(2) 
PARAMETRIC_REPRESENTATION_CONTEXT() REPRESENTATION_CONTEXT('2D SPACE',''
  ) );
#1625 = ORIENTED_EDGE('',*,*,#326,.T.);
#1626 = ORIENTED_EDGE('',*,*,#838,.T.);
#1627 = ORIENTED_EDGE('',*,*,#1628,.T.);
#1628 = EDGE_CURVE('',#816,#1604,#1629,.T.);
#1629 = SURFACE_CURVE('',#1630,(#1635,#1642),.PCURVE_S1.);
#1630 = CIRCLE('',#1631,4.);
#1631 = AXIS2_PLACEMENT_3D('',#1632,#1633,#1634);
#1632 = CARTESIAN_POINT('',(165.46,-58.62,5.));
#1633 = DIRECTION('',(0.,0.,1.));
#1634 = DIRECTION('',(0.,-1.,0.));
#1635 = PCURVE('',#347,#1636);
#1636 = DEFINITIONAL_REPRESENTATION('',(#1637),#1641);
#1637 = LINE('',#1638,#1639);
#1638 = CARTESIAN_POINT('',(-1.570796326795,5.));
#1639 = VECTOR('',#1640,1.);
#1640 = DIRECTION('',(1.,-0.));
#1641 = ( GEOMETRIC_REPRESENTATION_CONTEXT(2) 
PARAMETRIC_REPRESENTATION_CONTEXT() REPRESENTATION_CONTEXT('2D SPACE',''
  ) );
#1642 = PCURVE('',#1459,#1643);
#1643 = DEFINITIONAL_REPRESENTATION('',(#1644),#1648);
#1644 = LINE('',#1645,#1646);
#1645 = CARTESIAN_POINT('',(-0.,0.));
#1646 = VECTOR('',#1647,1.);
#1647 = DIRECTION('',(-1.,0.));
#1648 = ( GEOMETRIC_REPRESENTATION_CONTEXT(2) 
PARAMETRIC_REPRESENTATION_CONTEXT() REPRESENTATION_CONTEXT('2D SPACE',''
  ) );
#1649 = ADVANCED_FACE('',(#1650),#404,.T.);
#1650 = FACE_BOUND('',#1651,.T.);
#1651 = EDGE_LOOP('',(#1652,#1675,#1676,#1677));
#1652 = ORIENTED_EDGE('',*,*,#1653,.F.);
#1653 = EDGE_CURVE('',#360,#1654,#1656,.T.);
#1654 = VERTEX_POINT('',#1655);
#1655 = CARTESIAN_POINT('',(169.46,58.62,5.));
#1656 = SURFACE_CURVE('',#1657,(#1661,#1668),.PCURVE_S1.);
#1657 = LINE('',#1658,#1659);
#1658 = CARTESIAN_POINT('',(169.46,58.62,0.));
#1659 = VECTOR('',#1660,1.);
#1660 = DIRECTION('',(0.,0.,1.));
#1661 = PCURVE('',#404,#1662);
#1662 = DEFINITIONAL_REPRESENTATION('',(#1663),#1667);
#1663 = LINE('',#1664,#1665);
#1664 = CARTESIAN_POINT('',(0.,0.));
#1665 = VECTOR('',#1666,1.);
#1666 = DIRECTION('',(0.,1.));
#1667 = ( GEOMETRIC_REPRESENTATION_CONTEXT(2) 
PARAMETRIC_REPRESENTATION_CONTEXT() REPRESENTATION_CONTEXT('2D SPACE',''
  ) );
#1668 = PCURVE('',#375,#1669);
#1669 = DEFINITIONAL_REPRESENTATION('',(#1670),#1674);
#1670 = LINE('',#1671,#1672);
#1671 = CARTESIAN_POINT('',(0.,-121.24));
#1672 = VECTOR('',#1673,1.);
#1673 = DIRECTION('',(1.,0.));
#1674 = ( GEOMETRIC_REPRESENTATION_CONTEXT(2) 
PARAMETRIC_REPRESENTATION_CONTEXT() REPRESENTATION_CONTEXT('2D SPACE',''
  ) );
#1675 = ORIENTED_EDGE('',*,*,#387,.T.);
#1676 = ORIENTED_EDGE('',*,*,#1578,.T.);
#1677 = ORIENTED_EDGE('',*,*,#1678,.F.);
#1678 = EDGE_CURVE('',#1654,#1556,#1679,.T.);
#1679 = SURFACE_CURVE('',#1680,(#1685,#1692),.PCURVE_S1.);
#1680 = CIRCLE('',#1681,4.);
#1681 = AXIS2_PLACEMENT_3D('',#1682,#1683,#1684);
#1682 = CARTESIAN_POINT('',(165.46,58.62,5.));
#1683 = DIRECTION('',(0.,0.,1.));
#1684 = DIRECTION('',(1.,0.,-0.));
#1685 = PCURVE('',#404,#1686);
#1686 = DEFINITIONAL_REPRESENTATION('',(#1687),#1691);
#1687 = LINE('',#1688,#1689);
#1688 = CARTESIAN_POINT('',(0.,5.));
#1689 = VECTOR('',#1690,1.);
#1690 = DIRECTION('',(1.,0.));
#1691 = ( GEOMETRIC_REPRESENTATION_CONTEXT(2) 
PARAMETRIC_REPRESENTATION_CONTEXT() REPRESENTATION_CONTEXT('2D SPACE',''
  ) );
#1692 = PCURVE('',#1516,#1693);
#1693 = DEFINITIONAL_REPRESENTATION('',(#1694),#1698);
#1694 = LINE('',#1695,#1696);
#1695 = CARTESIAN_POINT('',(-0.,0.));
#1696 = VECTOR('',#1697,1.);
#1697 = DIRECTION('',(-1.,0.));
#1698 = ( GEOMETRIC_REPRESENTATION_CONTEXT(2) 
PARAMETRIC_REPRESENTATION_CONTEXT() REPRESENTATION_CONTEXT('2D SPACE',''
  ) );
#1699 = ADVANCED_FACE('',(#1700),#375,.T.);
#1700 = FACE_BOUND('',#1701,.T.);
#1701 = EDGE_LOOP('',(#1702,#1703,#1704,#1705));
#1702 = ORIENTED_EDGE('',*,*,#1603,.F.);
#1703 = ORIENTED_EDGE('',*,*,#359,.T.);
#1704 = ORIENTED_EDGE('',*,*,#1653,.T.);
#1705 = ORIENTED_EDGE('',*,*,#1706,.F.);
#1706 = EDGE_CURVE('',#1604,#1654,#1707,.T.);
#1707 = SURFACE_CURVE('',#1708,(#1712,#1719),.PCURVE_S1.);
#1708 = LINE('',#1709,#1710);
#1709 = CARTESIAN_POINT('',(169.46,-58.62,5.));
#1710 = VECTOR('',#1711,1.);
#1711 = DIRECTION('',(0.,1.,0.));
#1712 = PCURVE('',#375,#1713);
#1713 = DEFINITIONAL_REPRESENTATION('',(#1714),#1718);
#1714 = LINE('',#1715,#1716);
#1715 = CARTESIAN_POINT('',(5.,-4.));
#1716 = VECTOR('',#1717,1.);
#1717 = DIRECTION('',(0.,-1.));
#1718 = ( GEOMETRIC_REPRESENTATION_CONTEXT(2) 
PARAMETRIC_REPRESENTATION_CONTEXT() REPRESENTATION_CONTEXT('2D SPACE',''
  ) );
#1719 = PCURVE('',#1487,#1720);
#1720 = DEFINITIONAL_REPRESENTATION('',(#1721),#1725);
#1721 = LINE('',#1722,#1723);
#1722 = CARTESIAN_POINT('',(-0.,0.353553390593));
#1723 = VECTOR('',#1724,1.);
#1724 = DIRECTION('',(-1.,0.));
#1725 = ( GEOMETRIC_REPRESENTATION_CONTEXT(2) 
PARAMETRIC_REPRESENTATION_CONTEXT() REPRESENTATION_CONTEXT('2D SPACE',''
  ) );
#1726 = ADVANCED_FACE('',(#1727),#491,.T.);
#1727 = FACE_BOUND('',#1728,.T.);
#1728 = EDGE_LOOP('',(#1729,#1760,#1781,#1782));
#1729 = ORIENTED_EDGE('',*,*,#1730,.T.);
#1730 = EDGE_CURVE('',#1731,#1733,#1735,.T.);
#1731 = VERTEX_POINT('',#1732);
#1732 = CARTESIAN_POINT('',(-165.26,-57.92,-2.));
#1733 = VERTEX_POINT('',#1734);
#1734 = CARTESIAN_POINT('',(-164.76,-58.42,-2.));
#1735 = SURFACE_CURVE('',#1736,(#1741,#1748),.PCURVE_S1.);
#1736 = CIRCLE('',#1737,0.5);
#1737 = AXIS2_PLACEMENT_3D('',#1738,#1739,#1740);
#1738 = CARTESIAN_POINT('',(-164.76,-57.92,-2.));
#1739 = DIRECTION('',(0.,0.,1.));
#1740 = DIRECTION('',(0.,-1.,0.));
#1741 = PCURVE('',#491,#1742);
#1742 = DEFINITIONAL_REPRESENTATION('',(#1743),#1747);
#1743 = LINE('',#1744,#1745);
#1744 = CARTESIAN_POINT('',(-4.712388980385,0.));
#1745 = VECTOR('',#1746,1.);
#1746 = DIRECTION('',(1.,0.));
#1747 = ( GEOMETRIC_REPRESENTATION_CONTEXT(2) 
PARAMETRIC_REPRESENTATION_CONTEXT() REPRESENTATION_CONTEXT('2D SPACE',''
  ) );
#1748 = PCURVE('',#1749,#1754);
#1749 = PLANE('',#1750);
#1750 = AXIS2_PLACEMENT_3D('',#1751,#1752,#1753);
#1751 = CARTESIAN_POINT('',(-165.26,-58.42,-2.));
#1752 = DIRECTION('',(0.,0.,1.));
#1753 = DIRECTION('',(1.,0.,0.));
#1754 = DEFINITIONAL_REPRESENTATION('',(#1755),#1759);
#1755 = CIRCLE('',#1756,0.5);
#1756 = AXIS2_PLACEMENT_2D('',#1757,#1758);
#1757 = CARTESIAN_POINT('',(0.5,0.5));
#1758 = DIRECTION('',(0.,-1.));
#1759 = ( GEOMETRIC_REPRESENTATION_CONTEXT(2) 
PARAMETRIC_REPRESENTATION_CONTEXT() REPRESENTATION_CONTEXT('2D SPACE',''
  ) );
#1760 = ORIENTED_EDGE('',*,*,#1761,.T.);
#1761 = EDGE_CURVE('',#1733,#475,#1762,.T.);
#1762 = SURFACE_CURVE('',#1763,(#1767,#1774),.PCURVE_S1.);
#1763 = LINE('',#1764,#1765);
#1764 = CARTESIAN_POINT('',(-164.76,-58.42,-2.));
#1765 = VECTOR('',#1766,1.);
#1766 = DIRECTION('',(0.,0.,1.));
#1767 = PCURVE('',#491,#1768);
#1768 = DEFINITIONAL_REPRESENTATION('',(#1769),#1773);
#1769 = LINE('',#1770,#1771);
#1770 = CARTESIAN_POINT('',(1.570796326795,0.));
#1771 = VECTOR('',#1772,1.);
#1772 = DIRECTION('',(0.,1.));
#1773 = ( GEOMETRIC_REPRESENTATION_CONTEXT(2) 
PARAMETRIC_REPRESENTATION_CONTEXT() REPRESENTATION_CONTEXT('2D SPACE',''
  ) );
#1774 = PCURVE('',#696,#1775);
#1775 = DEFINITIONAL_REPRESENTATION('',(#1776),#1780);
#1776 = LINE('',#1777,#1778);
#1777 = CARTESIAN_POINT('',(0.,0.5));
#1778 = VECTOR('',#1779,1.);
#1779 = DIRECTION('',(1.,0.));
#1780 = ( GEOMETRIC_REPRESENTATION_CONTEXT(2) 
PARAMETRIC_REPRESENTATION_CONTEXT() REPRESENTATION_CONTEXT('2D SPACE',''
  ) );
#1781 = ORIENTED_EDGE('',*,*,#472,.F.);
#1782 = ORIENTED_EDGE('',*,*,#1783,.F.);
#1783 = EDGE_CURVE('',#1731,#473,#1784,.T.);
#1784 = SURFACE_CURVE('',#1785,(#1789,#1796),.PCURVE_S1.);
#1785 = LINE('',#1786,#1787);
#1786 = CARTESIAN_POINT('',(-165.26,-57.92,-2.));
#1787 = VECTOR('',#1788,1.);
#1788 = DIRECTION('',(0.,0.,1.));
#1789 = PCURVE('',#491,#1790);
#1790 = DEFINITIONAL_REPRESENTATION('',(#1791),#1795);
#1791 = LINE('',#1792,#1793);
#1792 = CARTESIAN_POINT('',(0.,0.));
#1793 = VECTOR('',#1794,1.);
#1794 = DIRECTION('',(0.,1.));
#1795 = ( GEOMETRIC_REPRESENTATION_CONTEXT(2) 
PARAMETRIC_REPRESENTATION_CONTEXT() REPRESENTATION_CONTEXT('2D SPACE',''
  ) );
#1796 = PCURVE('',#519,#1797);
#1797 = DEFINITIONAL_REPRESENTATION('',(#1798),#1802);
#1798 = LINE('',#1799,#1800);
#1799 = CARTESIAN_POINT('',(0.,-0.5));
#1800 = VECTOR('',#1801,1.);
#1801 = DIRECTION('',(1.,0.));
#1802 = ( GEOMETRIC_REPRESENTATION_CONTEXT(2) 
PARAMETRIC_REPRESENTATION_CONTEXT() REPRESENTATION_CONTEXT('2D SPACE',''
  ) );
#1803 = ADVANCED_FACE('',(#1804),#696,.F.);
#1804 = FACE_BOUND('',#1805,.F.);
#1805 = EDGE_LOOP('',(#1806,#1829,#1830,#1831));
#1806 = ORIENTED_EDGE('',*,*,#1807,.F.);
#1807 = EDGE_CURVE('',#1733,#1808,#1810,.T.);
#1808 = VERTEX_POINT('',#1809);
#1809 = CARTESIAN_POINT('',(164.76,-58.42,-2.));
#1810 = SURFACE_CURVE('',#1811,(#1815,#1822),.PCURVE_S1.);
#1811 = LINE('',#1812,#1813);
#1812 = CARTESIAN_POINT('',(-165.26,-58.42,-2.));
#1813 = VECTOR('',#1814,1.);
#1814 = DIRECTION('',(1.,0.,0.));
#1815 = PCURVE('',#696,#1816);
#1816 = DEFINITIONAL_REPRESENTATION('',(#1817),#1821);
#1817 = LINE('',#1818,#1819);
#1818 = CARTESIAN_POINT('',(0.,0.));
#1819 = VECTOR('',#1820,1.);
#1820 = DIRECTION('',(0.,1.));
#1821 = ( GEOMETRIC_REPRESENTATION_CONTEXT(2) 
PARAMETRIC_REPRESENTATION_CONTEXT() REPRESENTATION_CONTEXT('2D SPACE',''
  ) );
#1822 = PCURVE('',#1749,#1823);
#1823 = DEFINITIONAL_REPRESENTATION('',(#1824),#1828);
#1824 = LINE('',#1825,#1826);
#1825 = CARTESIAN_POINT('',(0.,0.));
#1826 = VECTOR('',#1827,1.);
#1827 = DIRECTION('',(1.,0.));
#1828 = ( GEOMETRIC_REPRESENTATION_CONTEXT(2) 
PARAMETRIC_REPRESENTATION_CONTEXT() REPRESENTATION_CONTEXT('2D SPACE',''
  ) );
#1829 = ORIENTED_EDGE('',*,*,#1761,.T.);
#1830 = ORIENTED_EDGE('',*,*,#682,.T.);
#1831 = ORIENTED_EDGE('',*,*,#1832,.F.);
#1832 = EDGE_CURVE('',#1808,#650,#1833,.T.);
#1833 = SURFACE_CURVE('',#1834,(#1838,#1845),.PCURVE_S1.);
#1834 = LINE('',#1835,#1836);
#1835 = CARTESIAN_POINT('',(164.76,-58.42,-2.));
#1836 = VECTOR('',#1837,1.);
#1837 = DIRECTION('',(0.,0.,1.));
#1838 = PCURVE('',#696,#1839);
#1839 = DEFINITIONAL_REPRESENTATION('',(#1840),#1844);
#1840 = LINE('',#1841,#1842);
#1841 = CARTESIAN_POINT('',(0.,330.02));
#1842 = VECTOR('',#1843,1.);
#1843 = DIRECTION('',(1.,0.));
#1844 = ( GEOMETRIC_REPRESENTATION_CONTEXT(2) 
PARAMETRIC_REPRESENTATION_CONTEXT() REPRESENTATION_CONTEXT('2D SPACE',''
  ) );
#1845 = PCURVE('',#670,#1846);
#1846 = DEFINITIONAL_REPRESENTATION('',(#1847),#1851);
#1847 = LINE('',#1848,#1849);
#1848 = CARTESIAN_POINT('',(-1.570796326795,0.));
#1849 = VECTOR('',#1850,1.);
#1850 = DIRECTION('',(-0.,1.));
#1851 = ( GEOMETRIC_REPRESENTATION_CONTEXT(2) 
PARAMETRIC_REPRESENTATION_CONTEXT() REPRESENTATION_CONTEXT('2D SPACE',''
  ) );
#1852 = ADVANCED_FACE('',(#1853),#670,.T.);
#1853 = FACE_BOUND('',#1854,.F.);
#1854 = EDGE_LOOP('',(#1855,#1883,#1884,#1885));
#1855 = ORIENTED_EDGE('',*,*,#1856,.T.);
#1856 = EDGE_CURVE('',#1857,#1808,#1859,.T.);
#1857 = VERTEX_POINT('',#1858);
#1858 = CARTESIAN_POINT('',(165.26,-57.92,-2.));
#1859 = SURFACE_CURVE('',#1860,(#1865,#1872),.PCURVE_S1.);
#1860 = CIRCLE('',#1861,0.5);
#1861 = AXIS2_PLACEMENT_3D('',#1862,#1863,#1864);
#1862 = CARTESIAN_POINT('',(164.76,-57.92,-2.));
#1863 = DIRECTION('',(-0.,-0.,-1.));
#1864 = DIRECTION('',(0.,-1.,0.));
#1865 = PCURVE('',#670,#1866);
#1866 = DEFINITIONAL_REPRESENTATION('',(#1867),#1871);
#1867 = LINE('',#1868,#1869);
#1868 = CARTESIAN_POINT('',(4.712388980385,-0.));
#1869 = VECTOR('',#1870,1.);
#1870 = DIRECTION('',(-1.,0.));
#1871 = ( GEOMETRIC_REPRESENTATION_CONTEXT(2) 
PARAMETRIC_REPRESENTATION_CONTEXT() REPRESENTATION_CONTEXT('2D SPACE',''
  ) );
#1872 = PCURVE('',#1749,#1873);
#1873 = DEFINITIONAL_REPRESENTATION('',(#1874),#1882);
#1874 = ( BOUNDED_CURVE() B_SPLINE_CURVE(2,(#1875,#1876,#1877,#1878,
#1879,#1880,#1881),.UNSPECIFIED.,.T.,.F.) B_SPLINE_CURVE_WITH_KNOTS((1,2
    ,2,2,2,1),(-2.094395102393,0.,2.094395102393,4.188790204786,
6.28318530718,8.377580409573),.UNSPECIFIED.) CURVE() 
GEOMETRIC_REPRESENTATION_ITEM() RATIONAL_B_SPLINE_CURVE((1.,0.5,1.,0.5,
1.,0.5,1.)) REPRESENTATION_ITEM('') );
#1875 = CARTESIAN_POINT('',(330.02,0.));
#1876 = CARTESIAN_POINT('',(329.15397459621,0.));
#1877 = CARTESIAN_POINT('',(329.5869872981,0.75));
#1878 = CARTESIAN_POINT('',(330.02,1.5));
#1879 = CARTESIAN_POINT('',(330.45301270189,0.75));
#1880 = CARTESIAN_POINT('',(330.88602540378,7.771561172376E-16));
#1881 = CARTESIAN_POINT('',(330.02,0.));
#1882 = ( GEOMETRIC_REPRESENTATION_CONTEXT(2) 
PARAMETRIC_REPRESENTATION_CONTEXT() REPRESENTATION_CONTEXT('2D SPACE',''
  ) );
#1883 = ORIENTED_EDGE('',*,*,#1832,.T.);
#1884 = ORIENTED_EDGE('',*,*,#649,.F.);
#1885 = ORIENTED_EDGE('',*,*,#1886,.F.);
#1886 = EDGE_CURVE('',#1857,#622,#1887,.T.);
#1887 = SURFACE_CURVE('',#1888,(#1892,#1899),.PCURVE_S1.);
#1888 = LINE('',#1889,#1890);
#1889 = CARTESIAN_POINT('',(165.26,-57.92,-2.));
#1890 = VECTOR('',#1891,1.);
#1891 = DIRECTION('',(0.,0.,1.));
#1892 = PCURVE('',#670,#1893);
#1893 = DEFINITIONAL_REPRESENTATION('',(#1894),#1898);
#1894 = LINE('',#1895,#1896);
#1895 = CARTESIAN_POINT('',(-0.,0.));
#1896 = VECTOR('',#1897,1.);
#1897 = DIRECTION('',(-0.,1.));
#1898 = ( GEOMETRIC_REPRESENTATION_CONTEXT(2) 
PARAMETRIC_REPRESENTATION_CONTEXT() REPRESENTATION_CONTEXT('2D SPACE',''
  ) );
#1899 = PCURVE('',#637,#1900);
#1900 = DEFINITIONAL_REPRESENTATION('',(#1901),#1905);
#1901 = LINE('',#1902,#1903);
#1902 = CARTESIAN_POINT('',(0.,-0.5));
#1903 = VECTOR('',#1904,1.);
#1904 = DIRECTION('',(1.,0.));
#1905 = ( GEOMETRIC_REPRESENTATION_CONTEXT(2) 
PARAMETRIC_REPRESENTATION_CONTEXT() REPRESENTATION_CONTEXT('2D SPACE',''
  ) );
#1906 = ADVANCED_FACE('',(#1907),#637,.T.);
#1907 = FACE_BOUND('',#1908,.T.);
#1908 = EDGE_LOOP('',(#1909,#1910,#1911,#1934));
#1909 = ORIENTED_EDGE('',*,*,#621,.F.);
#1910 = ORIENTED_EDGE('',*,*,#1886,.F.);
#1911 = ORIENTED_EDGE('',*,*,#1912,.T.);
#1912 = EDGE_CURVE('',#1857,#1913,#1915,.T.);
#1913 = VERTEX_POINT('',#1914);
#1914 = CARTESIAN_POINT('',(165.26,57.92,-2.));
#1915 = SURFACE_CURVE('',#1916,(#1920,#1927),.PCURVE_S1.);
#1916 = LINE('',#1917,#1918);
#1917 = CARTESIAN_POINT('',(165.26,-58.42,-2.));
#1918 = VECTOR('',#1919,1.);
#1919 = DIRECTION('',(0.,1.,0.));
#1920 = PCURVE('',#637,#1921);
#1921 = DEFINITIONAL_REPRESENTATION('',(#1922),#1926);
#1922 = LINE('',#1923,#1924);
#1923 = CARTESIAN_POINT('',(0.,0.));
#1924 = VECTOR('',#1925,1.);
#1925 = DIRECTION('',(0.,-1.));
#1926 = ( GEOMETRIC_REPRESENTATION_CONTEXT(2) 
PARAMETRIC_REPRESENTATION_CONTEXT() REPRESENTATION_CONTEXT('2D SPACE',''
  ) );
#1927 = PCURVE('',#1749,#1928);
#1928 = DEFINITIONAL_REPRESENTATION('',(#1929),#1933);
#1929 = LINE('',#1930,#1931);
#1930 = CARTESIAN_POINT('',(330.52,0.));
#1931 = VECTOR('',#1932,1.);
#1932 = DIRECTION('',(0.,1.));
#1933 = ( GEOMETRIC_REPRESENTATION_CONTEXT(2) 
PARAMETRIC_REPRESENTATION_CONTEXT() REPRESENTATION_CONTEXT('2D SPACE',''
  ) );
#1934 = ORIENTED_EDGE('',*,*,#1935,.T.);
#1935 = EDGE_CURVE('',#1913,#593,#1936,.T.);
#1936 = SURFACE_CURVE('',#1937,(#1941,#1948),.PCURVE_S1.);
#1937 = LINE('',#1938,#1939);
#1938 = CARTESIAN_POINT('',(165.26,57.92,-2.));
#1939 = VECTOR('',#1940,1.);
#1940 = DIRECTION('',(0.,0.,1.));
#1941 = PCURVE('',#637,#1942);
#1942 = DEFINITIONAL_REPRESENTATION('',(#1943),#1947);
#1943 = LINE('',#1944,#1945);
#1944 = CARTESIAN_POINT('',(0.,-116.34));
#1945 = VECTOR('',#1946,1.);
#1946 = DIRECTION('',(1.,0.));
#1947 = ( GEOMETRIC_REPRESENTATION_CONTEXT(2) 
PARAMETRIC_REPRESENTATION_CONTEXT() REPRESENTATION_CONTEXT('2D SPACE',''
  ) );
#1948 = PCURVE('',#609,#1949);
#1949 = DEFINITIONAL_REPRESENTATION('',(#1950),#1954);
#1950 = LINE('',#1951,#1952);
#1951 = CARTESIAN_POINT('',(0.,0.));
#1952 = VECTOR('',#1953,1.);
#1953 = DIRECTION('',(0.,1.));
#1954 = ( GEOMETRIC_REPRESENTATION_CONTEXT(2) 
PARAMETRIC_REPRESENTATION_CONTEXT() REPRESENTATION_CONTEXT('2D SPACE',''
  ) );
#1955 = ADVANCED_FACE('',(#1956),#609,.T.);
#1956 = FACE_BOUND('',#1957,.T.);
#1957 = EDGE_LOOP('',(#1958,#1982,#2003,#2004));
#1958 = ORIENTED_EDGE('',*,*,#1959,.T.);
#1959 = EDGE_CURVE('',#1913,#1960,#1962,.T.);
#1960 = VERTEX_POINT('',#1961);
#1961 = CARTESIAN_POINT('',(164.76,58.42,-2.));
#1962 = SURFACE_CURVE('',#1963,(#1968,#1975),.PCURVE_S1.);
#1963 = CIRCLE('',#1964,0.5);
#1964 = AXIS2_PLACEMENT_3D('',#1965,#1966,#1967);
#1965 = CARTESIAN_POINT('',(164.76,57.92,-2.));
#1966 = DIRECTION('',(0.,0.,1.));
#1967 = DIRECTION('',(0.,-1.,0.));
#1968 = PCURVE('',#609,#1969);
#1969 = DEFINITIONAL_REPRESENTATION('',(#1970),#1974);
#1970 = LINE('',#1971,#1972);
#1971 = CARTESIAN_POINT('',(-1.570796326795,0.));
#1972 = VECTOR('',#1973,1.);
#1973 = DIRECTION('',(1.,0.));
#1974 = ( GEOMETRIC_REPRESENTATION_CONTEXT(2) 
PARAMETRIC_REPRESENTATION_CONTEXT() REPRESENTATION_CONTEXT('2D SPACE',''
  ) );
#1975 = PCURVE('',#1749,#1976);
#1976 = DEFINITIONAL_REPRESENTATION('',(#1977),#1981);
#1977 = CIRCLE('',#1978,0.5);
#1978 = AXIS2_PLACEMENT_2D('',#1979,#1980);
#1979 = CARTESIAN_POINT('',(330.02,116.34));
#1980 = DIRECTION('',(0.,-1.));
#1981 = ( GEOMETRIC_REPRESENTATION_CONTEXT(2) 
PARAMETRIC_REPRESENTATION_CONTEXT() REPRESENTATION_CONTEXT('2D SPACE',''
  ) );
#1982 = ORIENTED_EDGE('',*,*,#1983,.T.);
#1983 = EDGE_CURVE('',#1960,#565,#1984,.T.);
#1984 = SURFACE_CURVE('',#1985,(#1989,#1996),.PCURVE_S1.);
#1985 = LINE('',#1986,#1987);
#1986 = CARTESIAN_POINT('',(164.76,58.42,-2.));
#1987 = VECTOR('',#1988,1.);
#1988 = DIRECTION('',(0.,0.,1.));
#1989 = PCURVE('',#609,#1990);
#1990 = DEFINITIONAL_REPRESENTATION('',(#1991),#1995);
#1991 = LINE('',#1992,#1993);
#1992 = CARTESIAN_POINT('',(1.570796326795,0.));
#1993 = VECTOR('',#1994,1.);
#1994 = DIRECTION('',(0.,1.));
#1995 = ( GEOMETRIC_REPRESENTATION_CONTEXT(2) 
PARAMETRIC_REPRESENTATION_CONTEXT() REPRESENTATION_CONTEXT('2D SPACE',''
  ) );
#1996 = PCURVE('',#580,#1997);
#1997 = DEFINITIONAL_REPRESENTATION('',(#1998),#2002);
#1998 = LINE('',#1999,#2000);
#1999 = CARTESIAN_POINT('',(0.,330.02));
#2000 = VECTOR('',#2001,1.);
#2001 = DIRECTION('',(1.,0.));
#2002 = ( GEOMETRIC_REPRESENTATION_CONTEXT(2) 
PARAMETRIC_REPRESENTATION_CONTEXT() REPRESENTATION_CONTEXT('2D SPACE',''
  ) );
#2003 = ORIENTED_EDGE('',*,*,#592,.F.);
#2004 = ORIENTED_EDGE('',*,*,#1935,.F.);
#2005 = ADVANCED_FACE('',(#2006),#580,.T.);
#2006 = FACE_BOUND('',#2007,.T.);
#2007 = EDGE_LOOP('',(#2008,#2031,#2052,#2053));
#2008 = ORIENTED_EDGE('',*,*,#2009,.F.);
#2009 = EDGE_CURVE('',#2010,#1960,#2012,.T.);
#2010 = VERTEX_POINT('',#2011);
#2011 = CARTESIAN_POINT('',(-164.76,58.42,-2.));
#2012 = SURFACE_CURVE('',#2013,(#2017,#2024),.PCURVE_S1.);
#2013 = LINE('',#2014,#2015);
#2014 = CARTESIAN_POINT('',(-165.26,58.42,-2.));
#2015 = VECTOR('',#2016,1.);
#2016 = DIRECTION('',(1.,0.,0.));
#2017 = PCURVE('',#580,#2018);
#2018 = DEFINITIONAL_REPRESENTATION('',(#2019),#2023);
#2019 = LINE('',#2020,#2021);
#2020 = CARTESIAN_POINT('',(0.,0.));
#2021 = VECTOR('',#2022,1.);
#2022 = DIRECTION('',(0.,1.));
#2023 = ( GEOMETRIC_REPRESENTATION_CONTEXT(2) 
PARAMETRIC_REPRESENTATION_CONTEXT() REPRESENTATION_CONTEXT('2D SPACE',''
  ) );
#2024 = PCURVE('',#1749,#2025);
#2025 = DEFINITIONAL_REPRESENTATION('',(#2026),#2030);
#2026 = LINE('',#2027,#2028);
#2027 = CARTESIAN_POINT('',(0.,116.84));
#2028 = VECTOR('',#2029,1.);
#2029 = DIRECTION('',(1.,0.));
#2030 = ( GEOMETRIC_REPRESENTATION_CONTEXT(2) 
PARAMETRIC_REPRESENTATION_CONTEXT() REPRESENTATION_CONTEXT('2D SPACE',''
  ) );
#2031 = ORIENTED_EDGE('',*,*,#2032,.T.);
#2032 = EDGE_CURVE('',#2010,#532,#2033,.T.);
#2033 = SURFACE_CURVE('',#2034,(#2038,#2045),.PCURVE_S1.);
#2034 = LINE('',#2035,#2036);
#2035 = CARTESIAN_POINT('',(-164.76,58.42,-2.));
#2036 = VECTOR('',#2037,1.);
#2037 = DIRECTION('',(0.,0.,1.));
#2038 = PCURVE('',#580,#2039);
#2039 = DEFINITIONAL_REPRESENTATION('',(#2040),#2044);
#2040 = LINE('',#2041,#2042);
#2041 = CARTESIAN_POINT('',(0.,0.5));
#2042 = VECTOR('',#2043,1.);
#2043 = DIRECTION('',(1.,0.));
#2044 = ( GEOMETRIC_REPRESENTATION_CONTEXT(2) 
PARAMETRIC_REPRESENTATION_CONTEXT() REPRESENTATION_CONTEXT('2D SPACE',''
  ) );
#2045 = PCURVE('',#552,#2046);
#2046 = DEFINITIONAL_REPRESENTATION('',(#2047),#2051);
#2047 = LINE('',#2048,#2049);
#2048 = CARTESIAN_POINT('',(-1.570796326795,0.));
#2049 = VECTOR('',#2050,1.);
#2050 = DIRECTION('',(-0.,1.));
#2051 = ( GEOMETRIC_REPRESENTATION_CONTEXT(2) 
PARAMETRIC_REPRESENTATION_CONTEXT() REPRESENTATION_CONTEXT('2D SPACE',''
  ) );
#2052 = ORIENTED_EDGE('',*,*,#564,.T.);
#2053 = ORIENTED_EDGE('',*,*,#1983,.F.);
#2054 = ADVANCED_FACE('',(#2055),#552,.T.);
#2055 = FACE_BOUND('',#2056,.F.);
#2056 = EDGE_LOOP('',(#2057,#2085,#2086,#2087));
#2057 = ORIENTED_EDGE('',*,*,#2058,.T.);
#2058 = EDGE_CURVE('',#2059,#2010,#2061,.T.);
#2059 = VERTEX_POINT('',#2060);
#2060 = CARTESIAN_POINT('',(-165.26,57.92,-2.));
#2061 = SURFACE_CURVE('',#2062,(#2067,#2074),.PCURVE_S1.);
#2062 = CIRCLE('',#2063,0.5);
#2063 = AXIS2_PLACEMENT_3D('',#2064,#2065,#2066);
#2064 = CARTESIAN_POINT('',(-164.76,57.92,-2.));
#2065 = DIRECTION('',(-0.,-0.,-1.));
#2066 = DIRECTION('',(0.,-1.,0.));
#2067 = PCURVE('',#552,#2068);
#2068 = DEFINITIONAL_REPRESENTATION('',(#2069),#2073);
#2069 = LINE('',#2070,#2071);
#2070 = CARTESIAN_POINT('',(1.570796326795,-0.));
#2071 = VECTOR('',#2072,1.);
#2072 = DIRECTION('',(-1.,0.));
#2073 = ( GEOMETRIC_REPRESENTATION_CONTEXT(2) 
PARAMETRIC_REPRESENTATION_CONTEXT() REPRESENTATION_CONTEXT('2D SPACE',''
  ) );
#2074 = PCURVE('',#1749,#2075);
#2075 = DEFINITIONAL_REPRESENTATION('',(#2076),#2084);
#2076 = ( BOUNDED_CURVE() B_SPLINE_CURVE(2,(#2077,#2078,#2079,#2080,
#2081,#2082,#2083),.UNSPECIFIED.,.T.,.F.) B_SPLINE_CURVE_WITH_KNOTS((1,2
    ,2,2,2,1),(-2.094395102393,0.,2.094395102393,4.188790204786,
6.28318530718,8.377580409573),.UNSPECIFIED.) CURVE() 
GEOMETRIC_REPRESENTATION_ITEM() RATIONAL_B_SPLINE_CURVE((1.,0.5,1.,0.5,
1.,0.5,1.)) REPRESENTATION_ITEM('') );
#2077 = CARTESIAN_POINT('',(0.5,115.84));
#2078 = CARTESIAN_POINT('',(-0.366025403784,115.84));
#2079 = CARTESIAN_POINT('',(6.698729810778E-02,116.59));
#2080 = CARTESIAN_POINT('',(0.5,117.34));
#2081 = CARTESIAN_POINT('',(0.933012701892,116.59));
#2082 = CARTESIAN_POINT('',(1.366025403784,115.84));
#2083 = CARTESIAN_POINT('',(0.5,115.84));
#2084 = ( GEOMETRIC_REPRESENTATION_CONTEXT(2) 
PARAMETRIC_REPRESENTATION_CONTEXT() REPRESENTATION_CONTEXT('2D SPACE',''
  ) );
#2085 = ORIENTED_EDGE('',*,*,#2032,.T.);
#2086 = ORIENTED_EDGE('',*,*,#531,.F.);
#2087 = ORIENTED_EDGE('',*,*,#2088,.F.);
#2088 = EDGE_CURVE('',#2059,#504,#2089,.T.);
#2089 = SURFACE_CURVE('',#2090,(#2094,#2101),.PCURVE_S1.);
#2090 = LINE('',#2091,#2092);
#2091 = CARTESIAN_POINT('',(-165.26,57.92,-2.));
#2092 = VECTOR('',#2093,1.);
#2093 = DIRECTION('',(0.,0.,1.));
#2094 = PCURVE('',#552,#2095);
#2095 = DEFINITIONAL_REPRESENTATION('',(#2096),#2100);
#2096 = LINE('',#2097,#2098);
#2097 = CARTESIAN_POINT('',(-0.,0.));
#2098 = VECTOR('',#2099,1.);
#2099 = DIRECTION('',(-0.,1.));
#2100 = ( GEOMETRIC_REPRESENTATION_CONTEXT(2) 
PARAMETRIC_REPRESENTATION_CONTEXT() REPRESENTATION_CONTEXT('2D SPACE',''
  ) );
#2101 = PCURVE('',#519,#2102);
#2102 = DEFINITIONAL_REPRESENTATION('',(#2103),#2107);
#2103 = LINE('',#2104,#2105);
#2104 = CARTESIAN_POINT('',(0.,-116.34));
#2105 = VECTOR('',#2106,1.);
#2106 = DIRECTION('',(1.,0.));
#2107 = ( GEOMETRIC_REPRESENTATION_CONTEXT(2) 
PARAMETRIC_REPRESENTATION_CONTEXT() REPRESENTATION_CONTEXT('2D SPACE',''
  ) );
#2108 = ADVANCED_FACE('',(#2109),#519,.F.);
#2109 = FACE_BOUND('',#2110,.F.);
#2110 = EDGE_LOOP('',(#2111,#2112,#2113,#2134));
#2111 = ORIENTED_EDGE('',*,*,#503,.F.);
#2112 = ORIENTED_EDGE('',*,*,#1783,.F.);
#2113 = ORIENTED_EDGE('',*,*,#2114,.T.);
#2114 = EDGE_CURVE('',#1731,#2059,#2115,.T.);
#2115 = SURFACE_CURVE('',#2116,(#2120,#2127),.PCURVE_S1.);
#2116 = LINE('',#2117,#2118);
#2117 = CARTESIAN_POINT('',(-165.26,-58.42,-2.));
#2118 = VECTOR('',#2119,1.);
#2119 = DIRECTION('',(0.,1.,0.));
#2120 = PCURVE('',#519,#2121);
#2121 = DEFINITIONAL_REPRESENTATION('',(#2122),#2126);
#2122 = LINE('',#2123,#2124);
#2123 = CARTESIAN_POINT('',(0.,0.));
#2124 = VECTOR('',#2125,1.);
#2125 = DIRECTION('',(0.,-1.));
#2126 = ( GEOMETRIC_REPRESENTATION_CONTEXT(2) 
PARAMETRIC_REPRESENTATION_CONTEXT() REPRESENTATION_CONTEXT('2D SPACE',''
  ) );
#2127 = PCURVE('',#1749,#2128);
#2128 = DEFINITIONAL_REPRESENTATION('',(#2129),#2133);
#2129 = LINE('',#2130,#2131);
#2130 = CARTESIAN_POINT('',(0.,0.));
#2131 = VECTOR('',#2132,1.);
#2132 = DIRECTION('',(0.,1.));
#2133 = ( GEOMETRIC_REPRESENTATION_CONTEXT(2) 
PARAMETRIC_REPRESENTATION_CONTEXT() REPRESENTATION_CONTEXT('2D SPACE',''
  ) );
#2134 = ORIENTED_EDGE('',*,*,#2088,.T.);
#2135 = ADVANCED_FACE('',(#2136),#799,.F.);
#2136 = FACE_BOUND('',#2137,.F.);
#2137 = EDGE_LOOP('',(#2138,#2139,#2140,#2159));
#2138 = ORIENTED_EDGE('',*,*,#786,.F.);
#2139 = ORIENTED_EDGE('',*,*,#1419,.T.);
#2140 = ORIENTED_EDGE('',*,*,#2141,.T.);
#2141 = EDGE_CURVE('',#1420,#816,#2142,.T.);
#2142 = SURFACE_CURVE('',#2143,(#2147,#2153),.PCURVE_S1.);
#2143 = LINE('',#2144,#2145);
#2144 = CARTESIAN_POINT('',(165.46,-62.37,5.25));
#2145 = VECTOR('',#2146,1.);
#2146 = DIRECTION('',(0.,-0.707106781187,-0.707106781187));
#2147 = PCURVE('',#799,#2148);
#2148 = DEFINITIONAL_REPRESENTATION('',(#2149),#2152);
#2149 = B_SPLINE_CURVE_WITH_KNOTS('',1,(#2150,#2151),.UNSPECIFIED.,.F.,
  .F.,(2,2),(-0.353553390593,0.353553390593),.PIECEWISE_BEZIER_KNOTS.);
#2150 = CARTESIAN_POINT('',(330.92,-0.353553390593));
#2151 = CARTESIAN_POINT('',(330.92,0.353553390593));
#2152 = ( GEOMETRIC_REPRESENTATION_CONTEXT(2) 
PARAMETRIC_REPRESENTATION_CONTEXT() REPRESENTATION_CONTEXT('2D SPACE',''
  ) );
#2153 = PCURVE('',#1459,#2154);
#2154 = DEFINITIONAL_REPRESENTATION('',(#2155),#2158);
#2155 = B_SPLINE_CURVE_WITH_KNOTS('',1,(#2156,#2157),.UNSPECIFIED.,.F.,
  .F.,(2,2),(-0.353553390593,0.353553390593),.PIECEWISE_BEZIER_KNOTS.);
#2156 = CARTESIAN_POINT('',(0.,-0.5));
#2157 = CARTESIAN_POINT('',(0.,-1.020560098144E-15));
#2158 = ( GEOMETRIC_REPRESENTATION_CONTEXT(2) 
PARAMETRIC_REPRESENTATION_CONTEXT() REPRESENTATION_CONTEXT('2D SPACE',''
  ) );
#2159 = ORIENTED_EDGE('',*,*,#815,.F.);
#2160 = ADVANCED_FACE('',(#2161),#878,.T.);
#2161 = FACE_BOUND('',#2162,.F.);
#2162 = EDGE_LOOP('',(#2163,#2182,#2183,#2184));
#2163 = ORIENTED_EDGE('',*,*,#2164,.F.);
#2164 = EDGE_CURVE('',#1500,#1556,#2165,.T.);
#2165 = SURFACE_CURVE('',#2166,(#2170,#2176),.PCURVE_S1.);
#2166 = LINE('',#2167,#2168);
#2167 = CARTESIAN_POINT('',(165.46,62.62,5.));
#2168 = VECTOR('',#2169,1.);
#2169 = DIRECTION('',(4.329780281177E-17,0.707106781187,-0.707106781187)
  );
#2170 = PCURVE('',#878,#2171);
#2171 = DEFINITIONAL_REPRESENTATION('',(#2172),#2175);
#2172 = B_SPLINE_CURVE_WITH_KNOTS('',1,(#2173,#2174),.UNSPECIFIED.,.F.,
  .F.,(2,2),(-0.707106781187,0.),.PIECEWISE_BEZIER_KNOTS.);
#2173 = CARTESIAN_POINT('',(0.,-0.353553390593));
#2174 = CARTESIAN_POINT('',(0.,0.353553390593));
#2175 = ( GEOMETRIC_REPRESENTATION_CONTEXT(2) 
PARAMETRIC_REPRESENTATION_CONTEXT() REPRESENTATION_CONTEXT('2D SPACE',''
  ) );
#2176 = PCURVE('',#1516,#2177);
#2177 = DEFINITIONAL_REPRESENTATION('',(#2178),#2181);
#2178 = B_SPLINE_CURVE_WITH_KNOTS('',1,(#2179,#2180),.UNSPECIFIED.,.F.,
  .F.,(2,2),(-0.707106781187,0.),.PIECEWISE_BEZIER_KNOTS.);
#2179 = CARTESIAN_POINT('',(-1.570796326795,-0.5));
#2180 = CARTESIAN_POINT('',(-1.570796326795,0.));
#2181 = ( GEOMETRIC_REPRESENTATION_CONTEXT(2) 
PARAMETRIC_REPRESENTATION_CONTEXT() REPRESENTATION_CONTEXT('2D SPACE',''
  ) );
#2182 = ORIENTED_EDGE('',*,*,#1528,.T.);
#2183 = ORIENTED_EDGE('',*,*,#863,.T.);
#2184 = ORIENTED_EDGE('',*,*,#1555,.F.);
#2185 = ADVANCED_FACE('',(#2186),#939,.F.);
#2186 = FACE_BOUND('',#2187,.F.);
#2187 = EDGE_LOOP('',(#2188,#2218,#2219,#2249));
#2188 = ORIENTED_EDGE('',*,*,#2189,.F.);
#2189 = EDGE_CURVE('',#917,#2190,#2192,.T.);
#2190 = VERTEX_POINT('',#2191);
#2191 = CARTESIAN_POINT('',(-160.1792235935,-55.4007764064,5.));
#2192 = SURFACE_CURVE('',#2193,(#2198,#2208),.PCURVE_S1.);
#2193 = HYPERBOLA('',#2194,1.732050807569,1.);
#2194 = AXIS2_PLACEMENT_3D('',#2195,#2196,#2197);
#2195 = CARTESIAN_POINT('',(-159.96,-53.12,2.5));
#2196 = DIRECTION('',(-0.57735026919,-0.57735026919,-0.57735026919));
#2197 = DIRECTION('',(-0.408248290464,-0.408248290464,0.816496580928));
#2198 = PCURVE('',#939,#2199);
#2199 = DEFINITIONAL_REPRESENTATION('',(#2200),#2207);
#2200 = B_SPLINE_CURVE_WITH_KNOTS('',5,(#2201,#2202,#2203,#2204,#2205,
    #2206),.UNSPECIFIED.,.F.,.F.,(6,6),(-1.384329691657,-1.171089504404)
  ,.PIECEWISE_BEZIER_KNOTS.);
#2201 = CARTESIAN_POINT('',(-0.123425999076,0.499999999999));
#2202 = CARTESIAN_POINT('',(-0.102101980351,0.387163899));
#2203 = CARTESIAN_POINT('',(-7.927412848728E-02,0.281148496719));
#2204 = CARTESIAN_POINT('',(-5.478088969186E-02,0.181526277574));
#2205 = CARTESIAN_POINT('',(-2.84320249669E-02,8.79211815665E-02));
#2206 = CARTESIAN_POINT('',(1.136868377216E-13,-3.566036355096E-13));
#2207 = ( GEOMETRIC_REPRESENTATION_CONTEXT(2) 
PARAMETRIC_REPRESENTATION_CONTEXT() REPRESENTATION_CONTEXT('2D SPACE',''
  ) );
#2208 = PCURVE('',#1404,#2209);
#2209 = DEFINITIONAL_REPRESENTATION('',(#2210),#2217);
#2210 = B_SPLINE_CURVE_WITH_KNOTS('',5,(#2211,#2212,#2213,#2214,#2215,
    #2216),.UNSPECIFIED.,.F.,.F.,(6,6),(-1.384329691657,-1.171089504404)
  ,.PIECEWISE_BEZIER_KNOTS.);
#2211 = CARTESIAN_POINT('',(-0.298703208323,0.499999999999));
#2212 = CARTESIAN_POINT('',(-0.309365217685,0.387163899));
#2213 = CARTESIAN_POINT('',(-0.320403183038,0.281148496719));
#2214 = CARTESIAN_POINT('',(-0.331822155226,0.181526277575));
#2215 = CARTESIAN_POINT('',(-0.343624690035,8.792118156649E-02));
#2216 = CARTESIAN_POINT('',(-0.355809843592,-3.681499549657E-13));
#2217 = ( GEOMETRIC_REPRESENTATION_CONTEXT(2) 
PARAMETRIC_REPRESENTATION_CONTEXT() REPRESENTATION_CONTEXT('2D SPACE',''
  ) );
#2218 = ORIENTED_EDGE('',*,*,#916,.T.);
#2219 = ORIENTED_EDGE('',*,*,#2220,.T.);
#2220 = EDGE_CURVE('',#919,#2221,#2223,.T.);
#2221 = VERTEX_POINT('',#2222);
#2222 = CARTESIAN_POINT('',(-162.2407764064,-53.33922359359,5.));
#2223 = SURFACE_CURVE('',#2224,(#2229,#2239),.PCURVE_S1.);
#2224 = HYPERBOLA('',#2225,1.732050807569,1.);
#2225 = AXIS2_PLACEMENT_3D('',#2226,#2227,#2228);
#2226 = CARTESIAN_POINT('',(-159.96,-53.12,2.5));
#2227 = DIRECTION('',(0.57735026919,0.57735026919,0.57735026919));
#2228 = DIRECTION('',(-0.408248290464,-0.408248290464,0.816496580928));
#2229 = PCURVE('',#939,#2230);
#2230 = DEFINITIONAL_REPRESENTATION('',(#2231),#2238);
#2231 = B_SPLINE_CURVE_WITH_KNOTS('',5,(#2232,#2233,#2234,#2235,#2236,
    #2237),.UNSPECIFIED.,.F.,.F.,(6,6),(-1.384329691657,-1.171089504404)
  ,.PIECEWISE_BEZIER_KNOTS.);
#2232 = CARTESIAN_POINT('',(-2.542284404853,0.499999999999));
#2233 = CARTESIAN_POINT('',(-2.563608423578,0.387163899));
#2234 = CARTESIAN_POINT('',(-2.586436275442,0.281148496719));
#2235 = CARTESIAN_POINT('',(-2.610929514238,0.181526277574));
#2236 = CARTESIAN_POINT('',(-2.637278378962,8.792118156652E-02));
#2237 = CARTESIAN_POINT('',(-2.665710403929,-3.409494908624E-13));
#2238 = ( GEOMETRIC_REPRESENTATION_CONTEXT(2) 
PARAMETRIC_REPRESENTATION_CONTEXT() REPRESENTATION_CONTEXT('2D SPACE',''
  ) );
#2239 = PCURVE('',#972,#2240);
#2240 = DEFINITIONAL_REPRESENTATION('',(#2241),#2248);
#2241 = B_SPLINE_CURVE_WITH_KNOTS('',5,(#2242,#2243,#2244,#2245,#2246,
    #2247),.UNSPECIFIED.,.F.,.F.,(6,6),(-1.384329691657,-1.171089504404)
  ,.PIECEWISE_BEZIER_KNOTS.);
#2242 = CARTESIAN_POINT('',(-5.710663526909E-02,0.499999999999));
#2243 = CARTESIAN_POINT('',(-4.644462590646E-02,0.387163899));
#2244 = CARTESIAN_POINT('',(-3.5406660554E-02,0.281148496719));
#2245 = CARTESIAN_POINT('',(-2.398768836594E-02,0.181526277574));
#2246 = CARTESIAN_POINT('',(-1.218515355724E-02,8.792118156653E-02));
#2247 = CARTESIAN_POINT('',(4.884981308351E-14,-3.277378368693E-13));
#2248 = ( GEOMETRIC_REPRESENTATION_CONTEXT(2) 
PARAMETRIC_REPRESENTATION_CONTEXT() REPRESENTATION_CONTEXT('2D SPACE',''
  ) );
#2249 = ORIENTED_EDGE('',*,*,#2250,.F.);
#2250 = EDGE_CURVE('',#2190,#2221,#2251,.T.);
#2251 = SURFACE_CURVE('',#2252,(#2257,#2264),.PCURVE_S1.);
#2252 = CIRCLE('',#2253,1.5);
#2253 = AXIS2_PLACEMENT_3D('',#2254,#2255,#2256);
#2254 = CARTESIAN_POINT('',(-160.96,-54.12,5.));
#2255 = DIRECTION('',(0.,-0.,-1.));
#2256 = DIRECTION('',(0.52051760427,-0.853850937603,0.));
#2257 = PCURVE('',#939,#2258);
#2258 = DEFINITIONAL_REPRESENTATION('',(#2259),#2263);
#2259 = LINE('',#2260,#2261);
#2260 = CARTESIAN_POINT('',(-0.,-0.));
#2261 = VECTOR('',#2262,1.);
#2262 = DIRECTION('',(-1.,-0.));
#2263 = ( GEOMETRIC_REPRESENTATION_CONTEXT(2) 
PARAMETRIC_REPRESENTATION_CONTEXT() REPRESENTATION_CONTEXT('2D SPACE',''
  ) );
#2264 = PCURVE('',#2265,#2270);
#2265 = CYLINDRICAL_SURFACE('',#2266,1.5);
#2266 = AXIS2_PLACEMENT_3D('',#2267,#2268,#2269);
#2267 = CARTESIAN_POINT('',(-160.96,-54.12,-0.5));
#2268 = DIRECTION('',(-0.,-0.,-1.));
#2269 = DIRECTION('',(1.,0.,0.));
#2270 = DEFINITIONAL_REPRESENTATION('',(#2271),#2275);
#2271 = LINE('',#2272,#2273);
#2272 = CARTESIAN_POINT('',(-5.259846018952,-5.5));
#2273 = VECTOR('',#2274,1.);
#2274 = DIRECTION('',(1.,-0.));
#2275 = ( GEOMETRIC_REPRESENTATION_CONTEXT(2) 
PARAMETRIC_REPRESENTATION_CONTEXT() REPRESENTATION_CONTEXT('2D SPACE',''
  ) );
#2276 = ADVANCED_FACE('',(#2277),#972,.F.);
#2277 = FACE_BOUND('',#2278,.F.);
#2278 = EDGE_LOOP('',(#2279,#2280,#2281,#2302));
#2279 = ORIENTED_EDGE('',*,*,#2220,.F.);
#2280 = ORIENTED_EDGE('',*,*,#951,.T.);
#2281 = ORIENTED_EDGE('',*,*,#2282,.T.);
#2282 = EDGE_CURVE('',#952,#2283,#2285,.T.);
#2283 = VERTEX_POINT('',#2284);
#2284 = CARTESIAN_POINT('',(-162.46,-52.12,5.));
#2285 = SURFACE_CURVE('',#2286,(#2290,#2296),.PCURVE_S1.);
#2286 = LINE('',#2287,#2288);
#2287 = CARTESIAN_POINT('',(-162.46,-52.12,5.));
#2288 = VECTOR('',#2289,1.);
#2289 = DIRECTION('',(0.707106781187,0.,-0.707106781187));
#2290 = PCURVE('',#972,#2291);
#2291 = DEFINITIONAL_REPRESENTATION('',(#2292),#2295);
#2292 = B_SPLINE_CURVE_WITH_KNOTS('',1,(#2293,#2294),.UNSPECIFIED.,.F.,
  .F.,(2,2),(-0.707106781187,0.),.PIECEWISE_BEZIER_KNOTS.);
#2293 = CARTESIAN_POINT('',(-0.355809843592,0.5));
#2294 = CARTESIAN_POINT('',(-0.355809843592,0.));
#2295 = ( GEOMETRIC_REPRESENTATION_CONTEXT(2) 
PARAMETRIC_REPRESENTATION_CONTEXT() REPRESENTATION_CONTEXT('2D SPACE',''
  ) );
#2296 = PCURVE('',#1000,#2297);
#2297 = DEFINITIONAL_REPRESENTATION('',(#2298),#2301);
#2298 = B_SPLINE_CURVE_WITH_KNOTS('',1,(#2299,#2300),.UNSPECIFIED.,.F.,
  .F.,(2,2),(-0.707106781187,0.),.PIECEWISE_BEZIER_KNOTS.);
#2299 = CARTESIAN_POINT('',(0.,-0.353553390593));
#2300 = CARTESIAN_POINT('',(0.,0.353553390593));
#2301 = ( GEOMETRIC_REPRESENTATION_CONTEXT(2) 
PARAMETRIC_REPRESENTATION_CONTEXT() REPRESENTATION_CONTEXT('2D SPACE',''
  ) );
#2302 = ORIENTED_EDGE('',*,*,#2303,.F.);
#2303 = EDGE_CURVE('',#2221,#2283,#2304,.T.);
#2304 = SURFACE_CURVE('',#2305,(#2310,#2317),.PCURVE_S1.);
#2305 = CIRCLE('',#2306,3.5);
#2306 = AXIS2_PLACEMENT_3D('',#2307,#2308,#2309);
#2307 = CARTESIAN_POINT('',(-158.96,-52.12,5.));
#2308 = DIRECTION('',(-0.,0.,-1.));
#2309 = DIRECTION('',(-0.937364687544,-0.34834959817,0.));
#2310 = PCURVE('',#972,#2311);
#2311 = DEFINITIONAL_REPRESENTATION('',(#2312),#2316);
#2312 = LINE('',#2313,#2314);
#2313 = CARTESIAN_POINT('',(-0.,-0.));
#2314 = VECTOR('',#2315,1.);
#2315 = DIRECTION('',(-1.,-0.));
#2316 = ( GEOMETRIC_REPRESENTATION_CONTEXT(2) 
PARAMETRIC_REPRESENTATION_CONTEXT() REPRESENTATION_CONTEXT('2D SPACE',''
  ) );
#2317 = PCURVE('',#2318,#2323);
#2318 = CYLINDRICAL_SURFACE('',#2319,3.5);
#2319 = AXIS2_PLACEMENT_3D('',#2320,#2321,#2322);
#2320 = CARTESIAN_POINT('',(-158.96,-52.12,4.5));
#2321 = DIRECTION('',(0.,0.,1.));
#2322 = DIRECTION('',(-1.,-0.,0.));
#2323 = DEFINITIONAL_REPRESENTATION('',(#2324),#2328);
#2324 = LINE('',#2325,#2326);
#2325 = CARTESIAN_POINT('',(0.355809843592,0.5));
#2326 = VECTOR('',#2327,1.);
#2327 = DIRECTION('',(-1.,-0.));
#2328 = ( GEOMETRIC_REPRESENTATION_CONTEXT(2) 
PARAMETRIC_REPRESENTATION_CONTEXT() REPRESENTATION_CONTEXT('2D SPACE',''
  ) );
#2329 = ADVANCED_FACE('',(#2330),#1000,.T.);
#2330 = FACE_BOUND('',#2331,.F.);
#2331 = EDGE_LOOP('',(#2332,#2333,#2334,#2355));
#2332 = ORIENTED_EDGE('',*,*,#2282,.F.);
#2333 = ORIENTED_EDGE('',*,*,#984,.T.);
#2334 = ORIENTED_EDGE('',*,*,#2335,.T.);
#2335 = EDGE_CURVE('',#985,#2336,#2338,.T.);
#2336 = VERTEX_POINT('',#2337);
#2337 = CARTESIAN_POINT('',(-162.46,52.12,5.));
#2338 = SURFACE_CURVE('',#2339,(#2343,#2349),.PCURVE_S1.);
#2339 = LINE('',#2340,#2341);
#2340 = CARTESIAN_POINT('',(-162.71,52.12,5.25));
#2341 = VECTOR('',#2342,1.);
#2342 = DIRECTION('',(0.707106781187,0.,-0.707106781187));
#2343 = PCURVE('',#1000,#2344);
#2344 = DEFINITIONAL_REPRESENTATION('',(#2345),#2348);
#2345 = B_SPLINE_CURVE_WITH_KNOTS('',1,(#2346,#2347),.UNSPECIFIED.,.F.,
  .F.,(2,2),(-0.353553390593,0.353553390593),.PIECEWISE_BEZIER_KNOTS.);
#2346 = CARTESIAN_POINT('',(-104.24,-0.353553390593));
#2347 = CARTESIAN_POINT('',(-104.24,0.353553390593));
#2348 = ( GEOMETRIC_REPRESENTATION_CONTEXT(2) 
PARAMETRIC_REPRESENTATION_CONTEXT() REPRESENTATION_CONTEXT('2D SPACE',''
  ) );
#2349 = PCURVE('',#1033,#2350);
#2350 = DEFINITIONAL_REPRESENTATION('',(#2351),#2354);
#2351 = B_SPLINE_CURVE_WITH_KNOTS('',1,(#2352,#2353),.UNSPECIFIED.,.F.,
  .F.,(2,2),(-0.353553390593,0.353553390593),.PIECEWISE_BEZIER_KNOTS.);
#2352 = CARTESIAN_POINT('',(0.,0.5));
#2353 = CARTESIAN_POINT('',(0.,-4.003735769644E-15));
#2354 = ( GEOMETRIC_REPRESENTATION_CONTEXT(2) 
PARAMETRIC_REPRESENTATION_CONTEXT() REPRESENTATION_CONTEXT('2D SPACE',''
  ) );
#2355 = ORIENTED_EDGE('',*,*,#2356,.F.);
#2356 = EDGE_CURVE('',#2283,#2336,#2357,.T.);
#2357 = SURFACE_CURVE('',#2358,(#2362,#2369),.PCURVE_S1.);
#2358 = LINE('',#2359,#2360);
#2359 = CARTESIAN_POINT('',(-162.46,-52.12,5.));
#2360 = VECTOR('',#2361,1.);
#2361 = DIRECTION('',(0.,1.,0.));
#2362 = PCURVE('',#1000,#2363);
#2363 = DEFINITIONAL_REPRESENTATION('',(#2364),#2368);
#2364 = LINE('',#2365,#2366);
#2365 = CARTESIAN_POINT('',(-0.,0.353553390593));
#2366 = VECTOR('',#2367,1.);
#2367 = DIRECTION('',(-1.,0.));
#2368 = ( GEOMETRIC_REPRESENTATION_CONTEXT(2) 
PARAMETRIC_REPRESENTATION_CONTEXT() REPRESENTATION_CONTEXT('2D SPACE',''
  ) );
#2369 = PCURVE('',#2370,#2375);
#2370 = PLANE('',#2371);
#2371 = AXIS2_PLACEMENT_3D('',#2372,#2373,#2374);
#2372 = CARTESIAN_POINT('',(-162.46,-55.62,4.5));
#2373 = DIRECTION('',(1.,0.,0.));
#2374 = DIRECTION('',(0.,0.,1.));
#2375 = DEFINITIONAL_REPRESENTATION('',(#2376),#2380);
#2376 = LINE('',#2377,#2378);
#2377 = CARTESIAN_POINT('',(0.5,-3.5));
#2378 = VECTOR('',#2379,1.);
#2379 = DIRECTION('',(0.,-1.));
#2380 = ( GEOMETRIC_REPRESENTATION_CONTEXT(2) 
PARAMETRIC_REPRESENTATION_CONTEXT() REPRESENTATION_CONTEXT('2D SPACE',''
  ) );
#2381 = ADVANCED_FACE('',(#2382),#1033,.F.);
#2382 = FACE_BOUND('',#2383,.F.);
#2383 = EDGE_LOOP('',(#2384,#2385,#2386,#2416));
#2384 = ORIENTED_EDGE('',*,*,#2335,.F.);
#2385 = ORIENTED_EDGE('',*,*,#1012,.T.);
#2386 = ORIENTED_EDGE('',*,*,#2387,.T.);
#2387 = EDGE_CURVE('',#1013,#2388,#2390,.T.);
#2388 = VERTEX_POINT('',#2389);
#2389 = CARTESIAN_POINT('',(-162.2407764064,53.339223593596,5.));
#2390 = SURFACE_CURVE('',#2391,(#2396,#2406),.PCURVE_S1.);
#2391 = HYPERBOLA('',#2392,1.732050807569,1.);
#2392 = AXIS2_PLACEMENT_3D('',#2393,#2394,#2395);
#2393 = CARTESIAN_POINT('',(-159.96,53.12,2.5));
#2394 = DIRECTION('',(-0.57735026919,0.57735026919,-0.57735026919));
#2395 = DIRECTION('',(-0.408248290464,0.408248290464,0.816496580928));
#2396 = PCURVE('',#1033,#2397);
#2397 = DEFINITIONAL_REPRESENTATION('',(#2398),#2405);
#2398 = B_SPLINE_CURVE_WITH_KNOTS('',5,(#2399,#2400,#2401,#2402,#2403,
    #2404),.UNSPECIFIED.,.F.,.F.,(6,6),(-1.384329691658,-1.171089504406)
  ,.PIECEWISE_BEZIER_KNOTS.);
#2399 = CARTESIAN_POINT('',(-0.298703208322,0.500000000003));
#2400 = CARTESIAN_POINT('',(-0.309365217685,0.387163899004));
#2401 = CARTESIAN_POINT('',(-0.320403183037,0.281148496722));
#2402 = CARTESIAN_POINT('',(-0.331822155225,0.181526277578));
#2403 = CARTESIAN_POINT('',(-0.343624690034,8.792118157021E-02));
#2404 = CARTESIAN_POINT('',(-0.355809843591,3.323119557308E-12));
#2405 = ( GEOMETRIC_REPRESENTATION_CONTEXT(2) 
PARAMETRIC_REPRESENTATION_CONTEXT() REPRESENTATION_CONTEXT('2D SPACE',''
  ) );
#2406 = PCURVE('',#1066,#2407);
#2407 = DEFINITIONAL_REPRESENTATION('',(#2408),#2415);
#2408 = B_SPLINE_CURVE_WITH_KNOTS('',5,(#2409,#2410,#2411,#2412,#2413,
    #2414),.UNSPECIFIED.,.F.,.F.,(6,6),(-1.384329691658,-1.171089504406)
  ,.PIECEWISE_BEZIER_KNOTS.);
#2409 = CARTESIAN_POINT('',(-0.123425999077,0.500000000003));
#2410 = CARTESIAN_POINT('',(-0.102101980352,0.387163899004));
#2411 = CARTESIAN_POINT('',(-7.927412848811E-02,0.281148496722));
#2412 = CARTESIAN_POINT('',(-5.478088969284E-02,0.181526277578));
#2413 = CARTESIAN_POINT('',(-2.843202496799E-02,8.79211815702E-02));
#2414 = CARTESIAN_POINT('',(-1.09897276464E-12,3.315125951531E-12));
#2415 = ( GEOMETRIC_REPRESENTATION_CONTEXT(2) 
PARAMETRIC_REPRESENTATION_CONTEXT() REPRESENTATION_CONTEXT('2D SPACE',''
  ) );
#2416 = ORIENTED_EDGE('',*,*,#2417,.F.);
#2417 = EDGE_CURVE('',#2336,#2388,#2418,.T.);
#2418 = SURFACE_CURVE('',#2419,(#2424,#2431),.PCURVE_S1.);
#2419 = CIRCLE('',#2420,3.5);
#2420 = AXIS2_PLACEMENT_3D('',#2421,#2422,#2423);
#2421 = CARTESIAN_POINT('',(-158.96,52.12,5.));
#2422 = DIRECTION('',(-0.,0.,-1.));
#2423 = DIRECTION('',(-1.,0.,0.));
#2424 = PCURVE('',#1033,#2425);
#2425 = DEFINITIONAL_REPRESENTATION('',(#2426),#2430);
#2426 = LINE('',#2427,#2428);
#2427 = CARTESIAN_POINT('',(-0.,-0.));
#2428 = VECTOR('',#2429,1.);
#2429 = DIRECTION('',(-1.,-0.));
#2430 = ( GEOMETRIC_REPRESENTATION_CONTEXT(2) 
PARAMETRIC_REPRESENTATION_CONTEXT() REPRESENTATION_CONTEXT('2D SPACE',''
  ) );
#2431 = PCURVE('',#2432,#2437);
#2432 = CYLINDRICAL_SURFACE('',#2433,3.5);
#2433 = AXIS2_PLACEMENT_3D('',#2434,#2435,#2436);
#2434 = CARTESIAN_POINT('',(-158.96,52.12,4.5));
#2435 = DIRECTION('',(0.,0.,1.));
#2436 = DIRECTION('',(-1.,-0.,0.));
#2437 = DEFINITIONAL_REPRESENTATION('',(#2438),#2442);
#2438 = LINE('',#2439,#2440);
#2439 = CARTESIAN_POINT('',(-0.,0.5));
#2440 = VECTOR('',#2441,1.);
#2441 = DIRECTION('',(-1.,0.));
#2442 = ( GEOMETRIC_REPRESENTATION_CONTEXT(2) 
PARAMETRIC_REPRESENTATION_CONTEXT() REPRESENTATION_CONTEXT('2D SPACE',''
  ) );
#2443 = ADVANCED_FACE('',(#2444),#1066,.F.);
#2444 = FACE_BOUND('',#2445,.F.);
#2445 = EDGE_LOOP('',(#2446,#2447,#2448,#2478));
#2446 = ORIENTED_EDGE('',*,*,#2387,.F.);
#2447 = ORIENTED_EDGE('',*,*,#1045,.T.);
#2448 = ORIENTED_EDGE('',*,*,#2449,.T.);
#2449 = EDGE_CURVE('',#1046,#2450,#2452,.T.);
#2450 = VERTEX_POINT('',#2451);
#2451 = CARTESIAN_POINT('',(-160.1792235935,55.400776406404,5.));
#2452 = SURFACE_CURVE('',#2453,(#2458,#2468),.PCURVE_S1.);
#2453 = HYPERBOLA('',#2454,1.732050807569,1.);
#2454 = AXIS2_PLACEMENT_3D('',#2455,#2456,#2457);
#2455 = CARTESIAN_POINT('',(-159.96,53.12,2.5));
#2456 = DIRECTION('',(0.57735026919,-0.57735026919,0.57735026919));
#2457 = DIRECTION('',(-0.408248290464,0.408248290464,0.816496580928));
#2458 = PCURVE('',#1066,#2459);
#2459 = DEFINITIONAL_REPRESENTATION('',(#2460),#2467);
#2460 = B_SPLINE_CURVE_WITH_KNOTS('',5,(#2461,#2462,#2463,#2464,#2465,
    #2466),.UNSPECIFIED.,.F.,.F.,(6,6),(-1.384329691657,-1.171089504404)
  ,.PIECEWISE_BEZIER_KNOTS.);
#2461 = CARTESIAN_POINT('',(-2.542284404853,0.5));
#2462 = CARTESIAN_POINT('',(-2.563608423578,0.387163899001));
#2463 = CARTESIAN_POINT('',(-2.586436275442,0.281148496719));
#2464 = CARTESIAN_POINT('',(-2.610929514237,0.181526277575));
#2465 = CARTESIAN_POINT('',(-2.637278378962,8.792118156689E-02));
#2466 = CARTESIAN_POINT('',(-2.665710403929,7.771561172376E-16));
#2467 = ( GEOMETRIC_REPRESENTATION_CONTEXT(2) 
PARAMETRIC_REPRESENTATION_CONTEXT() REPRESENTATION_CONTEXT('2D SPACE',''
  ) );
#2468 = PCURVE('',#1099,#2469);
#2469 = DEFINITIONAL_REPRESENTATION('',(#2470),#2477);
#2470 = B_SPLINE_CURVE_WITH_KNOTS('',5,(#2471,#2472,#2473,#2474,#2475,
    #2476),.UNSPECIFIED.,.F.,.F.,(6,6),(-1.384329691657,-1.171089504404)
  ,.PIECEWISE_BEZIER_KNOTS.);
#2471 = CARTESIAN_POINT('',(-5.710663526915E-02,0.5));
#2472 = CARTESIAN_POINT('',(-4.644462590652E-02,0.387163899001));
#2473 = CARTESIAN_POINT('',(-3.540666055405E-02,0.281148496719));
#2474 = CARTESIAN_POINT('',(-2.398768836596E-02,0.181526277575));
#2475 = CARTESIAN_POINT('',(-1.218515355729E-02,8.79211815669E-02));
#2476 = CARTESIAN_POINT('',(0.,7.993605777301E-15));
#2477 = ( GEOMETRIC_REPRESENTATION_CONTEXT(2) 
PARAMETRIC_REPRESENTATION_CONTEXT() REPRESENTATION_CONTEXT('2D SPACE',''
  ) );
#2478 = ORIENTED_EDGE('',*,*,#2479,.F.);
#2479 = EDGE_CURVE('',#2388,#2450,#2480,.T.);
#2480 = SURFACE_CURVE('',#2481,(#2486,#2493),.PCURVE_S1.);
#2481 = CIRCLE('',#2482,1.5);
#2482 = AXIS2_PLACEMENT_3D('',#2483,#2484,#2485);
#2483 = CARTESIAN_POINT('',(-160.96,54.12,5.));
#2484 = DIRECTION('',(-0.,0.,-1.));
#2485 = DIRECTION('',(-0.853850937603,-0.52051760427,0.));
#2486 = PCURVE('',#1066,#2487);
#2487 = DEFINITIONAL_REPRESENTATION('',(#2488),#2492);
#2488 = LINE('',#2489,#2490);
#2489 = CARTESIAN_POINT('',(-0.,-0.));
#2490 = VECTOR('',#2491,1.);
#2491 = DIRECTION('',(-1.,-0.));
#2492 = ( GEOMETRIC_REPRESENTATION_CONTEXT(2) 
PARAMETRIC_REPRESENTATION_CONTEXT() REPRESENTATION_CONTEXT('2D SPACE',''
  ) );
#2493 = PCURVE('',#2494,#2499);
#2494 = CYLINDRICAL_SURFACE('',#2495,1.5);
#2495 = AXIS2_PLACEMENT_3D('',#2496,#2497,#2498);
#2496 = CARTESIAN_POINT('',(-160.96,54.12,-0.5));
#2497 = DIRECTION('',(-0.,-0.,-1.));
#2498 = DIRECTION('',(1.,0.,0.));
#2499 = DEFINITIONAL_REPRESENTATION('',(#2500),#2504);
#2500 = LINE('',#2501,#2502);
#2501 = CARTESIAN_POINT('',(-3.689049692157,-5.5));
#2502 = VECTOR('',#2503,1.);
#2503 = DIRECTION('',(1.,-0.));
#2504 = ( GEOMETRIC_REPRESENTATION_CONTEXT(2) 
PARAMETRIC_REPRESENTATION_CONTEXT() REPRESENTATION_CONTEXT('2D SPACE',''
  ) );
#2505 = ADVANCED_FACE('',(#2506),#1099,.F.);
#2506 = FACE_BOUND('',#2507,.F.);
#2507 = EDGE_LOOP('',(#2508,#2509,#2510,#2531));
#2508 = ORIENTED_EDGE('',*,*,#2449,.F.);
#2509 = ORIENTED_EDGE('',*,*,#1078,.T.);
#2510 = ORIENTED_EDGE('',*,*,#2511,.T.);
#2511 = EDGE_CURVE('',#1079,#2512,#2514,.T.);
#2512 = VERTEX_POINT('',#2513);
#2513 = CARTESIAN_POINT('',(-158.96,55.62,5.));
#2514 = SURFACE_CURVE('',#2515,(#2519,#2525),.PCURVE_S1.);
#2515 = LINE('',#2516,#2517);
#2516 = CARTESIAN_POINT('',(-158.96,55.62,5.));
#2517 = VECTOR('',#2518,1.);
#2518 = DIRECTION('',(1.387778780781E-16,-0.707106781187,-0.707106781187
    ));
#2519 = PCURVE('',#1099,#2520);
#2520 = DEFINITIONAL_REPRESENTATION('',(#2521),#2524);
#2521 = B_SPLINE_CURVE_WITH_KNOTS('',1,(#2522,#2523),.UNSPECIFIED.,.F.,
  .F.,(2,2),(-0.707106781187,0.),.PIECEWISE_BEZIER_KNOTS.);
#2522 = CARTESIAN_POINT('',(-0.355809843592,0.5));
#2523 = CARTESIAN_POINT('',(-0.355809843592,0.));
#2524 = ( GEOMETRIC_REPRESENTATION_CONTEXT(2) 
PARAMETRIC_REPRESENTATION_CONTEXT() REPRESENTATION_CONTEXT('2D SPACE',''
  ) );
#2525 = PCURVE('',#1127,#2526);
#2526 = DEFINITIONAL_REPRESENTATION('',(#2527),#2530);
#2527 = B_SPLINE_CURVE_WITH_KNOTS('',1,(#2528,#2529),.UNSPECIFIED.,.F.,
  .F.,(2,2),(-0.707106781187,0.),.PIECEWISE_BEZIER_KNOTS.);
#2528 = CARTESIAN_POINT('',(0.,-0.353553390593));
#2529 = CARTESIAN_POINT('',(0.,0.353553390593));
#2530 = ( GEOMETRIC_REPRESENTATION_CONTEXT(2) 
PARAMETRIC_REPRESENTATION_CONTEXT() REPRESENTATION_CONTEXT('2D SPACE',''
  ) );
#2531 = ORIENTED_EDGE('',*,*,#2532,.F.);
#2532 = EDGE_CURVE('',#2450,#2512,#2533,.T.);
#2533 = SURFACE_CURVE('',#2534,(#2539,#2546),.PCURVE_S1.);
#2534 = CIRCLE('',#2535,3.5);
#2535 = AXIS2_PLACEMENT_3D('',#2536,#2537,#2538);
#2536 = CARTESIAN_POINT('',(-158.96,52.12,5.));
#2537 = DIRECTION('',(-0.,0.,-1.));
#2538 = DIRECTION('',(-0.34834959817,0.937364687544,0.));
#2539 = PCURVE('',#1099,#2540);
#2540 = DEFINITIONAL_REPRESENTATION('',(#2541),#2545);
#2541 = LINE('',#2542,#2543);
#2542 = CARTESIAN_POINT('',(-0.,-0.));
#2543 = VECTOR('',#2544,1.);
#2544 = DIRECTION('',(-1.,-0.));
#2545 = ( GEOMETRIC_REPRESENTATION_CONTEXT(2) 
PARAMETRIC_REPRESENTATION_CONTEXT() REPRESENTATION_CONTEXT('2D SPACE',''
  ) );
#2546 = PCURVE('',#2547,#2552);
#2547 = CYLINDRICAL_SURFACE('',#2548,3.5);
#2548 = AXIS2_PLACEMENT_3D('',#2549,#2550,#2551);
#2549 = CARTESIAN_POINT('',(-158.96,52.12,4.5));
#2550 = DIRECTION('',(0.,0.,1.));
#2551 = DIRECTION('',(-1.,-0.,0.));
#2552 = DEFINITIONAL_REPRESENTATION('',(#2553),#2557);
#2553 = LINE('',#2554,#2555);
#2554 = CARTESIAN_POINT('',(-1.214986483203,0.5));
#2555 = VECTOR('',#2556,1.);
#2556 = DIRECTION('',(-1.,0.));
#2557 = ( GEOMETRIC_REPRESENTATION_CONTEXT(2) 
PARAMETRIC_REPRESENTATION_CONTEXT() REPRESENTATION_CONTEXT('2D SPACE',''
  ) );
#2558 = ADVANCED_FACE('',(#2559),#1127,.F.);
#2559 = FACE_BOUND('',#2560,.F.);
#2560 = EDGE_LOOP('',(#2561,#2562,#2563,#2584));
#2561 = ORIENTED_EDGE('',*,*,#2511,.F.);
#2562 = ORIENTED_EDGE('',*,*,#1111,.T.);
#2563 = ORIENTED_EDGE('',*,*,#2564,.T.);
#2564 = EDGE_CURVE('',#1112,#2565,#2567,.T.);
#2565 = VERTEX_POINT('',#2566);
#2566 = CARTESIAN_POINT('',(158.96,55.62,5.));
#2567 = SURFACE_CURVE('',#2568,(#2572,#2578),.PCURVE_S1.);
#2568 = LINE('',#2569,#2570);
#2569 = CARTESIAN_POINT('',(158.96,55.87,5.25));
#2570 = VECTOR('',#2571,1.);
#2571 = DIRECTION('',(0.,-0.707106781187,-0.707106781187));
#2572 = PCURVE('',#1127,#2573);
#2573 = DEFINITIONAL_REPRESENTATION('',(#2574),#2577);
#2574 = B_SPLINE_CURVE_WITH_KNOTS('',1,(#2575,#2576),.UNSPECIFIED.,.F.,
  .F.,(2,2),(-0.353553390593,0.353553390593),.PIECEWISE_BEZIER_KNOTS.);
#2575 = CARTESIAN_POINT('',(317.92,-0.353553390593));
#2576 = CARTESIAN_POINT('',(317.92,0.353553390593));
#2577 = ( GEOMETRIC_REPRESENTATION_CONTEXT(2) 
PARAMETRIC_REPRESENTATION_CONTEXT() REPRESENTATION_CONTEXT('2D SPACE',''
  ) );
#2578 = PCURVE('',#1160,#2579);
#2579 = DEFINITIONAL_REPRESENTATION('',(#2580),#2583);
#2580 = B_SPLINE_CURVE_WITH_KNOTS('',1,(#2581,#2582),.UNSPECIFIED.,.F.,
  .F.,(2,2),(-0.353553390593,0.353553390593),.PIECEWISE_BEZIER_KNOTS.);
#2581 = CARTESIAN_POINT('',(0.,0.5));
#2582 = CARTESIAN_POINT('',(0.,-4.003735769644E-15));
#2583 = ( GEOMETRIC_REPRESENTATION_CONTEXT(2) 
PARAMETRIC_REPRESENTATION_CONTEXT() REPRESENTATION_CONTEXT('2D SPACE',''
  ) );
#2584 = ORIENTED_EDGE('',*,*,#2585,.F.);
#2585 = EDGE_CURVE('',#2512,#2565,#2586,.T.);
#2586 = SURFACE_CURVE('',#2587,(#2591,#2598),.PCURVE_S1.);
#2587 = LINE('',#2588,#2589);
#2588 = CARTESIAN_POINT('',(-158.96,55.62,5.));
#2589 = VECTOR('',#2590,1.);
#2590 = DIRECTION('',(1.,0.,0.));
#2591 = PCURVE('',#1127,#2592);
#2592 = DEFINITIONAL_REPRESENTATION('',(#2593),#2597);
#2593 = LINE('',#2594,#2595);
#2594 = CARTESIAN_POINT('',(0.,0.353553390593));
#2595 = VECTOR('',#2596,1.);
#2596 = DIRECTION('',(1.,0.));
#2597 = ( GEOMETRIC_REPRESENTATION_CONTEXT(2) 
PARAMETRIC_REPRESENTATION_CONTEXT() REPRESENTATION_CONTEXT('2D SPACE',''
  ) );
#2598 = PCURVE('',#2599,#2604);
#2599 = PLANE('',#2600);
#2600 = AXIS2_PLACEMENT_3D('',#2601,#2602,#2603);
#2601 = CARTESIAN_POINT('',(-162.46,55.62,4.5));
#2602 = DIRECTION('',(0.,1.,0.));
#2603 = DIRECTION('',(0.,0.,1.));
#2604 = DEFINITIONAL_REPRESENTATION('',(#2605),#2609);
#2605 = LINE('',#2606,#2607);
#2606 = CARTESIAN_POINT('',(0.5,3.5));
#2607 = VECTOR('',#2608,1.);
#2608 = DIRECTION('',(0.,1.));
#2609 = ( GEOMETRIC_REPRESENTATION_CONTEXT(2) 
PARAMETRIC_REPRESENTATION_CONTEXT() REPRESENTATION_CONTEXT('2D SPACE',''
  ) );
#2610 = ADVANCED_FACE('',(#2611),#1160,.F.);
#2611 = FACE_BOUND('',#2612,.F.);
#2612 = EDGE_LOOP('',(#2613,#2614,#2615,#2645));
#2613 = ORIENTED_EDGE('',*,*,#2564,.F.);
#2614 = ORIENTED_EDGE('',*,*,#1139,.T.);
#2615 = ORIENTED_EDGE('',*,*,#2616,.T.);
#2616 = EDGE_CURVE('',#1140,#2617,#2619,.T.);
#2617 = VERTEX_POINT('',#2618);
#2618 = CARTESIAN_POINT('',(160.17922359359,55.400776406404,5.));
#2619 = SURFACE_CURVE('',#2620,(#2625,#2635),.PCURVE_S1.);
#2620 = HYPERBOLA('',#2621,1.732050807569,1.);
#2621 = AXIS2_PLACEMENT_3D('',#2622,#2623,#2624);
#2622 = CARTESIAN_POINT('',(159.96,53.12,2.5));
#2623 = DIRECTION('',(0.57735026919,0.57735026919,-0.57735026919));
#2624 = DIRECTION('',(0.408248290464,0.408248290464,0.816496580928));
#2625 = PCURVE('',#1160,#2626);
#2626 = DEFINITIONAL_REPRESENTATION('',(#2627),#2634);
#2627 = B_SPLINE_CURVE_WITH_KNOTS('',5,(#2628,#2629,#2630,#2631,#2632,
    #2633),.UNSPECIFIED.,.F.,.F.,(6,6),(-1.384329691657,-1.171089504404)
  ,.PIECEWISE_BEZIER_KNOTS.);
#2628 = CARTESIAN_POINT('',(-0.298703208323,0.499999999999));
#2629 = CARTESIAN_POINT('',(-0.309365217685,0.387163899));
#2630 = CARTESIAN_POINT('',(-0.320403183038,0.281148496719));
#2631 = CARTESIAN_POINT('',(-0.331822155226,0.181526277575));
#2632 = CARTESIAN_POINT('',(-0.343624690035,8.792118156649E-02));
#2633 = CARTESIAN_POINT('',(-0.355809843592,-3.681499549657E-13));
#2634 = ( GEOMETRIC_REPRESENTATION_CONTEXT(2) 
PARAMETRIC_REPRESENTATION_CONTEXT() REPRESENTATION_CONTEXT('2D SPACE',''
  ) );
#2635 = PCURVE('',#1193,#2636);
#2636 = DEFINITIONAL_REPRESENTATION('',(#2637),#2644);
#2637 = B_SPLINE_CURVE_WITH_KNOTS('',5,(#2638,#2639,#2640,#2641,#2642,
    #2643),.UNSPECIFIED.,.F.,.F.,(6,6),(-1.384329691657,-1.171089504404)
  ,.PIECEWISE_BEZIER_KNOTS.);
#2638 = CARTESIAN_POINT('',(-0.123425999076,0.499999999999));
#2639 = CARTESIAN_POINT('',(-0.102101980351,0.387163899));
#2640 = CARTESIAN_POINT('',(-7.927412848728E-02,0.281148496719));
#2641 = CARTESIAN_POINT('',(-5.478088969186E-02,0.181526277574));
#2642 = CARTESIAN_POINT('',(-2.84320249669E-02,8.79211815665E-02));
#2643 = CARTESIAN_POINT('',(1.136868377216E-13,-3.566036355096E-13));
#2644 = ( GEOMETRIC_REPRESENTATION_CONTEXT(2) 
PARAMETRIC_REPRESENTATION_CONTEXT() REPRESENTATION_CONTEXT('2D SPACE',''
  ) );
#2645 = ORIENTED_EDGE('',*,*,#2646,.F.);
#2646 = EDGE_CURVE('',#2565,#2617,#2647,.T.);
#2647 = SURFACE_CURVE('',#2648,(#2653,#2660),.PCURVE_S1.);
#2648 = CIRCLE('',#2649,3.5);
#2649 = AXIS2_PLACEMENT_3D('',#2650,#2651,#2652);
#2650 = CARTESIAN_POINT('',(158.96,52.12,5.));
#2651 = DIRECTION('',(0.,-0.,-1.));
#2652 = DIRECTION('',(0.,1.,-0.));
#2653 = PCURVE('',#1160,#2654);
#2654 = DEFINITIONAL_REPRESENTATION('',(#2655),#2659);
#2655 = LINE('',#2656,#2657);
#2656 = CARTESIAN_POINT('',(-0.,-0.));
#2657 = VECTOR('',#2658,1.);
#2658 = DIRECTION('',(-1.,-0.));
#2659 = ( GEOMETRIC_REPRESENTATION_CONTEXT(2) 
PARAMETRIC_REPRESENTATION_CONTEXT() REPRESENTATION_CONTEXT('2D SPACE',''
  ) );
#2660 = PCURVE('',#2661,#2666);
#2661 = CYLINDRICAL_SURFACE('',#2662,3.5);
#2662 = AXIS2_PLACEMENT_3D('',#2663,#2664,#2665);
#2663 = CARTESIAN_POINT('',(158.96,52.12,4.5));
#2664 = DIRECTION('',(0.,0.,1.));
#2665 = DIRECTION('',(1.,0.,-0.));
#2666 = DEFINITIONAL_REPRESENTATION('',(#2667),#2671);
#2667 = LINE('',#2668,#2669);
#2668 = CARTESIAN_POINT('',(1.570796326795,0.5));
#2669 = VECTOR('',#2670,1.);
#2670 = DIRECTION('',(-1.,-0.));
#2671 = ( GEOMETRIC_REPRESENTATION_CONTEXT(2) 
PARAMETRIC_REPRESENTATION_CONTEXT() REPRESENTATION_CONTEXT('2D SPACE',''
  ) );
#2672 = ADVANCED_FACE('',(#2673),#1193,.F.);
#2673 = FACE_BOUND('',#2674,.F.);
#2674 = EDGE_LOOP('',(#2675,#2676,#2677,#2707,#2736));
#2675 = ORIENTED_EDGE('',*,*,#2616,.F.);
#2676 = ORIENTED_EDGE('',*,*,#1172,.T.);
#2677 = ORIENTED_EDGE('',*,*,#2678,.T.);
#2678 = EDGE_CURVE('',#1173,#2679,#2681,.T.);
#2679 = VERTEX_POINT('',#2680);
#2680 = CARTESIAN_POINT('',(162.2407764064,53.339223593596,5.));
#2681 = SURFACE_CURVE('',#2682,(#2687,#2697),.PCURVE_S1.);
#2682 = HYPERBOLA('',#2683,1.732050807569,1.);
#2683 = AXIS2_PLACEMENT_3D('',#2684,#2685,#2686);
#2684 = CARTESIAN_POINT('',(159.96,53.12,2.5));
#2685 = DIRECTION('',(-0.57735026919,-0.57735026919,0.57735026919));
#2686 = DIRECTION('',(0.408248290464,0.408248290464,0.816496580928));
#2687 = PCURVE('',#1193,#2688);
#2688 = DEFINITIONAL_REPRESENTATION('',(#2689),#2696);
#2689 = B_SPLINE_CURVE_WITH_KNOTS('',5,(#2690,#2691,#2692,#2693,#2694,
    #2695),.UNSPECIFIED.,.F.,.F.,(6,6),(-1.384329691657,-1.171089504404)
  ,.PIECEWISE_BEZIER_KNOTS.);
#2690 = CARTESIAN_POINT('',(-2.542284404853,0.499999999999));
#2691 = CARTESIAN_POINT('',(-2.563608423578,0.387163899));
#2692 = CARTESIAN_POINT('',(-2.586436275442,0.281148496719));
#2693 = CARTESIAN_POINT('',(-2.610929514237,0.181526277575));
#2694 = CARTESIAN_POINT('',(-2.637278378962,8.79211815665E-02));
#2695 = CARTESIAN_POINT('',(-2.665710403929,-3.611555499106E-13));
#2696 = ( GEOMETRIC_REPRESENTATION_CONTEXT(2) 
PARAMETRIC_REPRESENTATION_CONTEXT() REPRESENTATION_CONTEXT('2D SPACE',''
  ) );
#2697 = PCURVE('',#1222,#2698);
#2698 = DEFINITIONAL_REPRESENTATION('',(#2699),#2706);
#2699 = B_SPLINE_CURVE_WITH_KNOTS('',5,(#2700,#2701,#2702,#2703,#2704,
    #2705),.UNSPECIFIED.,.F.,.F.,(6,6),(-1.384329691657,-1.171089504404)
  ,.PIECEWISE_BEZIER_KNOTS.);
#2700 = CARTESIAN_POINT('',(0.298703208323,0.499999999999));
#2701 = CARTESIAN_POINT('',(0.309365217685,0.387163899));
#2702 = CARTESIAN_POINT('',(0.320403183038,0.281148496719));
#2703 = CARTESIAN_POINT('',(0.331822155226,0.181526277575));
#2704 = CARTESIAN_POINT('',(0.343624690035,8.79211815665E-02));
#2705 = CARTESIAN_POINT('',(0.355809843592,-3.557154570899E-13));
#2706 = ( GEOMETRIC_REPRESENTATION_CONTEXT(2) 
PARAMETRIC_REPRESENTATION_CONTEXT() REPRESENTATION_CONTEXT('2D SPACE',''
  ) );
#2707 = ORIENTED_EDGE('',*,*,#2708,.F.);
#2708 = EDGE_CURVE('',#2709,#2679,#2711,.T.);
#2709 = VERTEX_POINT('',#2710);
#2710 = CARTESIAN_POINT('',(162.46,54.12,5.));
#2711 = SURFACE_CURVE('',#2712,(#2717,#2724),.PCURVE_S1.);
#2712 = CIRCLE('',#2713,1.5);
#2713 = AXIS2_PLACEMENT_3D('',#2714,#2715,#2716);
#2714 = CARTESIAN_POINT('',(160.96,54.12,5.));
#2715 = DIRECTION('',(0.,-0.,-1.));
#2716 = DIRECTION('',(1.,0.,-0.));
#2717 = PCURVE('',#1193,#2718);
#2718 = DEFINITIONAL_REPRESENTATION('',(#2719),#2723);
#2719 = LINE('',#2720,#2721);
#2720 = CARTESIAN_POINT('',(-2.118253365362,-0.));
#2721 = VECTOR('',#2722,1.);
#2722 = DIRECTION('',(-1.,-0.));
#2723 = ( GEOMETRIC_REPRESENTATION_CONTEXT(2) 
PARAMETRIC_REPRESENTATION_CONTEXT() REPRESENTATION_CONTEXT('2D SPACE',''
  ) );
#2724 = PCURVE('',#2725,#2730);
#2725 = CYLINDRICAL_SURFACE('',#2726,1.5);
#2726 = AXIS2_PLACEMENT_3D('',#2727,#2728,#2729);
#2727 = CARTESIAN_POINT('',(160.96,54.12,-0.5));
#2728 = DIRECTION('',(-0.,-0.,-1.));
#2729 = DIRECTION('',(1.,0.,0.));
#2730 = DEFINITIONAL_REPRESENTATION('',(#2731),#2735);
#2731 = LINE('',#2732,#2733);
#2732 = CARTESIAN_POINT('',(-6.28318530718,-5.5));
#2733 = VECTOR('',#2734,1.);
#2734 = DIRECTION('',(1.,-0.));
#2735 = ( GEOMETRIC_REPRESENTATION_CONTEXT(2) 
PARAMETRIC_REPRESENTATION_CONTEXT() REPRESENTATION_CONTEXT('2D SPACE',''
  ) );
#2736 = ORIENTED_EDGE('',*,*,#2737,.F.);
#2737 = EDGE_CURVE('',#2617,#2709,#2738,.T.);
#2738 = SURFACE_CURVE('',#2739,(#2744,#2751),.PCURVE_S1.);
#2739 = CIRCLE('',#2740,1.5);
#2740 = AXIS2_PLACEMENT_3D('',#2741,#2742,#2743);
#2741 = CARTESIAN_POINT('',(160.96,54.12,5.));
#2742 = DIRECTION('',(-0.,0.,-1.));
#2743 = DIRECTION('',(-0.52051760427,0.853850937603,0.));
#2744 = PCURVE('',#1193,#2745);
#2745 = DEFINITIONAL_REPRESENTATION('',(#2746),#2750);
#2746 = LINE('',#2747,#2748);
#2747 = CARTESIAN_POINT('',(-0.,-0.));
#2748 = VECTOR('',#2749,1.);
#2749 = DIRECTION('',(-1.,-0.));
#2750 = ( GEOMETRIC_REPRESENTATION_CONTEXT(2) 
PARAMETRIC_REPRESENTATION_CONTEXT() REPRESENTATION_CONTEXT('2D SPACE',''
  ) );
#2751 = PCURVE('',#2725,#2752);
#2752 = DEFINITIONAL_REPRESENTATION('',(#2753),#2757);
#2753 = LINE('',#2754,#2755);
#2754 = CARTESIAN_POINT('',(-2.118253365362,-5.5));
#2755 = VECTOR('',#2756,1.);
#2756 = DIRECTION('',(1.,-0.));
#2757 = ( GEOMETRIC_REPRESENTATION_CONTEXT(2) 
PARAMETRIC_REPRESENTATION_CONTEXT() REPRESENTATION_CONTEXT('2D SPACE',''
  ) );
#2758 = ADVANCED_FACE('',(#2759),#1222,.F.);
#2759 = FACE_BOUND('',#2760,.T.);
#2760 = EDGE_LOOP('',(#2761,#2782,#2783,#2784));
#2761 = ORIENTED_EDGE('',*,*,#2762,.F.);
#2762 = EDGE_CURVE('',#1206,#2763,#2765,.T.);
#2763 = VERTEX_POINT('',#2764);
#2764 = CARTESIAN_POINT('',(162.46,52.12,5.));
#2765 = SURFACE_CURVE('',#2766,(#2770,#2776),.PCURVE_S1.);
#2766 = LINE('',#2767,#2768);
#2767 = CARTESIAN_POINT('',(162.71,52.12,5.25));
#2768 = VECTOR('',#2769,1.);
#2769 = DIRECTION('',(-0.707106781187,0.,-0.707106781187));
#2770 = PCURVE('',#1222,#2771);
#2771 = DEFINITIONAL_REPRESENTATION('',(#2772),#2775);
#2772 = B_SPLINE_CURVE_WITH_KNOTS('',1,(#2773,#2774),.UNSPECIFIED.,.F.,
  .F.,(2,2),(-0.353553390593,0.353553390593),.PIECEWISE_BEZIER_KNOTS.);
#2773 = CARTESIAN_POINT('',(0.,0.5));
#2774 = CARTESIAN_POINT('',(0.,-4.003735769644E-15));
#2775 = ( GEOMETRIC_REPRESENTATION_CONTEXT(2) 
PARAMETRIC_REPRESENTATION_CONTEXT() REPRESENTATION_CONTEXT('2D SPACE',''
  ) );
#2776 = PCURVE('',#1250,#2777);
#2777 = DEFINITIONAL_REPRESENTATION('',(#2778),#2781);
#2778 = B_SPLINE_CURVE_WITH_KNOTS('',1,(#2779,#2780),.UNSPECIFIED.,.F.,
  .F.,(2,2),(-0.353553390593,0.353553390593),.PIECEWISE_BEZIER_KNOTS.);
#2779 = CARTESIAN_POINT('',(-104.24,-0.353553390593));
#2780 = CARTESIAN_POINT('',(-104.24,0.353553390593));
#2781 = ( GEOMETRIC_REPRESENTATION_CONTEXT(2) 
PARAMETRIC_REPRESENTATION_CONTEXT() REPRESENTATION_CONTEXT('2D SPACE',''
  ) );
#2782 = ORIENTED_EDGE('',*,*,#1205,.T.);
#2783 = ORIENTED_EDGE('',*,*,#2678,.T.);
#2784 = ORIENTED_EDGE('',*,*,#2785,.F.);
#2785 = EDGE_CURVE('',#2763,#2679,#2786,.T.);
#2786 = SURFACE_CURVE('',#2787,(#2792,#2799),.PCURVE_S1.);
#2787 = CIRCLE('',#2788,3.5);
#2788 = AXIS2_PLACEMENT_3D('',#2789,#2790,#2791);
#2789 = CARTESIAN_POINT('',(158.96,52.12,5.));
#2790 = DIRECTION('',(0.,0.,1.));
#2791 = DIRECTION('',(1.,0.,-0.));
#2792 = PCURVE('',#1222,#2793);
#2793 = DEFINITIONAL_REPRESENTATION('',(#2794),#2798);
#2794 = LINE('',#2795,#2796);
#2795 = CARTESIAN_POINT('',(0.,-0.));
#2796 = VECTOR('',#2797,1.);
#2797 = DIRECTION('',(1.,-0.));
#2798 = ( GEOMETRIC_REPRESENTATION_CONTEXT(2) 
PARAMETRIC_REPRESENTATION_CONTEXT() REPRESENTATION_CONTEXT('2D SPACE',''
  ) );
#2799 = PCURVE('',#2800,#2805);
#2800 = CYLINDRICAL_SURFACE('',#2801,3.5);
#2801 = AXIS2_PLACEMENT_3D('',#2802,#2803,#2804);
#2802 = CARTESIAN_POINT('',(158.96,52.12,4.5));
#2803 = DIRECTION('',(0.,0.,1.));
#2804 = DIRECTION('',(1.,0.,-0.));
#2805 = DEFINITIONAL_REPRESENTATION('',(#2806),#2810);
#2806 = LINE('',#2807,#2808);
#2807 = CARTESIAN_POINT('',(0.,0.5));
#2808 = VECTOR('',#2809,1.);
#2809 = DIRECTION('',(1.,0.));
#2810 = ( GEOMETRIC_REPRESENTATION_CONTEXT(2) 
PARAMETRIC_REPRESENTATION_CONTEXT() REPRESENTATION_CONTEXT('2D SPACE',''
  ) );
#2811 = ADVANCED_FACE('',(#2812),#1250,.F.);
#2812 = FACE_BOUND('',#2813,.T.);
#2813 = EDGE_LOOP('',(#2814,#2835,#2836,#2837));
#2814 = ORIENTED_EDGE('',*,*,#2815,.F.);
#2815 = EDGE_CURVE('',#1235,#2816,#2818,.T.);
#2816 = VERTEX_POINT('',#2817);
#2817 = CARTESIAN_POINT('',(162.46,-52.12,5.));
#2818 = SURFACE_CURVE('',#2819,(#2823,#2829),.PCURVE_S1.);
#2819 = LINE('',#2820,#2821);
#2820 = CARTESIAN_POINT('',(162.46,-52.12,5.));
#2821 = VECTOR('',#2822,1.);
#2822 = DIRECTION('',(-0.707106781187,0.,-0.707106781187));
#2823 = PCURVE('',#1250,#2824);
#2824 = DEFINITIONAL_REPRESENTATION('',(#2825),#2828);
#2825 = B_SPLINE_CURVE_WITH_KNOTS('',1,(#2826,#2827),.UNSPECIFIED.,.F.,
  .F.,(2,2),(-0.707106781187,0.),.PIECEWISE_BEZIER_KNOTS.);
#2826 = CARTESIAN_POINT('',(0.,-0.353553390593));
#2827 = CARTESIAN_POINT('',(0.,0.353553390593));
#2828 = ( GEOMETRIC_REPRESENTATION_CONTEXT(2) 
PARAMETRIC_REPRESENTATION_CONTEXT() REPRESENTATION_CONTEXT('2D SPACE',''
  ) );
#2829 = PCURVE('',#1279,#2830);
#2830 = DEFINITIONAL_REPRESENTATION('',(#2831),#2834);
#2831 = B_SPLINE_CURVE_WITH_KNOTS('',1,(#2832,#2833),.UNSPECIFIED.,.F.,
  .F.,(2,2),(-0.707106781187,0.),.PIECEWISE_BEZIER_KNOTS.);
#2832 = CARTESIAN_POINT('',(0.355809843592,0.5));
#2833 = CARTESIAN_POINT('',(0.355809843592,0.));
#2834 = ( GEOMETRIC_REPRESENTATION_CONTEXT(2) 
PARAMETRIC_REPRESENTATION_CONTEXT() REPRESENTATION_CONTEXT('2D SPACE',''
  ) );
#2835 = ORIENTED_EDGE('',*,*,#1234,.T.);
#2836 = ORIENTED_EDGE('',*,*,#2762,.T.);
#2837 = ORIENTED_EDGE('',*,*,#2838,.F.);
#2838 = EDGE_CURVE('',#2816,#2763,#2839,.T.);
#2839 = SURFACE_CURVE('',#2840,(#2844,#2851),.PCURVE_S1.);
#2840 = LINE('',#2841,#2842);
#2841 = CARTESIAN_POINT('',(162.46,-52.12,5.));
#2842 = VECTOR('',#2843,1.);
#2843 = DIRECTION('',(0.,1.,0.));
#2844 = PCURVE('',#1250,#2845);
#2845 = DEFINITIONAL_REPRESENTATION('',(#2846),#2850);
#2846 = LINE('',#2847,#2848);
#2847 = CARTESIAN_POINT('',(-0.,0.353553390593));
#2848 = VECTOR('',#2849,1.);
#2849 = DIRECTION('',(-1.,0.));
#2850 = ( GEOMETRIC_REPRESENTATION_CONTEXT(2) 
PARAMETRIC_REPRESENTATION_CONTEXT() REPRESENTATION_CONTEXT('2D SPACE',''
  ) );
#2851 = PCURVE('',#2852,#2857);
#2852 = PLANE('',#2853);
#2853 = AXIS2_PLACEMENT_3D('',#2854,#2855,#2856);
#2854 = CARTESIAN_POINT('',(162.46,-55.62,4.5));
#2855 = DIRECTION('',(1.,0.,0.));
#2856 = DIRECTION('',(0.,0.,1.));
#2857 = DEFINITIONAL_REPRESENTATION('',(#2858),#2862);
#2858 = LINE('',#2859,#2860);
#2859 = CARTESIAN_POINT('',(0.5,-3.5));
#2860 = VECTOR('',#2861,1.);
#2861 = DIRECTION('',(0.,-1.));
#2862 = ( GEOMETRIC_REPRESENTATION_CONTEXT(2) 
PARAMETRIC_REPRESENTATION_CONTEXT() REPRESENTATION_CONTEXT('2D SPACE',''
  ) );
#2863 = ADVANCED_FACE('',(#2864),#1279,.F.);
#2864 = FACE_BOUND('',#2865,.T.);
#2865 = EDGE_LOOP('',(#2866,#2896,#2897,#2898));
#2866 = ORIENTED_EDGE('',*,*,#2867,.F.);
#2867 = EDGE_CURVE('',#1263,#2868,#2870,.T.);
#2868 = VERTEX_POINT('',#2869);
#2869 = CARTESIAN_POINT('',(162.2407764064,-53.33922359359,5.));
#2870 = SURFACE_CURVE('',#2871,(#2876,#2886),.PCURVE_S1.);
#2871 = HYPERBOLA('',#2872,1.732050807569,1.);
#2872 = AXIS2_PLACEMENT_3D('',#2873,#2874,#2875);
#2873 = CARTESIAN_POINT('',(159.96,-53.12,2.5));
#2874 = DIRECTION('',(0.57735026919,-0.57735026919,-0.57735026919));
#2875 = DIRECTION('',(0.408248290464,-0.408248290464,0.816496580928));
#2876 = PCURVE('',#1279,#2877);
#2877 = DEFINITIONAL_REPRESENTATION('',(#2878),#2885);
#2878 = B_SPLINE_CURVE_WITH_KNOTS('',5,(#2879,#2880,#2881,#2882,#2883,
    #2884),.UNSPECIFIED.,.F.,.F.,(6,6),(-1.384329691657,-1.171089504404)
  ,.PIECEWISE_BEZIER_KNOTS.);
#2879 = CARTESIAN_POINT('',(5.710663526909E-02,0.499999999999));
#2880 = CARTESIAN_POINT('',(4.644462590646E-02,0.387163899));
#2881 = CARTESIAN_POINT('',(3.540666055402E-02,0.281148496719));
#2882 = CARTESIAN_POINT('',(2.398768836591E-02,0.181526277574));
#2883 = CARTESIAN_POINT('',(1.218515355724E-02,8.792118156653E-02));
#2884 = CARTESIAN_POINT('',(-4.884981308351E-14,-3.277378368693E-13));
#2885 = ( GEOMETRIC_REPRESENTATION_CONTEXT(2) 
PARAMETRIC_REPRESENTATION_CONTEXT() REPRESENTATION_CONTEXT('2D SPACE',''
  ) );
#2886 = PCURVE('',#1312,#2887);
#2887 = DEFINITIONAL_REPRESENTATION('',(#2888),#2895);
#2888 = B_SPLINE_CURVE_WITH_KNOTS('',5,(#2889,#2890,#2891,#2892,#2893,
    #2894),.UNSPECIFIED.,.F.,.F.,(6,6),(-1.384329691657,-1.171089504404)
  ,.PIECEWISE_BEZIER_KNOTS.);
#2889 = CARTESIAN_POINT('',(0.424031039491,0.499999999999));
#2890 = CARTESIAN_POINT('',(0.445355058216,0.387163899));
#2891 = CARTESIAN_POINT('',(0.46818291008,0.281148496719));
#2892 = CARTESIAN_POINT('',(0.492676148875,0.181526277574));
#2893 = CARTESIAN_POINT('',(0.5190250136,8.792118156653E-02));
#2894 = CARTESIAN_POINT('',(0.547457038567,-3.277378368693E-13));
#2895 = ( GEOMETRIC_REPRESENTATION_CONTEXT(2) 
PARAMETRIC_REPRESENTATION_CONTEXT() REPRESENTATION_CONTEXT('2D SPACE',''
  ) );
#2896 = ORIENTED_EDGE('',*,*,#1262,.T.);
#2897 = ORIENTED_EDGE('',*,*,#2815,.T.);
#2898 = ORIENTED_EDGE('',*,*,#2899,.F.);
#2899 = EDGE_CURVE('',#2868,#2816,#2900,.T.);
#2900 = SURFACE_CURVE('',#2901,(#2906,#2913),.PCURVE_S1.);
#2901 = CIRCLE('',#2902,3.5);
#2902 = AXIS2_PLACEMENT_3D('',#2903,#2904,#2905);
#2903 = CARTESIAN_POINT('',(158.96,-52.12,5.));
#2904 = DIRECTION('',(0.,0.,1.));
#2905 = DIRECTION('',(0.937364687544,-0.34834959817,0.));
#2906 = PCURVE('',#1279,#2907);
#2907 = DEFINITIONAL_REPRESENTATION('',(#2908),#2912);
#2908 = LINE('',#2909,#2910);
#2909 = CARTESIAN_POINT('',(0.,-0.));
#2910 = VECTOR('',#2911,1.);
#2911 = DIRECTION('',(1.,-0.));
#2912 = ( GEOMETRIC_REPRESENTATION_CONTEXT(2) 
PARAMETRIC_REPRESENTATION_CONTEXT() REPRESENTATION_CONTEXT('2D SPACE',''
  ) );
#2913 = PCURVE('',#2914,#2919);
#2914 = CYLINDRICAL_SURFACE('',#2915,3.5);
#2915 = AXIS2_PLACEMENT_3D('',#2916,#2917,#2918);
#2916 = CARTESIAN_POINT('',(158.96,-52.12,4.5));
#2917 = DIRECTION('',(0.,0.,1.));
#2918 = DIRECTION('',(1.,0.,-0.));
#2919 = DEFINITIONAL_REPRESENTATION('',(#2920),#2924);
#2920 = LINE('',#2921,#2922);
#2921 = CARTESIAN_POINT('',(-0.355809843592,0.5));
#2922 = VECTOR('',#2923,1.);
#2923 = DIRECTION('',(1.,-0.));
#2924 = ( GEOMETRIC_REPRESENTATION_CONTEXT(2) 
PARAMETRIC_REPRESENTATION_CONTEXT() REPRESENTATION_CONTEXT('2D SPACE',''
  ) );
#2925 = ADVANCED_FACE('',(#2926),#1312,.F.);
#2926 = FACE_BOUND('',#2927,.F.);
#2927 = EDGE_LOOP('',(#2928,#2958,#2987,#3009,#3010));
#2928 = ORIENTED_EDGE('',*,*,#2929,.T.);
#2929 = EDGE_CURVE('',#1292,#2930,#2932,.T.);
#2930 = VERTEX_POINT('',#2931);
#2931 = CARTESIAN_POINT('',(160.17922359359,-55.4007764064,5.));
#2932 = SURFACE_CURVE('',#2933,(#2938,#2948),.PCURVE_S1.);
#2933 = HYPERBOLA('',#2934,1.732050807569,1.);
#2934 = AXIS2_PLACEMENT_3D('',#2935,#2936,#2937);
#2935 = CARTESIAN_POINT('',(159.96,-53.12,2.5));
#2936 = DIRECTION('',(-0.57735026919,0.57735026919,0.57735026919));
#2937 = DIRECTION('',(0.408248290464,-0.408248290464,0.816496580928));
#2938 = PCURVE('',#1312,#2939);
#2939 = DEFINITIONAL_REPRESENTATION('',(#2940),#2947);
#2940 = B_SPLINE_CURVE_WITH_KNOTS('',5,(#2941,#2942,#2943,#2944,#2945,
    #2946),.UNSPECIFIED.,.F.,.F.,(6,6),(-1.384329691657,-1.171089504404)
  ,.PIECEWISE_BEZIER_KNOTS.);
#2941 = CARTESIAN_POINT('',(-1.994827366286,0.5));
#2942 = CARTESIAN_POINT('',(-2.016151385011,0.387163899001));
#2943 = CARTESIAN_POINT('',(-2.038979236875,0.281148496719));
#2944 = CARTESIAN_POINT('',(-2.06347247567,0.181526277575));
#2945 = CARTESIAN_POINT('',(-2.089821340395,8.79211815669E-02));
#2946 = CARTESIAN_POINT('',(-2.118253365362,2.22044604925E-16));
#2947 = ( GEOMETRIC_REPRESENTATION_CONTEXT(2) 
PARAMETRIC_REPRESENTATION_CONTEXT() REPRESENTATION_CONTEXT('2D SPACE',''
  ) );
#2948 = PCURVE('',#1345,#2949);
#2949 = DEFINITIONAL_REPRESENTATION('',(#2950),#2957);
#2950 = B_SPLINE_CURVE_WITH_KNOTS('',5,(#2951,#2952,#2953,#2954,#2955,
    #2956),.UNSPECIFIED.,.F.,.F.,(6,6),(-1.384329691657,-1.171089504404)
  ,.PIECEWISE_BEZIER_KNOTS.);
#2951 = CARTESIAN_POINT('',(-5.710663526915E-02,0.5));
#2952 = CARTESIAN_POINT('',(-4.644462590652E-02,0.387163899001));
#2953 = CARTESIAN_POINT('',(-3.540666055405E-02,0.281148496719));
#2954 = CARTESIAN_POINT('',(-2.398768836595E-02,0.181526277575));
#2955 = CARTESIAN_POINT('',(-1.218515355729E-02,8.792118156689E-02));
#2956 = CARTESIAN_POINT('',(0.,-1.7763568394E-15));
#2957 = ( GEOMETRIC_REPRESENTATION_CONTEXT(2) 
PARAMETRIC_REPRESENTATION_CONTEXT() REPRESENTATION_CONTEXT('2D SPACE',''
  ) );
#2958 = ORIENTED_EDGE('',*,*,#2959,.F.);
#2959 = EDGE_CURVE('',#2960,#2930,#2962,.T.);
#2960 = VERTEX_POINT('',#2961);
#2961 = CARTESIAN_POINT('',(162.46,-54.12,5.));
#2962 = SURFACE_CURVE('',#2963,(#2968,#2975),.PCURVE_S1.);
#2963 = CIRCLE('',#2964,1.5);
#2964 = AXIS2_PLACEMENT_3D('',#2965,#2966,#2967);
#2965 = CARTESIAN_POINT('',(160.96,-54.12,5.));
#2966 = DIRECTION('',(0.,-0.,-1.));
#2967 = DIRECTION('',(1.,0.,-0.));
#2968 = PCURVE('',#1312,#2969);
#2969 = DEFINITIONAL_REPRESENTATION('',(#2970),#2974);
#2970 = LINE('',#2971,#2972);
#2971 = CARTESIAN_POINT('',(-0.,-0.));
#2972 = VECTOR('',#2973,1.);
#2973 = DIRECTION('',(-1.,-0.));
#2974 = ( GEOMETRIC_REPRESENTATION_CONTEXT(2) 
PARAMETRIC_REPRESENTATION_CONTEXT() REPRESENTATION_CONTEXT('2D SPACE',''
  ) );
#2975 = PCURVE('',#2976,#2981);
#2976 = CYLINDRICAL_SURFACE('',#2977,1.5);
#2977 = AXIS2_PLACEMENT_3D('',#2978,#2979,#2980);
#2978 = CARTESIAN_POINT('',(160.96,-54.12,-0.5));
#2979 = DIRECTION('',(-0.,-0.,-1.));
#2980 = DIRECTION('',(1.,0.,0.));
#2981 = DEFINITIONAL_REPRESENTATION('',(#2982),#2986);
#2982 = LINE('',#2983,#2984);
#2983 = CARTESIAN_POINT('',(-6.28318530718,-5.5));
#2984 = VECTOR('',#2985,1.);
#2985 = DIRECTION('',(1.,-0.));
#2986 = ( GEOMETRIC_REPRESENTATION_CONTEXT(2) 
PARAMETRIC_REPRESENTATION_CONTEXT() REPRESENTATION_CONTEXT('2D SPACE',''
  ) );
#2987 = ORIENTED_EDGE('',*,*,#2988,.F.);
#2988 = EDGE_CURVE('',#2868,#2960,#2989,.T.);
#2989 = SURFACE_CURVE('',#2990,(#2995,#3002),.PCURVE_S1.);
#2990 = CIRCLE('',#2991,1.5);
#2991 = AXIS2_PLACEMENT_3D('',#2992,#2993,#2994);
#2992 = CARTESIAN_POINT('',(160.96,-54.12,5.));
#2993 = DIRECTION('',(0.,-0.,-1.));
#2994 = DIRECTION('',(0.853850937603,0.52051760427,-0.));
#2995 = PCURVE('',#1312,#2996);
#2996 = DEFINITIONAL_REPRESENTATION('',(#2997),#3001);
#2997 = LINE('',#2998,#2999);
#2998 = CARTESIAN_POINT('',(0.547457038567,-0.));
#2999 = VECTOR('',#3000,1.);
#3000 = DIRECTION('',(-1.,-0.));
#3001 = ( GEOMETRIC_REPRESENTATION_CONTEXT(2) 
PARAMETRIC_REPRESENTATION_CONTEXT() REPRESENTATION_CONTEXT('2D SPACE',''
  ) );
#3002 = PCURVE('',#2976,#3003);
#3003 = DEFINITIONAL_REPRESENTATION('',(#3004),#3008);
#3004 = LINE('',#3005,#3006);
#3005 = CARTESIAN_POINT('',(-0.547457038567,-5.5));
#3006 = VECTOR('',#3007,1.);
#3007 = DIRECTION('',(1.,-0.));
#3008 = ( GEOMETRIC_REPRESENTATION_CONTEXT(2) 
PARAMETRIC_REPRESENTATION_CONTEXT() REPRESENTATION_CONTEXT('2D SPACE',''
  ) );
#3009 = ORIENTED_EDGE('',*,*,#2867,.F.);
#3010 = ORIENTED_EDGE('',*,*,#1291,.T.);
#3011 = ADVANCED_FACE('',(#3012),#1345,.F.);
#3012 = FACE_BOUND('',#3013,.F.);
#3013 = EDGE_LOOP('',(#3014,#3015,#3016,#3037));
#3014 = ORIENTED_EDGE('',*,*,#2929,.F.);
#3015 = ORIENTED_EDGE('',*,*,#1324,.T.);
#3016 = ORIENTED_EDGE('',*,*,#3017,.T.);
#3017 = EDGE_CURVE('',#1325,#3018,#3020,.T.);
#3018 = VERTEX_POINT('',#3019);
#3019 = CARTESIAN_POINT('',(158.96,-55.62,5.));
#3020 = SURFACE_CURVE('',#3021,(#3025,#3031),.PCURVE_S1.);
#3021 = LINE('',#3022,#3023);
#3022 = CARTESIAN_POINT('',(158.96,-55.62,5.));
#3023 = VECTOR('',#3024,1.);
#3024 = DIRECTION('',(-1.387778780781E-16,0.707106781187,-0.707106781187
    ));
#3025 = PCURVE('',#1345,#3026);
#3026 = DEFINITIONAL_REPRESENTATION('',(#3027),#3030);
#3027 = B_SPLINE_CURVE_WITH_KNOTS('',1,(#3028,#3029),.UNSPECIFIED.,.F.,
  .F.,(2,2),(-0.707106781187,0.),.PIECEWISE_BEZIER_KNOTS.);
#3028 = CARTESIAN_POINT('',(-0.355809843592,0.5));
#3029 = CARTESIAN_POINT('',(-0.355809843592,0.));
#3030 = ( GEOMETRIC_REPRESENTATION_CONTEXT(2) 
PARAMETRIC_REPRESENTATION_CONTEXT() REPRESENTATION_CONTEXT('2D SPACE',''
  ) );
#3031 = PCURVE('',#1373,#3032);
#3032 = DEFINITIONAL_REPRESENTATION('',(#3033),#3036);
#3033 = B_SPLINE_CURVE_WITH_KNOTS('',1,(#3034,#3035),.UNSPECIFIED.,.F.,
  .F.,(2,2),(-0.707106781187,0.),.PIECEWISE_BEZIER_KNOTS.);
#3034 = CARTESIAN_POINT('',(0.,-0.353553390593));
#3035 = CARTESIAN_POINT('',(0.,0.353553390593));
#3036 = ( GEOMETRIC_REPRESENTATION_CONTEXT(2) 
PARAMETRIC_REPRESENTATION_CONTEXT() REPRESENTATION_CONTEXT('2D SPACE',''
  ) );
#3037 = ORIENTED_EDGE('',*,*,#3038,.F.);
#3038 = EDGE_CURVE('',#2930,#3018,#3039,.T.);
#3039 = SURFACE_CURVE('',#3040,(#3045,#3052),.PCURVE_S1.);
#3040 = CIRCLE('',#3041,3.5);
#3041 = AXIS2_PLACEMENT_3D('',#3042,#3043,#3044);
#3042 = CARTESIAN_POINT('',(158.96,-52.12,5.));
#3043 = DIRECTION('',(0.,-0.,-1.));
#3044 = DIRECTION('',(0.34834959817,-0.937364687544,0.));
#3045 = PCURVE('',#1345,#3046);
#3046 = DEFINITIONAL_REPRESENTATION('',(#3047),#3051);
#3047 = LINE('',#3048,#3049);
#3048 = CARTESIAN_POINT('',(-0.,-0.));
#3049 = VECTOR('',#3050,1.);
#3050 = DIRECTION('',(-1.,-0.));
#3051 = ( GEOMETRIC_REPRESENTATION_CONTEXT(2) 
PARAMETRIC_REPRESENTATION_CONTEXT() REPRESENTATION_CONTEXT('2D SPACE',''
  ) );
#3052 = PCURVE('',#3053,#3058);
#3053 = CYLINDRICAL_SURFACE('',#3054,3.5);
#3054 = AXIS2_PLACEMENT_3D('',#3055,#3056,#3057);
#3055 = CARTESIAN_POINT('',(158.96,-52.12,4.5));
#3056 = DIRECTION('',(0.,0.,1.));
#3057 = DIRECTION('',(1.,0.,-0.));
#3058 = DEFINITIONAL_REPRESENTATION('',(#3059),#3063);
#3059 = LINE('',#3060,#3061);
#3060 = CARTESIAN_POINT('',(-1.214986483203,0.5));
#3061 = VECTOR('',#3062,1.);
#3062 = DIRECTION('',(-1.,0.));
#3063 = ( GEOMETRIC_REPRESENTATION_CONTEXT(2) 
PARAMETRIC_REPRESENTATION_CONTEXT() REPRESENTATION_CONTEXT('2D SPACE',''
  ) );
#3064 = ADVANCED_FACE('',(#3065),#1373,.T.);
#3065 = FACE_BOUND('',#3066,.F.);
#3066 = EDGE_LOOP('',(#3067,#3068,#3069,#3090));
#3067 = ORIENTED_EDGE('',*,*,#3017,.F.);
#3068 = ORIENTED_EDGE('',*,*,#1357,.T.);
#3069 = ORIENTED_EDGE('',*,*,#3070,.T.);
#3070 = EDGE_CURVE('',#1358,#3071,#3073,.T.);
#3071 = VERTEX_POINT('',#3072);
#3072 = CARTESIAN_POINT('',(-158.96,-55.62,5.));
#3073 = SURFACE_CURVE('',#3074,(#3078,#3084),.PCURVE_S1.);
#3074 = LINE('',#3075,#3076);
#3075 = CARTESIAN_POINT('',(-158.96,-55.87,5.25));
#3076 = VECTOR('',#3077,1.);
#3077 = DIRECTION('',(-0.,0.707106781187,-0.707106781187));
#3078 = PCURVE('',#1373,#3079);
#3079 = DEFINITIONAL_REPRESENTATION('',(#3080),#3083);
#3080 = B_SPLINE_CURVE_WITH_KNOTS('',1,(#3081,#3082),.UNSPECIFIED.,.F.,
  .F.,(2,2),(-0.353553390593,0.353553390593),.PIECEWISE_BEZIER_KNOTS.);
#3081 = CARTESIAN_POINT('',(-317.92,-0.353553390593));
#3082 = CARTESIAN_POINT('',(-317.92,0.353553390593));
#3083 = ( GEOMETRIC_REPRESENTATION_CONTEXT(2) 
PARAMETRIC_REPRESENTATION_CONTEXT() REPRESENTATION_CONTEXT('2D SPACE',''
  ) );
#3084 = PCURVE('',#1404,#3085);
#3085 = DEFINITIONAL_REPRESENTATION('',(#3086),#3089);
#3086 = B_SPLINE_CURVE_WITH_KNOTS('',1,(#3087,#3088),.UNSPECIFIED.,.F.,
  .F.,(2,2),(-0.353553390593,0.353553390593),.PIECEWISE_BEZIER_KNOTS.);
#3087 = CARTESIAN_POINT('',(0.,0.5));
#3088 = CARTESIAN_POINT('',(0.,-4.003735769644E-15));
#3089 = ( GEOMETRIC_REPRESENTATION_CONTEXT(2) 
PARAMETRIC_REPRESENTATION_CONTEXT() REPRESENTATION_CONTEXT('2D SPACE',''
  ) );
#3090 = ORIENTED_EDGE('',*,*,#3091,.F.);
#3091 = EDGE_CURVE('',#3018,#3071,#3092,.T.);
#3092 = SURFACE_CURVE('',#3093,(#3097,#3104),.PCURVE_S1.);
#3093 = LINE('',#3094,#3095);
#3094 = CARTESIAN_POINT('',(158.96,-55.62,5.));
#3095 = VECTOR('',#3096,1.);
#3096 = DIRECTION('',(-1.,0.,0.));
#3097 = PCURVE('',#1373,#3098);
#3098 = DEFINITIONAL_REPRESENTATION('',(#3099),#3103);
#3099 = LINE('',#3100,#3101);
#3100 = CARTESIAN_POINT('',(-0.,0.353553390593));
#3101 = VECTOR('',#3102,1.);
#3102 = DIRECTION('',(-1.,0.));
#3103 = ( GEOMETRIC_REPRESENTATION_CONTEXT(2) 
PARAMETRIC_REPRESENTATION_CONTEXT() REPRESENTATION_CONTEXT('2D SPACE',''
  ) );
#3104 = PCURVE('',#3105,#3110);
#3105 = PLANE('',#3106);
#3106 = AXIS2_PLACEMENT_3D('',#3107,#3108,#3109);
#3107 = CARTESIAN_POINT('',(-162.46,-55.62,4.5));
#3108 = DIRECTION('',(0.,1.,0.));
#3109 = DIRECTION('',(0.,0.,1.));
#3110 = DEFINITIONAL_REPRESENTATION('',(#3111),#3115);
#3111 = LINE('',#3112,#3113);
#3112 = CARTESIAN_POINT('',(0.5,321.42));
#3113 = VECTOR('',#3114,1.);
#3114 = DIRECTION('',(0.,-1.));
#3115 = ( GEOMETRIC_REPRESENTATION_CONTEXT(2) 
PARAMETRIC_REPRESENTATION_CONTEXT() REPRESENTATION_CONTEXT('2D SPACE',''
  ) );
#3116 = ADVANCED_FACE('',(#3117),#1404,.F.);
#3117 = FACE_BOUND('',#3118,.F.);
#3118 = EDGE_LOOP('',(#3119,#3120,#3121,#3122));
#3119 = ORIENTED_EDGE('',*,*,#3070,.F.);
#3120 = ORIENTED_EDGE('',*,*,#1385,.T.);
#3121 = ORIENTED_EDGE('',*,*,#2189,.T.);
#3122 = ORIENTED_EDGE('',*,*,#3123,.F.);
#3123 = EDGE_CURVE('',#3071,#2190,#3124,.T.);
#3124 = SURFACE_CURVE('',#3125,(#3130,#3137),.PCURVE_S1.);
#3125 = CIRCLE('',#3126,3.5);
#3126 = AXIS2_PLACEMENT_3D('',#3127,#3128,#3129);
#3127 = CARTESIAN_POINT('',(-158.96,-52.12,5.));
#3128 = DIRECTION('',(-0.,-0.,-1.));
#3129 = DIRECTION('',(0.,-1.,0.));
#3130 = PCURVE('',#1404,#3131);
#3131 = DEFINITIONAL_REPRESENTATION('',(#3132),#3136);
#3132 = LINE('',#3133,#3134);
#3133 = CARTESIAN_POINT('',(-0.,-0.));
#3134 = VECTOR('',#3135,1.);
#3135 = DIRECTION('',(-1.,-0.));
#3136 = ( GEOMETRIC_REPRESENTATION_CONTEXT(2) 
PARAMETRIC_REPRESENTATION_CONTEXT() REPRESENTATION_CONTEXT('2D SPACE',''
  ) );
#3137 = PCURVE('',#3138,#3143);
#3138 = CYLINDRICAL_SURFACE('',#3139,3.5);
#3139 = AXIS2_PLACEMENT_3D('',#3140,#3141,#3142);
#3140 = CARTESIAN_POINT('',(-158.96,-52.12,4.5));
#3141 = DIRECTION('',(0.,0.,1.));
#3142 = DIRECTION('',(-1.,-0.,0.));
#3143 = DEFINITIONAL_REPRESENTATION('',(#3144),#3148);
#3144 = LINE('',#3145,#3146);
#3145 = CARTESIAN_POINT('',(1.570796326795,0.5));
#3146 = VECTOR('',#3147,1.);
#3147 = DIRECTION('',(-1.,-0.));
#3148 = ( GEOMETRIC_REPRESENTATION_CONTEXT(2) 
PARAMETRIC_REPRESENTATION_CONTEXT() REPRESENTATION_CONTEXT('2D SPACE',''
  ) );
#3149 = ADVANCED_FACE('',(#3150),#1459,.T.);
#3150 = FACE_BOUND('',#3151,.F.);
#3151 = EDGE_LOOP('',(#3152,#3153,#3154,#3173));
#3152 = ORIENTED_EDGE('',*,*,#2141,.F.);
#3153 = ORIENTED_EDGE('',*,*,#1442,.T.);
#3154 = ORIENTED_EDGE('',*,*,#3155,.T.);
#3155 = EDGE_CURVE('',#1443,#1604,#3156,.T.);
#3156 = SURFACE_CURVE('',#3157,(#3161,#3167),.PCURVE_S1.);
#3157 = LINE('',#3158,#3159);
#3158 = CARTESIAN_POINT('',(169.46,-58.62,5.));
#3159 = VECTOR('',#3160,1.);
#3160 = DIRECTION('',(0.707106781187,-4.329780281177E-17,-0.707106781187
    ));
#3161 = PCURVE('',#1459,#3162);
#3162 = DEFINITIONAL_REPRESENTATION('',(#3163),#3166);
#3163 = B_SPLINE_CURVE_WITH_KNOTS('',1,(#3164,#3165),.UNSPECIFIED.,.F.,
  .F.,(2,2),(-0.707106781187,0.),.PIECEWISE_BEZIER_KNOTS.);
#3164 = CARTESIAN_POINT('',(-1.570796326795,-0.5));
#3165 = CARTESIAN_POINT('',(-1.570796326795,0.));
#3166 = ( GEOMETRIC_REPRESENTATION_CONTEXT(2) 
PARAMETRIC_REPRESENTATION_CONTEXT() REPRESENTATION_CONTEXT('2D SPACE',''
  ) );
#3167 = PCURVE('',#1487,#3168);
#3168 = DEFINITIONAL_REPRESENTATION('',(#3169),#3172);
#3169 = B_SPLINE_CURVE_WITH_KNOTS('',1,(#3170,#3171),.UNSPECIFIED.,.F.,
  .F.,(2,2),(-0.707106781187,0.),.PIECEWISE_BEZIER_KNOTS.);
#3170 = CARTESIAN_POINT('',(0.,-0.353553390593));
#3171 = CARTESIAN_POINT('',(0.,0.353553390593));
#3172 = ( GEOMETRIC_REPRESENTATION_CONTEXT(2) 
PARAMETRIC_REPRESENTATION_CONTEXT() REPRESENTATION_CONTEXT('2D SPACE',''
  ) );
#3173 = ORIENTED_EDGE('',*,*,#1628,.F.);
#3174 = ADVANCED_FACE('',(#3175),#1487,.T.);
#3175 = FACE_BOUND('',#3176,.F.);
#3176 = EDGE_LOOP('',(#3177,#3178,#3179,#3198));
#3177 = ORIENTED_EDGE('',*,*,#3155,.F.);
#3178 = ORIENTED_EDGE('',*,*,#1471,.T.);
#3179 = ORIENTED_EDGE('',*,*,#3180,.T.);
#3180 = EDGE_CURVE('',#1472,#1654,#3181,.T.);
#3181 = SURFACE_CURVE('',#3182,(#3186,#3192),.PCURVE_S1.);
#3182 = LINE('',#3183,#3184);
#3183 = CARTESIAN_POINT('',(169.21,58.62,5.25));
#3184 = VECTOR('',#3185,1.);
#3185 = DIRECTION('',(0.707106781187,0.,-0.707106781187));
#3186 = PCURVE('',#1487,#3187);
#3187 = DEFINITIONAL_REPRESENTATION('',(#3188),#3191);
#3188 = B_SPLINE_CURVE_WITH_KNOTS('',1,(#3189,#3190),.UNSPECIFIED.,.F.,
  .F.,(2,2),(-0.353553390593,0.353553390593),.PIECEWISE_BEZIER_KNOTS.);
#3189 = CARTESIAN_POINT('',(-117.24,-0.353553390593));
#3190 = CARTESIAN_POINT('',(-117.24,0.353553390593));
#3191 = ( GEOMETRIC_REPRESENTATION_CONTEXT(2) 
PARAMETRIC_REPRESENTATION_CONTEXT() REPRESENTATION_CONTEXT('2D SPACE',''
  ) );
#3192 = PCURVE('',#1516,#3193);
#3193 = DEFINITIONAL_REPRESENTATION('',(#3194),#3197);
#3194 = B_SPLINE_CURVE_WITH_KNOTS('',1,(#3195,#3196),.UNSPECIFIED.,.F.,
  .F.,(2,2),(-0.353553390593,0.353553390593),.PIECEWISE_BEZIER_KNOTS.);
#3195 = CARTESIAN_POINT('',(0.,-0.5));
#3196 = CARTESIAN_POINT('',(0.,4.003735769644E-15));
#3197 = ( GEOMETRIC_REPRESENTATION_CONTEXT(2) 
PARAMETRIC_REPRESENTATION_CONTEXT() REPRESENTATION_CONTEXT('2D SPACE',''
  ) );
#3198 = ORIENTED_EDGE('',*,*,#1706,.F.);
#3199 = ADVANCED_FACE('',(#3200),#1516,.T.);
#3200 = FACE_BOUND('',#3201,.F.);
#3201 = EDGE_LOOP('',(#3202,#3203,#3204,#3205));
#3202 = ORIENTED_EDGE('',*,*,#3180,.F.);
#3203 = ORIENTED_EDGE('',*,*,#1499,.T.);
#3204 = ORIENTED_EDGE('',*,*,#2164,.T.);
#3205 = ORIENTED_EDGE('',*,*,#1678,.F.);
#3206 = ADVANCED_FACE('',(#3207,#3217),#1749,.F.);
#3207 = FACE_BOUND('',#3208,.F.);
#3208 = EDGE_LOOP('',(#3209,#3210,#3211,#3212,#3213,#3214,#3215,#3216));
#3209 = ORIENTED_EDGE('',*,*,#2114,.F.);
#3210 = ORIENTED_EDGE('',*,*,#1730,.T.);
#3211 = ORIENTED_EDGE('',*,*,#1807,.T.);
#3212 = ORIENTED_EDGE('',*,*,#1856,.F.);
#3213 = ORIENTED_EDGE('',*,*,#1912,.T.);
#3214 = ORIENTED_EDGE('',*,*,#1959,.T.);
#3215 = ORIENTED_EDGE('',*,*,#2009,.F.);
#3216 = ORIENTED_EDGE('',*,*,#2058,.F.);
#3217 = FACE_BOUND('',#3218,.F.);
#3218 = EDGE_LOOP('',(#3219,#3249,#3277,#3305));
#3219 = ORIENTED_EDGE('',*,*,#3220,.T.);
#3220 = EDGE_CURVE('',#3221,#3223,#3225,.T.);
#3221 = VERTEX_POINT('',#3222);
#3222 = CARTESIAN_POINT('',(-161.26,-54.42,-2.));
#3223 = VERTEX_POINT('',#3224);
#3224 = CARTESIAN_POINT('',(-161.26,54.42,-2.));
#3225 = SURFACE_CURVE('',#3226,(#3230,#3237),.PCURVE_S1.);
#3226 = LINE('',#3227,#3228);
#3227 = CARTESIAN_POINT('',(-161.26,-54.42,-2.));
#3228 = VECTOR('',#3229,1.);
#3229 = DIRECTION('',(0.,1.,0.));
#3230 = PCURVE('',#1749,#3231);
#3231 = DEFINITIONAL_REPRESENTATION('',(#3232),#3236);
#3232 = LINE('',#3233,#3234);
#3233 = CARTESIAN_POINT('',(4.,4.));
#3234 = VECTOR('',#3235,1.);
#3235 = DIRECTION('',(0.,1.));
#3236 = ( GEOMETRIC_REPRESENTATION_CONTEXT(2) 
PARAMETRIC_REPRESENTATION_CONTEXT() REPRESENTATION_CONTEXT('2D SPACE',''
  ) );
#3237 = PCURVE('',#3238,#3243);
#3238 = PLANE('',#3239);
#3239 = AXIS2_PLACEMENT_3D('',#3240,#3241,#3242);
#3240 = CARTESIAN_POINT('',(-161.26,-54.42,-2.));
#3241 = DIRECTION('',(1.,0.,0.));
#3242 = DIRECTION('',(0.,0.,1.));
#3243 = DEFINITIONAL_REPRESENTATION('',(#3244),#3248);
#3244 = LINE('',#3245,#3246);
#3245 = CARTESIAN_POINT('',(0.,0.));
#3246 = VECTOR('',#3247,1.);
#3247 = DIRECTION('',(0.,-1.));
#3248 = ( GEOMETRIC_REPRESENTATION_CONTEXT(2) 
PARAMETRIC_REPRESENTATION_CONTEXT() REPRESENTATION_CONTEXT('2D SPACE',''
  ) );
#3249 = ORIENTED_EDGE('',*,*,#3250,.T.);
#3250 = EDGE_CURVE('',#3223,#3251,#3253,.T.);
#3251 = VERTEX_POINT('',#3252);
#3252 = CARTESIAN_POINT('',(161.26,54.42,-2.));
#3253 = SURFACE_CURVE('',#3254,(#3258,#3265),.PCURVE_S1.);
#3254 = LINE('',#3255,#3256);
#3255 = CARTESIAN_POINT('',(-161.26,54.42,-2.));
#3256 = VECTOR('',#3257,1.);
#3257 = DIRECTION('',(1.,0.,0.));
#3258 = PCURVE('',#1749,#3259);
#3259 = DEFINITIONAL_REPRESENTATION('',(#3260),#3264);
#3260 = LINE('',#3261,#3262);
#3261 = CARTESIAN_POINT('',(4.,112.84));
#3262 = VECTOR('',#3263,1.);
#3263 = DIRECTION('',(1.,0.));
#3264 = ( GEOMETRIC_REPRESENTATION_CONTEXT(2) 
PARAMETRIC_REPRESENTATION_CONTEXT() REPRESENTATION_CONTEXT('2D SPACE',''
  ) );
#3265 = PCURVE('',#3266,#3271);
#3266 = PLANE('',#3267);
#3267 = AXIS2_PLACEMENT_3D('',#3268,#3269,#3270);
#3268 = CARTESIAN_POINT('',(-161.26,54.42,-2.));
#3269 = DIRECTION('',(0.,1.,0.));
#3270 = DIRECTION('',(0.,0.,1.));
#3271 = DEFINITIONAL_REPRESENTATION('',(#3272),#3276);
#3272 = LINE('',#3273,#3274);
#3273 = CARTESIAN_POINT('',(0.,0.));
#3274 = VECTOR('',#3275,1.);
#3275 = DIRECTION('',(0.,1.));
#3276 = ( GEOMETRIC_REPRESENTATION_CONTEXT(2) 
PARAMETRIC_REPRESENTATION_CONTEXT() REPRESENTATION_CONTEXT('2D SPACE',''
  ) );
#3277 = ORIENTED_EDGE('',*,*,#3278,.F.);
#3278 = EDGE_CURVE('',#3279,#3251,#3281,.T.);
#3279 = VERTEX_POINT('',#3280);
#3280 = CARTESIAN_POINT('',(161.26,-54.42,-2.));
#3281 = SURFACE_CURVE('',#3282,(#3286,#3293),.PCURVE_S1.);
#3282 = LINE('',#3283,#3284);
#3283 = CARTESIAN_POINT('',(161.26,-54.42,-2.));
#3284 = VECTOR('',#3285,1.);
#3285 = DIRECTION('',(0.,1.,0.));
#3286 = PCURVE('',#1749,#3287);
#3287 = DEFINITIONAL_REPRESENTATION('',(#3288),#3292);
#3288 = LINE('',#3289,#3290);
#3289 = CARTESIAN_POINT('',(326.52,4.));
#3290 = VECTOR('',#3291,1.);
#3291 = DIRECTION('',(0.,1.));
#3292 = ( GEOMETRIC_REPRESENTATION_CONTEXT(2) 
PARAMETRIC_REPRESENTATION_CONTEXT() REPRESENTATION_CONTEXT('2D SPACE',''
  ) );
#3293 = PCURVE('',#3294,#3299);
#3294 = PLANE('',#3295);
#3295 = AXIS2_PLACEMENT_3D('',#3296,#3297,#3298);
#3296 = CARTESIAN_POINT('',(161.26,-54.42,-2.));
#3297 = DIRECTION('',(1.,0.,0.));
#3298 = DIRECTION('',(0.,0.,1.));
#3299 = DEFINITIONAL_REPRESENTATION('',(#3300),#3304);
#3300 = LINE('',#3301,#3302);
#3301 = CARTESIAN_POINT('',(0.,0.));
#3302 = VECTOR('',#3303,1.);
#3303 = DIRECTION('',(0.,-1.));
#3304 = ( GEOMETRIC_REPRESENTATION_CONTEXT(2) 
PARAMETRIC_REPRESENTATION_CONTEXT() REPRESENTATION_CONTEXT('2D SPACE',''
  ) );
#3305 = ORIENTED_EDGE('',*,*,#3306,.F.);
#3306 = EDGE_CURVE('',#3221,#3279,#3307,.T.);
#3307 = SURFACE_CURVE('',#3308,(#3312,#3319),.PCURVE_S1.);
#3308 = LINE('',#3309,#3310);
#3309 = CARTESIAN_POINT('',(-161.26,-54.42,-2.));
#3310 = VECTOR('',#3311,1.);
#3311 = DIRECTION('',(1.,0.,0.));
#3312 = PCURVE('',#1749,#3313);
#3313 = DEFINITIONAL_REPRESENTATION('',(#3314),#3318);
#3314 = LINE('',#3315,#3316);
#3315 = CARTESIAN_POINT('',(4.,4.));
#3316 = VECTOR('',#3317,1.);
#3317 = DIRECTION('',(1.,0.));
#3318 = ( GEOMETRIC_REPRESENTATION_CONTEXT(2) 
PARAMETRIC_REPRESENTATION_CONTEXT() REPRESENTATION_CONTEXT('2D SPACE',''
  ) );
#3319 = PCURVE('',#3320,#3325);
#3320 = PLANE('',#3321);
#3321 = AXIS2_PLACEMENT_3D('',#3322,#3323,#3324);
#3322 = CARTESIAN_POINT('',(-161.26,-54.42,-2.));
#3323 = DIRECTION('',(0.,1.,0.));
#3324 = DIRECTION('',(0.,0.,1.));
#3325 = DEFINITIONAL_REPRESENTATION('',(#3326),#3330);
#3326 = LINE('',#3327,#3328);
#3327 = CARTESIAN_POINT('',(0.,0.));
#3328 = VECTOR('',#3329,1.);
#3329 = DIRECTION('',(0.,1.));
#3330 = ( GEOMETRIC_REPRESENTATION_CONTEXT(2) 
PARAMETRIC_REPRESENTATION_CONTEXT() REPRESENTATION_CONTEXT('2D SPACE',''
  ) );
#3331 = ADVANCED_FACE('',(#3332),#2265,.F.);
#3332 = FACE_BOUND('',#3333,.T.);
#3333 = EDGE_LOOP('',(#3334,#3355,#3388,#3411,#3444,#3477,#3503,#3504,
    #3532,#3551));
#3334 = ORIENTED_EDGE('',*,*,#3335,.F.);
#3335 = EDGE_CURVE('',#3336,#2190,#3338,.T.);
#3336 = VERTEX_POINT('',#3337);
#3337 = CARTESIAN_POINT('',(-160.1792235935,-55.4007764064,4.5));
#3338 = SURFACE_CURVE('',#3339,(#3343,#3349),.PCURVE_S1.);
#3339 = LINE('',#3340,#3341);
#3340 = CARTESIAN_POINT('',(-160.1792235935,-55.4007764064,4.5));
#3341 = VECTOR('',#3342,1.);
#3342 = DIRECTION('',(0.,0.,1.));
#3343 = PCURVE('',#2265,#3344);
#3344 = DEFINITIONAL_REPRESENTATION('',(#3345),#3348);
#3345 = B_SPLINE_CURVE_WITH_KNOTS('',1,(#3346,#3347),.UNSPECIFIED.,.F.,
  .F.,(2,2),(-5.999999999062E-07,1.0000006),.PIECEWISE_BEZIER_KNOTS.);
#3346 = CARTESIAN_POINT('',(-5.259846018952,-4.9999994));
#3347 = CARTESIAN_POINT('',(-5.259846018952,-6.0000006));
#3348 = ( GEOMETRIC_REPRESENTATION_CONTEXT(2) 
PARAMETRIC_REPRESENTATION_CONTEXT() REPRESENTATION_CONTEXT('2D SPACE',''
  ) );
#3349 = PCURVE('',#3138,#3350);
#3350 = DEFINITIONAL_REPRESENTATION('',(#3351),#3354);
#3351 = B_SPLINE_CURVE_WITH_KNOTS('',1,(#3352,#3353),.UNSPECIFIED.,.F.,
  .F.,(2,2),(-5.999999999062E-07,1.0000006),.PIECEWISE_BEZIER_KNOTS.);
#3352 = CARTESIAN_POINT('',(1.214986483203,-5.999999999062E-07));
#3353 = CARTESIAN_POINT('',(1.214986483203,1.0000006));
#3354 = ( GEOMETRIC_REPRESENTATION_CONTEXT(2) 
PARAMETRIC_REPRESENTATION_CONTEXT() REPRESENTATION_CONTEXT('2D SPACE',''
  ) );
#3355 = ORIENTED_EDGE('',*,*,#3356,.F.);
#3356 = EDGE_CURVE('',#3357,#3336,#3359,.T.);
#3357 = VERTEX_POINT('',#3358);
#3358 = CARTESIAN_POINT('',(-159.46,-54.12,4.5));
#3359 = SURFACE_CURVE('',#3360,(#3365,#3372),.PCURVE_S1.);
#3360 = CIRCLE('',#3361,1.5);
#3361 = AXIS2_PLACEMENT_3D('',#3362,#3363,#3364);
#3362 = CARTESIAN_POINT('',(-160.96,-54.12,4.5));
#3363 = DIRECTION('',(0.,0.,-1.));
#3364 = DIRECTION('',(1.,0.,0.));
#3365 = PCURVE('',#2265,#3366);
#3366 = DEFINITIONAL_REPRESENTATION('',(#3367),#3371);
#3367 = LINE('',#3368,#3369);
#3368 = CARTESIAN_POINT('',(-6.28318530718,-5.));
#3369 = VECTOR('',#3370,1.);
#3370 = DIRECTION('',(1.,-0.));
#3371 = ( GEOMETRIC_REPRESENTATION_CONTEXT(2) 
PARAMETRIC_REPRESENTATION_CONTEXT() REPRESENTATION_CONTEXT('2D SPACE',''
  ) );
#3372 = PCURVE('',#3373,#3378);
#3373 = PLANE('',#3374);
#3374 = AXIS2_PLACEMENT_3D('',#3375,#3376,#3377);
#3375 = CARTESIAN_POINT('',(-162.46,-55.62,4.5));
#3376 = DIRECTION('',(0.,0.,1.));
#3377 = DIRECTION('',(1.,0.,0.));
#3378 = DEFINITIONAL_REPRESENTATION('',(#3379),#3387);
#3379 = ( BOUNDED_CURVE() B_SPLINE_CURVE(2,(#3380,#3381,#3382,#3383,
#3384,#3385,#3386),.UNSPECIFIED.,.T.,.F.) B_SPLINE_CURVE_WITH_KNOTS((1,2
    ,2,2,2,1),(-2.094395102393,0.,2.094395102393,4.188790204786,
6.28318530718,8.377580409573),.UNSPECIFIED.) CURVE() 
GEOMETRIC_REPRESENTATION_ITEM() RATIONAL_B_SPLINE_CURVE((1.,0.5,1.,0.5,
1.,0.5,1.)) REPRESENTATION_ITEM('') );
#3380 = CARTESIAN_POINT('',(3.,1.5));
#3381 = CARTESIAN_POINT('',(3.,-1.098076211353));
#3382 = CARTESIAN_POINT('',(0.75,0.200961894323));
#3383 = CARTESIAN_POINT('',(-1.5,1.5));
#3384 = CARTESIAN_POINT('',(0.75,2.799038105677));
#3385 = CARTESIAN_POINT('',(3.,4.098076211353));
#3386 = CARTESIAN_POINT('',(3.,1.5));
#3387 = ( GEOMETRIC_REPRESENTATION_CONTEXT(2) 
PARAMETRIC_REPRESENTATION_CONTEXT() REPRESENTATION_CONTEXT('2D SPACE',''
  ) );
#3388 = ORIENTED_EDGE('',*,*,#3389,.F.);
#3389 = EDGE_CURVE('',#3390,#3357,#3392,.T.);
#3390 = VERTEX_POINT('',#3391);
#3391 = CARTESIAN_POINT('',(-159.46,-54.12,0.));
#3392 = SEAM_CURVE('',#3393,(#3397,#3404),.PCURVE_S1.);
#3393 = LINE('',#3394,#3395);
#3394 = CARTESIAN_POINT('',(-159.46,-54.12,-0.5));
#3395 = VECTOR('',#3396,1.);
#3396 = DIRECTION('',(0.,0.,1.));
#3397 = PCURVE('',#2265,#3398);
#3398 = DEFINITIONAL_REPRESENTATION('',(#3399),#3403);
#3399 = LINE('',#3400,#3401);
#3400 = CARTESIAN_POINT('',(-6.28318530718,0.));
#3401 = VECTOR('',#3402,1.);
#3402 = DIRECTION('',(-0.,-1.));
#3403 = ( GEOMETRIC_REPRESENTATION_CONTEXT(2) 
PARAMETRIC_REPRESENTATION_CONTEXT() REPRESENTATION_CONTEXT('2D SPACE',''
  ) );
#3404 = PCURVE('',#2265,#3405);
#3405 = DEFINITIONAL_REPRESENTATION('',(#3406),#3410);
#3406 = LINE('',#3407,#3408);
#3407 = CARTESIAN_POINT('',(-0.,0.));
#3408 = VECTOR('',#3409,1.);
#3409 = DIRECTION('',(-0.,-1.));
#3410 = ( GEOMETRIC_REPRESENTATION_CONTEXT(2) 
PARAMETRIC_REPRESENTATION_CONTEXT() REPRESENTATION_CONTEXT('2D SPACE',''
  ) );
#3411 = ORIENTED_EDGE('',*,*,#3412,.T.);
#3412 = EDGE_CURVE('',#3390,#3413,#3415,.T.);
#3413 = VERTEX_POINT('',#3414);
#3414 = CARTESIAN_POINT('',(-159.4903061543,-54.42,0.));
#3415 = SURFACE_CURVE('',#3416,(#3421,#3428),.PCURVE_S1.);
#3416 = CIRCLE('',#3417,1.5);
#3417 = AXIS2_PLACEMENT_3D('',#3418,#3419,#3420);
#3418 = CARTESIAN_POINT('',(-160.96,-54.12,0.));
#3419 = DIRECTION('',(0.,0.,-1.));
#3420 = DIRECTION('',(1.,0.,0.));
#3421 = PCURVE('',#2265,#3422);
#3422 = DEFINITIONAL_REPRESENTATION('',(#3423),#3427);
#3423 = LINE('',#3424,#3425);
#3424 = CARTESIAN_POINT('',(-6.28318530718,-0.5));
#3425 = VECTOR('',#3426,1.);
#3426 = DIRECTION('',(1.,-0.));
#3427 = ( GEOMETRIC_REPRESENTATION_CONTEXT(2) 
PARAMETRIC_REPRESENTATION_CONTEXT() REPRESENTATION_CONTEXT('2D SPACE',''
  ) );
#3428 = PCURVE('',#3429,#3434);
#3429 = PLANE('',#3430);
#3430 = AXIS2_PLACEMENT_3D('',#3431,#3432,#3433);
#3431 = CARTESIAN_POINT('',(-169.46,-62.62,0.));
#3432 = DIRECTION('',(0.,0.,1.));
#3433 = DIRECTION('',(1.,0.,0.));
#3434 = DEFINITIONAL_REPRESENTATION('',(#3435),#3443);
#3435 = ( BOUNDED_CURVE() B_SPLINE_CURVE(2,(#3436,#3437,#3438,#3439,
#3440,#3441,#3442),.UNSPECIFIED.,.T.,.F.) B_SPLINE_CURVE_WITH_KNOTS((1,2
    ,2,2,2,1),(-2.094395102393,0.,2.094395102393,4.188790204786,
6.28318530718,8.377580409573),.UNSPECIFIED.) CURVE() 
GEOMETRIC_REPRESENTATION_ITEM() RATIONAL_B_SPLINE_CURVE((1.,0.5,1.,0.5,
1.,0.5,1.)) REPRESENTATION_ITEM('') );
#3436 = CARTESIAN_POINT('',(10.,8.5));
#3437 = CARTESIAN_POINT('',(10.,5.901923788647));
#3438 = CARTESIAN_POINT('',(7.75,7.200961894323));
#3439 = CARTESIAN_POINT('',(5.5,8.5));
#3440 = CARTESIAN_POINT('',(7.75,9.799038105677));
#3441 = CARTESIAN_POINT('',(10.,11.098076211353));
#3442 = CARTESIAN_POINT('',(10.,8.5));
#3443 = ( GEOMETRIC_REPRESENTATION_CONTEXT(2) 
PARAMETRIC_REPRESENTATION_CONTEXT() REPRESENTATION_CONTEXT('2D SPACE',''
  ) );
#3444 = ORIENTED_EDGE('',*,*,#3445,.T.);
#3445 = EDGE_CURVE('',#3413,#3446,#3448,.T.);
#3446 = VERTEX_POINT('',#3447);
#3447 = CARTESIAN_POINT('',(-161.26,-52.65030615433,0.));
#3448 = SURFACE_CURVE('',#3449,(#3454,#3461),.PCURVE_S1.);
#3449 = CIRCLE('',#3450,1.5);
#3450 = AXIS2_PLACEMENT_3D('',#3451,#3452,#3453);
#3451 = CARTESIAN_POINT('',(-160.96,-54.12,0.));
#3452 = DIRECTION('',(0.,0.,-1.));
#3453 = DIRECTION('',(1.,0.,0.));
#3454 = PCURVE('',#2265,#3455);
#3455 = DEFINITIONAL_REPRESENTATION('',(#3456),#3460);
#3456 = LINE('',#3457,#3458);
#3457 = CARTESIAN_POINT('',(-6.28318530718,-0.5));
#3458 = VECTOR('',#3459,1.);
#3459 = DIRECTION('',(1.,-0.));
#3460 = ( GEOMETRIC_REPRESENTATION_CONTEXT(2) 
PARAMETRIC_REPRESENTATION_CONTEXT() REPRESENTATION_CONTEXT('2D SPACE',''
  ) );
#3461 = PCURVE('',#3462,#3467);
#3462 = PLANE('',#3463);
#3463 = AXIS2_PLACEMENT_3D('',#3464,#3465,#3466);
#3464 = CARTESIAN_POINT('',(-165.26,-58.42,0.));
#3465 = DIRECTION('',(0.,0.,1.));
#3466 = DIRECTION('',(1.,0.,0.));
#3467 = DEFINITIONAL_REPRESENTATION('',(#3468),#3476);
#3468 = ( BOUNDED_CURVE() B_SPLINE_CURVE(2,(#3469,#3470,#3471,#3472,
#3473,#3474,#3475),.UNSPECIFIED.,.T.,.F.) B_SPLINE_CURVE_WITH_KNOTS((1,2
    ,2,2,2,1),(-2.094395102393,0.,2.094395102393,4.188790204786,
6.28318530718,8.377580409573),.UNSPECIFIED.) CURVE() 
GEOMETRIC_REPRESENTATION_ITEM() RATIONAL_B_SPLINE_CURVE((1.,0.5,1.,0.5,
1.,0.5,1.)) REPRESENTATION_ITEM('') );
#3469 = CARTESIAN_POINT('',(5.8,4.3));
#3470 = CARTESIAN_POINT('',(5.8,1.701923788647));
#3471 = CARTESIAN_POINT('',(3.55,3.000961894323));
#3472 = CARTESIAN_POINT('',(1.3,4.3));
#3473 = CARTESIAN_POINT('',(3.55,5.599038105677));
#3474 = CARTESIAN_POINT('',(5.8,6.898076211353));
#3475 = CARTESIAN_POINT('',(5.8,4.3));
#3476 = ( GEOMETRIC_REPRESENTATION_CONTEXT(2) 
PARAMETRIC_REPRESENTATION_CONTEXT() REPRESENTATION_CONTEXT('2D SPACE',''
  ) );
#3477 = ORIENTED_EDGE('',*,*,#3478,.T.);
#3478 = EDGE_CURVE('',#3446,#3390,#3479,.T.);
#3479 = SURFACE_CURVE('',#3480,(#3485,#3492),.PCURVE_S1.);
#3480 = CIRCLE('',#3481,1.5);
#3481 = AXIS2_PLACEMENT_3D('',#3482,#3483,#3484);
#3482 = CARTESIAN_POINT('',(-160.96,-54.12,0.));
#3483 = DIRECTION('',(0.,0.,-1.));
#3484 = DIRECTION('',(1.,0.,0.));
#3485 = PCURVE('',#2265,#3486);
#3486 = DEFINITIONAL_REPRESENTATION('',(#3487),#3491);
#3487 = LINE('',#3488,#3489);
#3488 = CARTESIAN_POINT('',(-6.28318530718,-0.5));
#3489 = VECTOR('',#3490,1.);
#3490 = DIRECTION('',(1.,-0.));
#3491 = ( GEOMETRIC_REPRESENTATION_CONTEXT(2) 
PARAMETRIC_REPRESENTATION_CONTEXT() REPRESENTATION_CONTEXT('2D SPACE',''
  ) );
#3492 = PCURVE('',#3429,#3493);
#3493 = DEFINITIONAL_REPRESENTATION('',(#3494),#3502);
#3494 = ( BOUNDED_CURVE() B_SPLINE_CURVE(2,(#3495,#3496,#3497,#3498,
#3499,#3500,#3501),.UNSPECIFIED.,.T.,.F.) B_SPLINE_CURVE_WITH_KNOTS((1,2
    ,2,2,2,1),(-2.094395102393,0.,2.094395102393,4.188790204786,
6.28318530718,8.377580409573),.UNSPECIFIED.) CURVE() 
GEOMETRIC_REPRESENTATION_ITEM() RATIONAL_B_SPLINE_CURVE((1.,0.5,1.,0.5,
1.,0.5,1.)) REPRESENTATION_ITEM('') );
#3495 = CARTESIAN_POINT('',(10.,8.5));
#3496 = CARTESIAN_POINT('',(10.,5.901923788647));
#3497 = CARTESIAN_POINT('',(7.75,7.200961894323));
#3498 = CARTESIAN_POINT('',(5.5,8.5));
#3499 = CARTESIAN_POINT('',(7.75,9.799038105677));
#3500 = CARTESIAN_POINT('',(10.,11.098076211353));
#3501 = CARTESIAN_POINT('',(10.,8.5));
#3502 = ( GEOMETRIC_REPRESENTATION_CONTEXT(2) 
PARAMETRIC_REPRESENTATION_CONTEXT() REPRESENTATION_CONTEXT('2D SPACE',''
  ) );
#3503 = ORIENTED_EDGE('',*,*,#3389,.T.);
#3504 = ORIENTED_EDGE('',*,*,#3505,.F.);
#3505 = EDGE_CURVE('',#3506,#3357,#3508,.T.);
#3506 = VERTEX_POINT('',#3507);
#3507 = CARTESIAN_POINT('',(-162.2407764064,-53.33922359359,4.5));
#3508 = SURFACE_CURVE('',#3509,(#3514,#3521),.PCURVE_S1.);
#3509 = CIRCLE('',#3510,1.5);
#3510 = AXIS2_PLACEMENT_3D('',#3511,#3512,#3513);
#3511 = CARTESIAN_POINT('',(-160.96,-54.12,4.5));
#3512 = DIRECTION('',(0.,0.,-1.));
#3513 = DIRECTION('',(1.,0.,0.));
#3514 = PCURVE('',#2265,#3515);
#3515 = DEFINITIONAL_REPRESENTATION('',(#3516),#3520);
#3516 = LINE('',#3517,#3518);
#3517 = CARTESIAN_POINT('',(-6.28318530718,-5.));
#3518 = VECTOR('',#3519,1.);
#3519 = DIRECTION('',(1.,-0.));
#3520 = ( GEOMETRIC_REPRESENTATION_CONTEXT(2) 
PARAMETRIC_REPRESENTATION_CONTEXT() REPRESENTATION_CONTEXT('2D SPACE',''
  ) );
#3521 = PCURVE('',#3373,#3522);
#3522 = DEFINITIONAL_REPRESENTATION('',(#3523),#3531);
#3523 = ( BOUNDED_CURVE() B_SPLINE_CURVE(2,(#3524,#3525,#3526,#3527,
#3528,#3529,#3530),.UNSPECIFIED.,.T.,.F.) B_SPLINE_CURVE_WITH_KNOTS((1,2
    ,2,2,2,1),(-2.094395102393,0.,2.094395102393,4.188790204786,
6.28318530718,8.377580409573),.UNSPECIFIED.) CURVE() 
GEOMETRIC_REPRESENTATION_ITEM() RATIONAL_B_SPLINE_CURVE((1.,0.5,1.,0.5,
1.,0.5,1.)) REPRESENTATION_ITEM('') );
#3524 = CARTESIAN_POINT('',(3.,1.5));
#3525 = CARTESIAN_POINT('',(3.,-1.098076211353));
#3526 = CARTESIAN_POINT('',(0.75,0.200961894323));
#3527 = CARTESIAN_POINT('',(-1.5,1.5));
#3528 = CARTESIAN_POINT('',(0.75,2.799038105677));
#3529 = CARTESIAN_POINT('',(3.,4.098076211353));
#3530 = CARTESIAN_POINT('',(3.,1.5));
#3531 = ( GEOMETRIC_REPRESENTATION_CONTEXT(2) 
PARAMETRIC_REPRESENTATION_CONTEXT() REPRESENTATION_CONTEXT('2D SPACE',''
  ) );
#3532 = ORIENTED_EDGE('',*,*,#3533,.T.);
#3533 = EDGE_CURVE('',#3506,#2221,#3534,.T.);
#3534 = SURFACE_CURVE('',#3535,(#3539,#3545),.PCURVE_S1.);
#3535 = LINE('',#3536,#3537);
#3536 = CARTESIAN_POINT('',(-162.2407764064,-53.33922359359,4.5));
#3537 = VECTOR('',#3538,1.);
#3538 = DIRECTION('',(0.,0.,1.));
#3539 = PCURVE('',#2265,#3540);
#3540 = DEFINITIONAL_REPRESENTATION('',(#3541),#3544);
#3541 = B_SPLINE_CURVE_WITH_KNOTS('',1,(#3542,#3543),.UNSPECIFIED.,.F.,
  .F.,(2,2),(-5.999999999062E-07,1.0000006),.PIECEWISE_BEZIER_KNOTS.);
#3542 = CARTESIAN_POINT('',(-2.594135615023,-4.9999994));
#3543 = CARTESIAN_POINT('',(-2.594135615023,-6.0000006));
#3544 = ( GEOMETRIC_REPRESENTATION_CONTEXT(2) 
PARAMETRIC_REPRESENTATION_CONTEXT() REPRESENTATION_CONTEXT('2D SPACE',''
  ) );
#3545 = PCURVE('',#2318,#3546);
#3546 = DEFINITIONAL_REPRESENTATION('',(#3547),#3550);
#3547 = B_SPLINE_CURVE_WITH_KNOTS('',1,(#3548,#3549),.UNSPECIFIED.,.F.,
  .F.,(2,2),(-5.999999999062E-07,1.0000006),.PIECEWISE_BEZIER_KNOTS.);
#3548 = CARTESIAN_POINT('',(0.355809843592,-5.999999999062E-07));
#3549 = CARTESIAN_POINT('',(0.355809843592,1.0000006));
#3550 = ( GEOMETRIC_REPRESENTATION_CONTEXT(2) 
PARAMETRIC_REPRESENTATION_CONTEXT() REPRESENTATION_CONTEXT('2D SPACE',''
  ) );
#3551 = ORIENTED_EDGE('',*,*,#2250,.F.);
#3552 = ADVANCED_FACE('',(#3553),#2318,.F.);
#3553 = FACE_BOUND('',#3554,.F.);
#3554 = EDGE_LOOP('',(#3555,#3578,#3600,#3601));
#3555 = ORIENTED_EDGE('',*,*,#3556,.F.);
#3556 = EDGE_CURVE('',#3557,#2283,#3559,.T.);
#3557 = VERTEX_POINT('',#3558);
#3558 = CARTESIAN_POINT('',(-162.46,-52.12,4.5));
#3559 = SURFACE_CURVE('',#3560,(#3564,#3571),.PCURVE_S1.);
#3560 = LINE('',#3561,#3562);
#3561 = CARTESIAN_POINT('',(-162.46,-52.12,4.5));
#3562 = VECTOR('',#3563,1.);
#3563 = DIRECTION('',(0.,0.,1.));
#3564 = PCURVE('',#2318,#3565);
#3565 = DEFINITIONAL_REPRESENTATION('',(#3566),#3570);
#3566 = LINE('',#3567,#3568);
#3567 = CARTESIAN_POINT('',(0.,0.));
#3568 = VECTOR('',#3569,1.);
#3569 = DIRECTION('',(0.,1.));
#3570 = ( GEOMETRIC_REPRESENTATION_CONTEXT(2) 
PARAMETRIC_REPRESENTATION_CONTEXT() REPRESENTATION_CONTEXT('2D SPACE',''
  ) );
#3571 = PCURVE('',#2370,#3572);
#3572 = DEFINITIONAL_REPRESENTATION('',(#3573),#3577);
#3573 = LINE('',#3574,#3575);
#3574 = CARTESIAN_POINT('',(0.,-3.5));
#3575 = VECTOR('',#3576,1.);
#3576 = DIRECTION('',(1.,0.));
#3577 = ( GEOMETRIC_REPRESENTATION_CONTEXT(2) 
PARAMETRIC_REPRESENTATION_CONTEXT() REPRESENTATION_CONTEXT('2D SPACE',''
  ) );
#3578 = ORIENTED_EDGE('',*,*,#3579,.T.);
#3579 = EDGE_CURVE('',#3557,#3506,#3580,.T.);
#3580 = SURFACE_CURVE('',#3581,(#3586,#3593),.PCURVE_S1.);
#3581 = CIRCLE('',#3582,3.5);
#3582 = AXIS2_PLACEMENT_3D('',#3583,#3584,#3585);
#3583 = CARTESIAN_POINT('',(-158.96,-52.12,4.5));
#3584 = DIRECTION('',(0.,0.,1.));
#3585 = DIRECTION('',(0.,-1.,0.));
#3586 = PCURVE('',#2318,#3587);
#3587 = DEFINITIONAL_REPRESENTATION('',(#3588),#3592);
#3588 = LINE('',#3589,#3590);
#3589 = CARTESIAN_POINT('',(-4.712388980385,0.));
#3590 = VECTOR('',#3591,1.);
#3591 = DIRECTION('',(1.,0.));
#3592 = ( GEOMETRIC_REPRESENTATION_CONTEXT(2) 
PARAMETRIC_REPRESENTATION_CONTEXT() REPRESENTATION_CONTEXT('2D SPACE',''
  ) );
#3593 = PCURVE('',#3373,#3594);
#3594 = DEFINITIONAL_REPRESENTATION('',(#3595),#3599);
#3595 = CIRCLE('',#3596,3.5);
#3596 = AXIS2_PLACEMENT_2D('',#3597,#3598);
#3597 = CARTESIAN_POINT('',(3.5,3.5));
#3598 = DIRECTION('',(0.,-1.));
#3599 = ( GEOMETRIC_REPRESENTATION_CONTEXT(2) 
PARAMETRIC_REPRESENTATION_CONTEXT() REPRESENTATION_CONTEXT('2D SPACE',''
  ) );
#3600 = ORIENTED_EDGE('',*,*,#3533,.T.);
#3601 = ORIENTED_EDGE('',*,*,#2303,.T.);
#3602 = ADVANCED_FACE('',(#3603),#2370,.T.);
#3603 = FACE_BOUND('',#3604,.T.);
#3604 = EDGE_LOOP('',(#3605,#3606,#3629,#3650));
#3605 = ORIENTED_EDGE('',*,*,#3556,.F.);
#3606 = ORIENTED_EDGE('',*,*,#3607,.T.);
#3607 = EDGE_CURVE('',#3557,#3608,#3610,.T.);
#3608 = VERTEX_POINT('',#3609);
#3609 = CARTESIAN_POINT('',(-162.46,52.12,4.5));
#3610 = SURFACE_CURVE('',#3611,(#3615,#3622),.PCURVE_S1.);
#3611 = LINE('',#3612,#3613);
#3612 = CARTESIAN_POINT('',(-162.46,-55.62,4.5));
#3613 = VECTOR('',#3614,1.);
#3614 = DIRECTION('',(0.,1.,0.));
#3615 = PCURVE('',#2370,#3616);
#3616 = DEFINITIONAL_REPRESENTATION('',(#3617),#3621);
#3617 = LINE('',#3618,#3619);
#3618 = CARTESIAN_POINT('',(0.,0.));
#3619 = VECTOR('',#3620,1.);
#3620 = DIRECTION('',(0.,-1.));
#3621 = ( GEOMETRIC_REPRESENTATION_CONTEXT(2) 
PARAMETRIC_REPRESENTATION_CONTEXT() REPRESENTATION_CONTEXT('2D SPACE',''
  ) );
#3622 = PCURVE('',#3373,#3623);
#3623 = DEFINITIONAL_REPRESENTATION('',(#3624),#3628);
#3624 = LINE('',#3625,#3626);
#3625 = CARTESIAN_POINT('',(0.,0.));
#3626 = VECTOR('',#3627,1.);
#3627 = DIRECTION('',(0.,1.));
#3628 = ( GEOMETRIC_REPRESENTATION_CONTEXT(2) 
PARAMETRIC_REPRESENTATION_CONTEXT() REPRESENTATION_CONTEXT('2D SPACE',''
  ) );
#3629 = ORIENTED_EDGE('',*,*,#3630,.T.);
#3630 = EDGE_CURVE('',#3608,#2336,#3631,.T.);
#3631 = SURFACE_CURVE('',#3632,(#3636,#3643),.PCURVE_S1.);
#3632 = LINE('',#3633,#3634);
#3633 = CARTESIAN_POINT('',(-162.46,52.12,4.5));
#3634 = VECTOR('',#3635,1.);
#3635 = DIRECTION('',(0.,0.,1.));
#3636 = PCURVE('',#2370,#3637);
#3637 = DEFINITIONAL_REPRESENTATION('',(#3638),#3642);
#3638 = LINE('',#3639,#3640);
#3639 = CARTESIAN_POINT('',(0.,-107.74));
#3640 = VECTOR('',#3641,1.);
#3641 = DIRECTION('',(1.,0.));
#3642 = ( GEOMETRIC_REPRESENTATION_CONTEXT(2) 
PARAMETRIC_REPRESENTATION_CONTEXT() REPRESENTATION_CONTEXT('2D SPACE',''
  ) );
#3643 = PCURVE('',#2432,#3644);
#3644 = DEFINITIONAL_REPRESENTATION('',(#3645),#3649);
#3645 = LINE('',#3646,#3647);
#3646 = CARTESIAN_POINT('',(-0.,0.));
#3647 = VECTOR('',#3648,1.);
#3648 = DIRECTION('',(-0.,1.));
#3649 = ( GEOMETRIC_REPRESENTATION_CONTEXT(2) 
PARAMETRIC_REPRESENTATION_CONTEXT() REPRESENTATION_CONTEXT('2D SPACE',''
  ) );
#3650 = ORIENTED_EDGE('',*,*,#2356,.F.);
#3651 = ADVANCED_FACE('',(#3652),#2432,.F.);
#3652 = FACE_BOUND('',#3653,.T.);
#3653 = EDGE_LOOP('',(#3654,#3655,#3683,#3702));
#3654 = ORIENTED_EDGE('',*,*,#3630,.F.);
#3655 = ORIENTED_EDGE('',*,*,#3656,.T.);
#3656 = EDGE_CURVE('',#3608,#3657,#3659,.T.);
#3657 = VERTEX_POINT('',#3658);
#3658 = CARTESIAN_POINT('',(-162.2407764064,53.339223593596,4.5));
#3659 = SURFACE_CURVE('',#3660,(#3665,#3672),.PCURVE_S1.);
#3660 = CIRCLE('',#3661,3.5);
#3661 = AXIS2_PLACEMENT_3D('',#3662,#3663,#3664);
#3662 = CARTESIAN_POINT('',(-158.96,52.12,4.5));
#3663 = DIRECTION('',(-0.,-0.,-1.));
#3664 = DIRECTION('',(0.,-1.,0.));
#3665 = PCURVE('',#2432,#3666);
#3666 = DEFINITIONAL_REPRESENTATION('',(#3667),#3671);
#3667 = LINE('',#3668,#3669);
#3668 = CARTESIAN_POINT('',(1.570796326795,-0.));
#3669 = VECTOR('',#3670,1.);
#3670 = DIRECTION('',(-1.,0.));
#3671 = ( GEOMETRIC_REPRESENTATION_CONTEXT(2) 
PARAMETRIC_REPRESENTATION_CONTEXT() REPRESENTATION_CONTEXT('2D SPACE',''
  ) );
#3672 = PCURVE('',#3373,#3673);
#3673 = DEFINITIONAL_REPRESENTATION('',(#3674),#3682);
#3674 = ( BOUNDED_CURVE() B_SPLINE_CURVE(2,(#3675,#3676,#3677,#3678,
#3679,#3680,#3681),.UNSPECIFIED.,.T.,.F.) B_SPLINE_CURVE_WITH_KNOTS((1,2
    ,2,2,2,1),(-2.094395102393,0.,2.094395102393,4.188790204786,
6.28318530718,8.377580409573),.UNSPECIFIED.) CURVE() 
GEOMETRIC_REPRESENTATION_ITEM() RATIONAL_B_SPLINE_CURVE((1.,0.5,1.,0.5,
1.,0.5,1.)) REPRESENTATION_ITEM('') );
#3675 = CARTESIAN_POINT('',(3.5,104.24));
#3676 = CARTESIAN_POINT('',(-2.562177826491,104.24));
#3677 = CARTESIAN_POINT('',(0.468911086754,109.49));
#3678 = CARTESIAN_POINT('',(3.5,114.74));
#3679 = CARTESIAN_POINT('',(6.531088913246,109.49));
#3680 = CARTESIAN_POINT('',(9.562177826491,104.24));
#3681 = CARTESIAN_POINT('',(3.5,104.24));
#3682 = ( GEOMETRIC_REPRESENTATION_CONTEXT(2) 
PARAMETRIC_REPRESENTATION_CONTEXT() REPRESENTATION_CONTEXT('2D SPACE',''
  ) );
#3683 = ORIENTED_EDGE('',*,*,#3684,.T.);
#3684 = EDGE_CURVE('',#3657,#2388,#3685,.T.);
#3685 = SURFACE_CURVE('',#3686,(#3690,#3696),.PCURVE_S1.);
#3686 = LINE('',#3687,#3688);
#3687 = CARTESIAN_POINT('',(-162.2407764064,53.339223593596,4.5));
#3688 = VECTOR('',#3689,1.);
#3689 = DIRECTION('',(0.,0.,1.));
#3690 = PCURVE('',#2432,#3691);
#3691 = DEFINITIONAL_REPRESENTATION('',(#3692),#3695);
#3692 = B_SPLINE_CURVE_WITH_KNOTS('',1,(#3693,#3694),.UNSPECIFIED.,.F.,
  .F.,(2,2),(-5.999999999062E-07,1.0000006),.PIECEWISE_BEZIER_KNOTS.);
#3693 = CARTESIAN_POINT('',(-0.355809843592,-5.999999999062E-07));
#3694 = CARTESIAN_POINT('',(-0.355809843592,1.0000006));
#3695 = ( GEOMETRIC_REPRESENTATION_CONTEXT(2) 
PARAMETRIC_REPRESENTATION_CONTEXT() REPRESENTATION_CONTEXT('2D SPACE',''
  ) );
#3696 = PCURVE('',#2494,#3697);
#3697 = DEFINITIONAL_REPRESENTATION('',(#3698),#3701);
#3698 = B_SPLINE_CURVE_WITH_KNOTS('',1,(#3699,#3700),.UNSPECIFIED.,.F.,
  .F.,(2,2),(-5.999999999062E-07,1.0000006),.PIECEWISE_BEZIER_KNOTS.);
#3699 = CARTESIAN_POINT('',(-3.689049692157,-4.9999994));
#3700 = CARTESIAN_POINT('',(-3.689049692157,-6.0000006));
#3701 = ( GEOMETRIC_REPRESENTATION_CONTEXT(2) 
PARAMETRIC_REPRESENTATION_CONTEXT() REPRESENTATION_CONTEXT('2D SPACE',''
  ) );
#3702 = ORIENTED_EDGE('',*,*,#2417,.F.);
#3703 = ADVANCED_FACE('',(#3704),#2494,.F.);
#3704 = FACE_BOUND('',#3705,.T.);
#3705 = EDGE_LOOP('',(#3706,#3707,#3735,#3758,#3786,#3819,#3845,#3846,
    #3874,#3893));
#3706 = ORIENTED_EDGE('',*,*,#3684,.F.);
#3707 = ORIENTED_EDGE('',*,*,#3708,.F.);
#3708 = EDGE_CURVE('',#3709,#3657,#3711,.T.);
#3709 = VERTEX_POINT('',#3710);
#3710 = CARTESIAN_POINT('',(-159.46,54.12,4.5));
#3711 = SURFACE_CURVE('',#3712,(#3717,#3724),.PCURVE_S1.);
#3712 = CIRCLE('',#3713,1.5);
#3713 = AXIS2_PLACEMENT_3D('',#3714,#3715,#3716);
#3714 = CARTESIAN_POINT('',(-160.96,54.12,4.5));
#3715 = DIRECTION('',(0.,0.,-1.));
#3716 = DIRECTION('',(1.,0.,0.));
#3717 = PCURVE('',#2494,#3718);
#3718 = DEFINITIONAL_REPRESENTATION('',(#3719),#3723);
#3719 = LINE('',#3720,#3721);
#3720 = CARTESIAN_POINT('',(-6.28318530718,-5.));
#3721 = VECTOR('',#3722,1.);
#3722 = DIRECTION('',(1.,-0.));
#3723 = ( GEOMETRIC_REPRESENTATION_CONTEXT(2) 
PARAMETRIC_REPRESENTATION_CONTEXT() REPRESENTATION_CONTEXT('2D SPACE',''
  ) );
#3724 = PCURVE('',#3373,#3725);
#3725 = DEFINITIONAL_REPRESENTATION('',(#3726),#3734);
#3726 = ( BOUNDED_CURVE() B_SPLINE_CURVE(2,(#3727,#3728,#3729,#3730,
#3731,#3732,#3733),.UNSPECIFIED.,.T.,.F.) B_SPLINE_CURVE_WITH_KNOTS((1,2
    ,2,2,2,1),(-2.094395102393,0.,2.094395102393,4.188790204786,
6.28318530718,8.377580409573),.UNSPECIFIED.) CURVE() 
GEOMETRIC_REPRESENTATION_ITEM() RATIONAL_B_SPLINE_CURVE((1.,0.5,1.,0.5,
1.,0.5,1.)) REPRESENTATION_ITEM('') );
#3727 = CARTESIAN_POINT('',(3.,109.74));
#3728 = CARTESIAN_POINT('',(3.,107.14192378864));
#3729 = CARTESIAN_POINT('',(0.75,108.44096189432));
#3730 = CARTESIAN_POINT('',(-1.5,109.74));
#3731 = CARTESIAN_POINT('',(0.75,111.03903810567));
#3732 = CARTESIAN_POINT('',(3.,112.33807621135));
#3733 = CARTESIAN_POINT('',(3.,109.74));
#3734 = ( GEOMETRIC_REPRESENTATION_CONTEXT(2) 
PARAMETRIC_REPRESENTATION_CONTEXT() REPRESENTATION_CONTEXT('2D SPACE',''
  ) );
#3735 = ORIENTED_EDGE('',*,*,#3736,.F.);
#3736 = EDGE_CURVE('',#3737,#3709,#3739,.T.);
#3737 = VERTEX_POINT('',#3738);
#3738 = CARTESIAN_POINT('',(-159.46,54.12,0.));
#3739 = SEAM_CURVE('',#3740,(#3744,#3751),.PCURVE_S1.);
#3740 = LINE('',#3741,#3742);
#3741 = CARTESIAN_POINT('',(-159.46,54.12,-0.5));
#3742 = VECTOR('',#3743,1.);
#3743 = DIRECTION('',(0.,0.,1.));
#3744 = PCURVE('',#2494,#3745);
#3745 = DEFINITIONAL_REPRESENTATION('',(#3746),#3750);
#3746 = LINE('',#3747,#3748);
#3747 = CARTESIAN_POINT('',(-6.28318530718,0.));
#3748 = VECTOR('',#3749,1.);
#3749 = DIRECTION('',(-0.,-1.));
#3750 = ( GEOMETRIC_REPRESENTATION_CONTEXT(2) 
PARAMETRIC_REPRESENTATION_CONTEXT() REPRESENTATION_CONTEXT('2D SPACE',''
  ) );
#3751 = PCURVE('',#2494,#3752);
#3752 = DEFINITIONAL_REPRESENTATION('',(#3753),#3757);
#3753 = LINE('',#3754,#3755);
#3754 = CARTESIAN_POINT('',(-0.,0.));
#3755 = VECTOR('',#3756,1.);
#3756 = DIRECTION('',(-0.,-1.));
#3757 = ( GEOMETRIC_REPRESENTATION_CONTEXT(2) 
PARAMETRIC_REPRESENTATION_CONTEXT() REPRESENTATION_CONTEXT('2D SPACE',''
  ) );
#3758 = ORIENTED_EDGE('',*,*,#3759,.T.);
#3759 = EDGE_CURVE('',#3737,#3760,#3762,.T.);
#3760 = VERTEX_POINT('',#3761);
#3761 = CARTESIAN_POINT('',(-161.26,52.65030615433,0.));
#3762 = SURFACE_CURVE('',#3763,(#3768,#3775),.PCURVE_S1.);
#3763 = CIRCLE('',#3764,1.5);
#3764 = AXIS2_PLACEMENT_3D('',#3765,#3766,#3767);
#3765 = CARTESIAN_POINT('',(-160.96,54.12,0.));
#3766 = DIRECTION('',(0.,0.,-1.));
#3767 = DIRECTION('',(1.,0.,0.));
#3768 = PCURVE('',#2494,#3769);
#3769 = DEFINITIONAL_REPRESENTATION('',(#3770),#3774);
#3770 = LINE('',#3771,#3772);
#3771 = CARTESIAN_POINT('',(-6.28318530718,-0.5));
#3772 = VECTOR('',#3773,1.);
#3773 = DIRECTION('',(1.,-0.));
#3774 = ( GEOMETRIC_REPRESENTATION_CONTEXT(2) 
PARAMETRIC_REPRESENTATION_CONTEXT() REPRESENTATION_CONTEXT('2D SPACE',''
  ) );
#3775 = PCURVE('',#3429,#3776);
#3776 = DEFINITIONAL_REPRESENTATION('',(#3777),#3785);
#3777 = ( BOUNDED_CURVE() B_SPLINE_CURVE(2,(#3778,#3779,#3780,#3781,
#3782,#3783,#3784),.UNSPECIFIED.,.T.,.F.) B_SPLINE_CURVE_WITH_KNOTS((1,2
    ,2,2,2,1),(-2.094395102393,0.,2.094395102393,4.188790204786,
6.28318530718,8.377580409573),.UNSPECIFIED.) CURVE() 
GEOMETRIC_REPRESENTATION_ITEM() RATIONAL_B_SPLINE_CURVE((1.,0.5,1.,0.5,
1.,0.5,1.)) REPRESENTATION_ITEM('') );
#3778 = CARTESIAN_POINT('',(10.,116.74));
#3779 = CARTESIAN_POINT('',(10.,114.14192378864));
#3780 = CARTESIAN_POINT('',(7.75,115.44096189432));
#3781 = CARTESIAN_POINT('',(5.5,116.74));
#3782 = CARTESIAN_POINT('',(7.75,118.03903810567));
#3783 = CARTESIAN_POINT('',(10.,119.33807621135));
#3784 = CARTESIAN_POINT('',(10.,116.74));
#3785 = ( GEOMETRIC_REPRESENTATION_CONTEXT(2) 
PARAMETRIC_REPRESENTATION_CONTEXT() REPRESENTATION_CONTEXT('2D SPACE',''
  ) );
#3786 = ORIENTED_EDGE('',*,*,#3787,.T.);
#3787 = EDGE_CURVE('',#3760,#3788,#3790,.T.);
#3788 = VERTEX_POINT('',#3789);
#3789 = CARTESIAN_POINT('',(-159.4903061543,54.42,0.));
#3790 = SURFACE_CURVE('',#3791,(#3796,#3803),.PCURVE_S1.);
#3791 = CIRCLE('',#3792,1.5);
#3792 = AXIS2_PLACEMENT_3D('',#3793,#3794,#3795);
#3793 = CARTESIAN_POINT('',(-160.96,54.12,0.));
#3794 = DIRECTION('',(0.,0.,-1.));
#3795 = DIRECTION('',(1.,0.,0.));
#3796 = PCURVE('',#2494,#3797);
#3797 = DEFINITIONAL_REPRESENTATION('',(#3798),#3802);
#3798 = LINE('',#3799,#3800);
#3799 = CARTESIAN_POINT('',(-6.28318530718,-0.5));
#3800 = VECTOR('',#3801,1.);
#3801 = DIRECTION('',(1.,-0.));
#3802 = ( GEOMETRIC_REPRESENTATION_CONTEXT(2) 
PARAMETRIC_REPRESENTATION_CONTEXT() REPRESENTATION_CONTEXT('2D SPACE',''
  ) );
#3803 = PCURVE('',#3804,#3809);
#3804 = PLANE('',#3805);
#3805 = AXIS2_PLACEMENT_3D('',#3806,#3807,#3808);
#3806 = CARTESIAN_POINT('',(-165.26,-58.42,0.));
#3807 = DIRECTION('',(0.,0.,1.));
#3808 = DIRECTION('',(1.,0.,0.));
#3809 = DEFINITIONAL_REPRESENTATION('',(#3810),#3818);
#3810 = ( BOUNDED_CURVE() B_SPLINE_CURVE(2,(#3811,#3812,#3813,#3814,
#3815,#3816,#3817),.UNSPECIFIED.,.T.,.F.) B_SPLINE_CURVE_WITH_KNOTS((1,2
    ,2,2,2,1),(-2.094395102393,0.,2.094395102393,4.188790204786,
6.28318530718,8.377580409573),.UNSPECIFIED.) CURVE() 
GEOMETRIC_REPRESENTATION_ITEM() RATIONAL_B_SPLINE_CURVE((1.,0.5,1.,0.5,
1.,0.5,1.)) REPRESENTATION_ITEM('') );
#3811 = CARTESIAN_POINT('',(5.8,112.54));
#3812 = CARTESIAN_POINT('',(5.8,109.94192378864));
#3813 = CARTESIAN_POINT('',(3.55,111.24096189432));
#3814 = CARTESIAN_POINT('',(1.3,112.54));
#3815 = CARTESIAN_POINT('',(3.55,113.83903810567));
#3816 = CARTESIAN_POINT('',(5.8,115.13807621135));
#3817 = CARTESIAN_POINT('',(5.8,112.54));
#3818 = ( GEOMETRIC_REPRESENTATION_CONTEXT(2) 
PARAMETRIC_REPRESENTATION_CONTEXT() REPRESENTATION_CONTEXT('2D SPACE',''
  ) );
#3819 = ORIENTED_EDGE('',*,*,#3820,.T.);
#3820 = EDGE_CURVE('',#3788,#3737,#3821,.T.);
#3821 = SURFACE_CURVE('',#3822,(#3827,#3834),.PCURVE_S1.);
#3822 = CIRCLE('',#3823,1.5);
#3823 = AXIS2_PLACEMENT_3D('',#3824,#3825,#3826);
#3824 = CARTESIAN_POINT('',(-160.96,54.12,0.));
#3825 = DIRECTION('',(0.,0.,-1.));
#3826 = DIRECTION('',(1.,0.,0.));
#3827 = PCURVE('',#2494,#3828);
#3828 = DEFINITIONAL_REPRESENTATION('',(#3829),#3833);
#3829 = LINE('',#3830,#3831);
#3830 = CARTESIAN_POINT('',(-6.28318530718,-0.5));
#3831 = VECTOR('',#3832,1.);
#3832 = DIRECTION('',(1.,-0.));
#3833 = ( GEOMETRIC_REPRESENTATION_CONTEXT(2) 
PARAMETRIC_REPRESENTATION_CONTEXT() REPRESENTATION_CONTEXT('2D SPACE',''
  ) );
#3834 = PCURVE('',#3429,#3835);
#3835 = DEFINITIONAL_REPRESENTATION('',(#3836),#3844);
#3836 = ( BOUNDED_CURVE() B_SPLINE_CURVE(2,(#3837,#3838,#3839,#3840,
#3841,#3842,#3843),.UNSPECIFIED.,.T.,.F.) B_SPLINE_CURVE_WITH_KNOTS((1,2
    ,2,2,2,1),(-2.094395102393,0.,2.094395102393,4.188790204786,
6.28318530718,8.377580409573),.UNSPECIFIED.) CURVE() 
GEOMETRIC_REPRESENTATION_ITEM() RATIONAL_B_SPLINE_CURVE((1.,0.5,1.,0.5,
1.,0.5,1.)) REPRESENTATION_ITEM('') );
#3837 = CARTESIAN_POINT('',(10.,116.74));
#3838 = CARTESIAN_POINT('',(10.,114.14192378864));
#3839 = CARTESIAN_POINT('',(7.75,115.44096189432));
#3840 = CARTESIAN_POINT('',(5.5,116.74));
#3841 = CARTESIAN_POINT('',(7.75,118.03903810567));
#3842 = CARTESIAN_POINT('',(10.,119.33807621135));
#3843 = CARTESIAN_POINT('',(10.,116.74));
#3844 = ( GEOMETRIC_REPRESENTATION_CONTEXT(2) 
PARAMETRIC_REPRESENTATION_CONTEXT() REPRESENTATION_CONTEXT('2D SPACE',''
  ) );
#3845 = ORIENTED_EDGE('',*,*,#3736,.T.);
#3846 = ORIENTED_EDGE('',*,*,#3847,.F.);
#3847 = EDGE_CURVE('',#3848,#3709,#3850,.T.);
#3848 = VERTEX_POINT('',#3849);
#3849 = CARTESIAN_POINT('',(-160.1792235935,55.400776406404,4.5));
#3850 = SURFACE_CURVE('',#3851,(#3856,#3863),.PCURVE_S1.);
#3851 = CIRCLE('',#3852,1.5);
#3852 = AXIS2_PLACEMENT_3D('',#3853,#3854,#3855);
#3853 = CARTESIAN_POINT('',(-160.96,54.12,4.5));
#3854 = DIRECTION('',(0.,0.,-1.));
#3855 = DIRECTION('',(1.,0.,0.));
#3856 = PCURVE('',#2494,#3857);
#3857 = DEFINITIONAL_REPRESENTATION('',(#3858),#3862);
#3858 = LINE('',#3859,#3860);
#3859 = CARTESIAN_POINT('',(-6.28318530718,-5.));
#3860 = VECTOR('',#3861,1.);
#3861 = DIRECTION('',(1.,-0.));
#3862 = ( GEOMETRIC_REPRESENTATION_CONTEXT(2) 
PARAMETRIC_REPRESENTATION_CONTEXT() REPRESENTATION_CONTEXT('2D SPACE',''
  ) );
#3863 = PCURVE('',#3373,#3864);
#3864 = DEFINITIONAL_REPRESENTATION('',(#3865),#3873);
#3865 = ( BOUNDED_CURVE() B_SPLINE_CURVE(2,(#3866,#3867,#3868,#3869,
#3870,#3871,#3872),.UNSPECIFIED.,.T.,.F.) B_SPLINE_CURVE_WITH_KNOTS((1,2
    ,2,2,2,1),(-2.094395102393,0.,2.094395102393,4.188790204786,
6.28318530718,8.377580409573),.UNSPECIFIED.) CURVE() 
GEOMETRIC_REPRESENTATION_ITEM() RATIONAL_B_SPLINE_CURVE((1.,0.5,1.,0.5,
1.,0.5,1.)) REPRESENTATION_ITEM('') );
#3866 = CARTESIAN_POINT('',(3.,109.74));
#3867 = CARTESIAN_POINT('',(3.,107.14192378864));
#3868 = CARTESIAN_POINT('',(0.75,108.44096189432));
#3869 = CARTESIAN_POINT('',(-1.5,109.74));
#3870 = CARTESIAN_POINT('',(0.75,111.03903810567));
#3871 = CARTESIAN_POINT('',(3.,112.33807621135));
#3872 = CARTESIAN_POINT('',(3.,109.74));
#3873 = ( GEOMETRIC_REPRESENTATION_CONTEXT(2) 
PARAMETRIC_REPRESENTATION_CONTEXT() REPRESENTATION_CONTEXT('2D SPACE',''
  ) );
#3874 = ORIENTED_EDGE('',*,*,#3875,.T.);
#3875 = EDGE_CURVE('',#3848,#2450,#3876,.T.);
#3876 = SURFACE_CURVE('',#3877,(#3881,#3887),.PCURVE_S1.);
#3877 = LINE('',#3878,#3879);
#3878 = CARTESIAN_POINT('',(-160.1792235935,55.400776406404,4.5));
#3879 = VECTOR('',#3880,1.);
#3880 = DIRECTION('',(0.,0.,1.));
#3881 = PCURVE('',#2494,#3882);
#3882 = DEFINITIONAL_REPRESENTATION('',(#3883),#3886);
#3883 = B_SPLINE_CURVE_WITH_KNOTS('',1,(#3884,#3885),.UNSPECIFIED.,.F.,
  .F.,(2,2),(-5.999999999062E-07,1.0000006),.PIECEWISE_BEZIER_KNOTS.);
#3884 = CARTESIAN_POINT('',(-1.023339288228,-4.9999994));
#3885 = CARTESIAN_POINT('',(-1.023339288228,-6.0000006));
#3886 = ( GEOMETRIC_REPRESENTATION_CONTEXT(2) 
PARAMETRIC_REPRESENTATION_CONTEXT() REPRESENTATION_CONTEXT('2D SPACE',''
  ) );
#3887 = PCURVE('',#2547,#3888);
#3888 = DEFINITIONAL_REPRESENTATION('',(#3889),#3892);
#3889 = B_SPLINE_CURVE_WITH_KNOTS('',1,(#3890,#3891),.UNSPECIFIED.,.F.,
  .F.,(2,2),(-5.999999999062E-07,1.0000006),.PIECEWISE_BEZIER_KNOTS.);
#3890 = CARTESIAN_POINT('',(-1.214986483203,-5.999999999062E-07));
#3891 = CARTESIAN_POINT('',(-1.214986483203,1.0000006));
#3892 = ( GEOMETRIC_REPRESENTATION_CONTEXT(2) 
PARAMETRIC_REPRESENTATION_CONTEXT() REPRESENTATION_CONTEXT('2D SPACE',''
  ) );
#3893 = ORIENTED_EDGE('',*,*,#2479,.F.);
#3894 = ADVANCED_FACE('',(#3895),#2547,.F.);
#3895 = FACE_BOUND('',#3896,.T.);
#3896 = EDGE_LOOP('',(#3897,#3898,#3926,#3947));
#3897 = ORIENTED_EDGE('',*,*,#3875,.F.);
#3898 = ORIENTED_EDGE('',*,*,#3899,.T.);
#3899 = EDGE_CURVE('',#3848,#3900,#3902,.T.);
#3900 = VERTEX_POINT('',#3901);
#3901 = CARTESIAN_POINT('',(-158.96,55.62,4.5));
#3902 = SURFACE_CURVE('',#3903,(#3908,#3915),.PCURVE_S1.);
#3903 = CIRCLE('',#3904,3.5);
#3904 = AXIS2_PLACEMENT_3D('',#3905,#3906,#3907);
#3905 = CARTESIAN_POINT('',(-158.96,52.12,4.5));
#3906 = DIRECTION('',(-0.,-0.,-1.));
#3907 = DIRECTION('',(0.,-1.,0.));
#3908 = PCURVE('',#2547,#3909);
#3909 = DEFINITIONAL_REPRESENTATION('',(#3910),#3914);
#3910 = LINE('',#3911,#3912);
#3911 = CARTESIAN_POINT('',(1.570796326795,-0.));
#3912 = VECTOR('',#3913,1.);
#3913 = DIRECTION('',(-1.,0.));
#3914 = ( GEOMETRIC_REPRESENTATION_CONTEXT(2) 
PARAMETRIC_REPRESENTATION_CONTEXT() REPRESENTATION_CONTEXT('2D SPACE',''
  ) );
#3915 = PCURVE('',#3373,#3916);
#3916 = DEFINITIONAL_REPRESENTATION('',(#3917),#3925);
#3917 = ( BOUNDED_CURVE() B_SPLINE_CURVE(2,(#3918,#3919,#3920,#3921,
#3922,#3923,#3924),.UNSPECIFIED.,.T.,.F.) B_SPLINE_CURVE_WITH_KNOTS((1,2
    ,2,2,2,1),(-2.094395102393,0.,2.094395102393,4.188790204786,
6.28318530718,8.377580409573),.UNSPECIFIED.) CURVE() 
GEOMETRIC_REPRESENTATION_ITEM() RATIONAL_B_SPLINE_CURVE((1.,0.5,1.,0.5,
1.,0.5,1.)) REPRESENTATION_ITEM('') );
#3918 = CARTESIAN_POINT('',(3.5,104.24));
#3919 = CARTESIAN_POINT('',(-2.562177826491,104.24));
#3920 = CARTESIAN_POINT('',(0.468911086754,109.49));
#3921 = CARTESIAN_POINT('',(3.5,114.74));
#3922 = CARTESIAN_POINT('',(6.531088913246,109.49));
#3923 = CARTESIAN_POINT('',(9.562177826491,104.24));
#3924 = CARTESIAN_POINT('',(3.5,104.24));
#3925 = ( GEOMETRIC_REPRESENTATION_CONTEXT(2) 
PARAMETRIC_REPRESENTATION_CONTEXT() REPRESENTATION_CONTEXT('2D SPACE',''
  ) );
#3926 = ORIENTED_EDGE('',*,*,#3927,.T.);
#3927 = EDGE_CURVE('',#3900,#2512,#3928,.T.);
#3928 = SURFACE_CURVE('',#3929,(#3933,#3940),.PCURVE_S1.);
#3929 = LINE('',#3930,#3931);
#3930 = CARTESIAN_POINT('',(-158.96,55.62,4.5));
#3931 = VECTOR('',#3932,1.);
#3932 = DIRECTION('',(0.,0.,1.));
#3933 = PCURVE('',#2547,#3934);
#3934 = DEFINITIONAL_REPRESENTATION('',(#3935),#3939);
#3935 = LINE('',#3936,#3937);
#3936 = CARTESIAN_POINT('',(-1.570796326795,0.));
#3937 = VECTOR('',#3938,1.);
#3938 = DIRECTION('',(-0.,1.));
#3939 = ( GEOMETRIC_REPRESENTATION_CONTEXT(2) 
PARAMETRIC_REPRESENTATION_CONTEXT() REPRESENTATION_CONTEXT('2D SPACE',''
  ) );
#3940 = PCURVE('',#2599,#3941);
#3941 = DEFINITIONAL_REPRESENTATION('',(#3942),#3946);
#3942 = LINE('',#3943,#3944);
#3943 = CARTESIAN_POINT('',(0.,3.5));
#3944 = VECTOR('',#3945,1.);
#3945 = DIRECTION('',(1.,0.));
#3946 = ( GEOMETRIC_REPRESENTATION_CONTEXT(2) 
PARAMETRIC_REPRESENTATION_CONTEXT() REPRESENTATION_CONTEXT('2D SPACE',''
  ) );
#3947 = ORIENTED_EDGE('',*,*,#2532,.F.);
#3948 = ADVANCED_FACE('',(#3949),#2599,.F.);
#3949 = FACE_BOUND('',#3950,.F.);
#3950 = EDGE_LOOP('',(#3951,#3952,#3953,#3976,#4004));
#3951 = ORIENTED_EDGE('',*,*,#3927,.T.);
#3952 = ORIENTED_EDGE('',*,*,#2585,.T.);
#3953 = ORIENTED_EDGE('',*,*,#3954,.F.);
#3954 = EDGE_CURVE('',#3955,#2565,#3957,.T.);
#3955 = VERTEX_POINT('',#3956);
#3956 = CARTESIAN_POINT('',(158.96,55.62,4.5));
#3957 = SURFACE_CURVE('',#3958,(#3962,#3969),.PCURVE_S1.);
#3958 = LINE('',#3959,#3960);
#3959 = CARTESIAN_POINT('',(158.96,55.62,4.5));
#3960 = VECTOR('',#3961,1.);
#3961 = DIRECTION('',(0.,0.,1.));
#3962 = PCURVE('',#2599,#3963);
#3963 = DEFINITIONAL_REPRESENTATION('',(#3964),#3968);
#3964 = LINE('',#3965,#3966);
#3965 = CARTESIAN_POINT('',(0.,321.42));
#3966 = VECTOR('',#3967,1.);
#3967 = DIRECTION('',(1.,0.));
#3968 = ( GEOMETRIC_REPRESENTATION_CONTEXT(2) 
PARAMETRIC_REPRESENTATION_CONTEXT() REPRESENTATION_CONTEXT('2D SPACE',''
  ) );
#3969 = PCURVE('',#2661,#3970);
#3970 = DEFINITIONAL_REPRESENTATION('',(#3971),#3975);
#3971 = LINE('',#3972,#3973);
#3972 = CARTESIAN_POINT('',(1.570796326795,0.));
#3973 = VECTOR('',#3974,1.);
#3974 = DIRECTION('',(0.,1.));
#3975 = ( GEOMETRIC_REPRESENTATION_CONTEXT(2) 
PARAMETRIC_REPRESENTATION_CONTEXT() REPRESENTATION_CONTEXT('2D SPACE',''
  ) );
#3976 = ORIENTED_EDGE('',*,*,#3977,.F.);
#3977 = EDGE_CURVE('',#3978,#3955,#3980,.T.);
#3978 = VERTEX_POINT('',#3979);
#3979 = CARTESIAN_POINT('',(0.,55.62,4.5));
#3980 = SURFACE_CURVE('',#3981,(#3985,#3992),.PCURVE_S1.);
#3981 = LINE('',#3982,#3983);
#3982 = CARTESIAN_POINT('',(-162.46,55.62,4.5));
#3983 = VECTOR('',#3984,1.);
#3984 = DIRECTION('',(1.,0.,0.));
#3985 = PCURVE('',#2599,#3986);
#3986 = DEFINITIONAL_REPRESENTATION('',(#3987),#3991);
#3987 = LINE('',#3988,#3989);
#3988 = CARTESIAN_POINT('',(0.,0.));
#3989 = VECTOR('',#3990,1.);
#3990 = DIRECTION('',(0.,1.));
#3991 = ( GEOMETRIC_REPRESENTATION_CONTEXT(2) 
PARAMETRIC_REPRESENTATION_CONTEXT() REPRESENTATION_CONTEXT('2D SPACE',''
  ) );
#3992 = PCURVE('',#3993,#3998);
#3993 = PLANE('',#3994);
#3994 = AXIS2_PLACEMENT_3D('',#3995,#3996,#3997);
#3995 = CARTESIAN_POINT('',(-162.46,-55.62,4.5));
#3996 = DIRECTION('',(0.,0.,1.));
#3997 = DIRECTION('',(1.,0.,0.));
#3998 = DEFINITIONAL_REPRESENTATION('',(#3999),#4003);
#3999 = LINE('',#4000,#4001);
#4000 = CARTESIAN_POINT('',(0.,111.24));
#4001 = VECTOR('',#4002,1.);
#4002 = DIRECTION('',(1.,0.));
#4003 = ( GEOMETRIC_REPRESENTATION_CONTEXT(2) 
PARAMETRIC_REPRESENTATION_CONTEXT() REPRESENTATION_CONTEXT('2D SPACE',''
  ) );
#4004 = ORIENTED_EDGE('',*,*,#4005,.F.);
#4005 = EDGE_CURVE('',#3900,#3978,#4006,.T.);
#4006 = SURFACE_CURVE('',#4007,(#4011,#4018),.PCURVE_S1.);
#4007 = LINE('',#4008,#4009);
#4008 = CARTESIAN_POINT('',(-162.46,55.62,4.5));
#4009 = VECTOR('',#4010,1.);
#4010 = DIRECTION('',(1.,0.,0.));
#4011 = PCURVE('',#2599,#4012);
#4012 = DEFINITIONAL_REPRESENTATION('',(#4013),#4017);
#4013 = LINE('',#4014,#4015);
#4014 = CARTESIAN_POINT('',(0.,0.));
#4015 = VECTOR('',#4016,1.);
#4016 = DIRECTION('',(0.,1.));
#4017 = ( GEOMETRIC_REPRESENTATION_CONTEXT(2) 
PARAMETRIC_REPRESENTATION_CONTEXT() REPRESENTATION_CONTEXT('2D SPACE',''
  ) );
#4018 = PCURVE('',#3373,#4019);
#4019 = DEFINITIONAL_REPRESENTATION('',(#4020),#4024);
#4020 = LINE('',#4021,#4022);
#4021 = CARTESIAN_POINT('',(0.,111.24));
#4022 = VECTOR('',#4023,1.);
#4023 = DIRECTION('',(1.,0.));
#4024 = ( GEOMETRIC_REPRESENTATION_CONTEXT(2) 
PARAMETRIC_REPRESENTATION_CONTEXT() REPRESENTATION_CONTEXT('2D SPACE',''
  ) );
#4025 = ADVANCED_FACE('',(#4026),#2661,.F.);
#4026 = FACE_BOUND('',#4027,.F.);
#4027 = EDGE_LOOP('',(#4028,#4049,#4071,#4072));
#4028 = ORIENTED_EDGE('',*,*,#4029,.F.);
#4029 = EDGE_CURVE('',#4030,#2617,#4032,.T.);
#4030 = VERTEX_POINT('',#4031);
#4031 = CARTESIAN_POINT('',(160.17922359359,55.400776406404,4.5));
#4032 = SURFACE_CURVE('',#4033,(#4037,#4043),.PCURVE_S1.);
#4033 = LINE('',#4034,#4035);
#4034 = CARTESIAN_POINT('',(160.17922359359,55.400776406404,4.5));
#4035 = VECTOR('',#4036,1.);
#4036 = DIRECTION('',(0.,0.,1.));
#4037 = PCURVE('',#2661,#4038);
#4038 = DEFINITIONAL_REPRESENTATION('',(#4039),#4042);
#4039 = B_SPLINE_CURVE_WITH_KNOTS('',1,(#4040,#4041),.UNSPECIFIED.,.F.,
  .F.,(2,2),(-5.999999999062E-07,1.0000006),.PIECEWISE_BEZIER_KNOTS.);
#4040 = CARTESIAN_POINT('',(1.214986483203,-5.999999999062E-07));
#4041 = CARTESIAN_POINT('',(1.214986483203,1.0000006));
#4042 = ( GEOMETRIC_REPRESENTATION_CONTEXT(2) 
PARAMETRIC_REPRESENTATION_CONTEXT() REPRESENTATION_CONTEXT('2D SPACE',''
  ) );
#4043 = PCURVE('',#2725,#4044);
#4044 = DEFINITIONAL_REPRESENTATION('',(#4045),#4048);
#4045 = B_SPLINE_CURVE_WITH_KNOTS('',1,(#4046,#4047),.UNSPECIFIED.,.F.,
  .F.,(2,2),(-5.999999999062E-07,1.0000006),.PIECEWISE_BEZIER_KNOTS.);
#4046 = CARTESIAN_POINT('',(-2.118253365362,-4.9999994));
#4047 = CARTESIAN_POINT('',(-2.118253365362,-6.0000006));
#4048 = ( GEOMETRIC_REPRESENTATION_CONTEXT(2) 
PARAMETRIC_REPRESENTATION_CONTEXT() REPRESENTATION_CONTEXT('2D SPACE',''
  ) );
#4049 = ORIENTED_EDGE('',*,*,#4050,.T.);
#4050 = EDGE_CURVE('',#4030,#3955,#4051,.T.);
#4051 = SURFACE_CURVE('',#4052,(#4057,#4064),.PCURVE_S1.);
#4052 = CIRCLE('',#4053,3.5);
#4053 = AXIS2_PLACEMENT_3D('',#4054,#4055,#4056);
#4054 = CARTESIAN_POINT('',(158.96,52.12,4.5));
#4055 = DIRECTION('',(0.,0.,1.));
#4056 = DIRECTION('',(0.,-1.,0.));
#4057 = PCURVE('',#2661,#4058);
#4058 = DEFINITIONAL_REPRESENTATION('',(#4059),#4063);
#4059 = LINE('',#4060,#4061);
#4060 = CARTESIAN_POINT('',(-1.570796326795,0.));
#4061 = VECTOR('',#4062,1.);
#4062 = DIRECTION('',(1.,0.));
#4063 = ( GEOMETRIC_REPRESENTATION_CONTEXT(2) 
PARAMETRIC_REPRESENTATION_CONTEXT() REPRESENTATION_CONTEXT('2D SPACE',''
  ) );
#4064 = PCURVE('',#3993,#4065);
#4065 = DEFINITIONAL_REPRESENTATION('',(#4066),#4070);
#4066 = CIRCLE('',#4067,3.5);
#4067 = AXIS2_PLACEMENT_2D('',#4068,#4069);
#4068 = CARTESIAN_POINT('',(321.42,107.74));
#4069 = DIRECTION('',(0.,-1.));
#4070 = ( GEOMETRIC_REPRESENTATION_CONTEXT(2) 
PARAMETRIC_REPRESENTATION_CONTEXT() REPRESENTATION_CONTEXT('2D SPACE',''
  ) );
#4071 = ORIENTED_EDGE('',*,*,#3954,.T.);
#4072 = ORIENTED_EDGE('',*,*,#2646,.T.);
#4073 = ADVANCED_FACE('',(#4074),#2725,.F.);
#4074 = FACE_BOUND('',#4075,.T.);
#4075 = EDGE_LOOP('',(#4076,#4099,#4132,#4165,#4191,#4192,#4193,#4194,
    #4222,#4241));
#4076 = ORIENTED_EDGE('',*,*,#4077,.F.);
#4077 = EDGE_CURVE('',#4078,#2709,#4080,.T.);
#4078 = VERTEX_POINT('',#4079);
#4079 = CARTESIAN_POINT('',(162.46,54.12,0.));
#4080 = SEAM_CURVE('',#4081,(#4085,#4092),.PCURVE_S1.);
#4081 = LINE('',#4082,#4083);
#4082 = CARTESIAN_POINT('',(162.46,54.12,-0.5));
#4083 = VECTOR('',#4084,1.);
#4084 = DIRECTION('',(0.,0.,1.));
#4085 = PCURVE('',#2725,#4086);
#4086 = DEFINITIONAL_REPRESENTATION('',(#4087),#4091);
#4087 = LINE('',#4088,#4089);
#4088 = CARTESIAN_POINT('',(-6.28318530718,0.));
#4089 = VECTOR('',#4090,1.);
#4090 = DIRECTION('',(-0.,-1.));
#4091 = ( GEOMETRIC_REPRESENTATION_CONTEXT(2) 
PARAMETRIC_REPRESENTATION_CONTEXT() REPRESENTATION_CONTEXT('2D SPACE',''
  ) );
#4092 = PCURVE('',#2725,#4093);
#4093 = DEFINITIONAL_REPRESENTATION('',(#4094),#4098);
#4094 = LINE('',#4095,#4096);
#4095 = CARTESIAN_POINT('',(-0.,0.));
#4096 = VECTOR('',#4097,1.);
#4097 = DIRECTION('',(-0.,-1.));
#4098 = ( GEOMETRIC_REPRESENTATION_CONTEXT(2) 
PARAMETRIC_REPRESENTATION_CONTEXT() REPRESENTATION_CONTEXT('2D SPACE',''
  ) );
#4099 = ORIENTED_EDGE('',*,*,#4100,.T.);
#4100 = EDGE_CURVE('',#4078,#4101,#4103,.T.);
#4101 = VERTEX_POINT('',#4102);
#4102 = CARTESIAN_POINT('',(161.26,52.65030615433,0.));
#4103 = SURFACE_CURVE('',#4104,(#4109,#4116),.PCURVE_S1.);
#4104 = CIRCLE('',#4105,1.5);
#4105 = AXIS2_PLACEMENT_3D('',#4106,#4107,#4108);
#4106 = CARTESIAN_POINT('',(160.96,54.12,0.));
#4107 = DIRECTION('',(0.,0.,-1.));
#4108 = DIRECTION('',(1.,0.,0.));
#4109 = PCURVE('',#2725,#4110);
#4110 = DEFINITIONAL_REPRESENTATION('',(#4111),#4115);
#4111 = LINE('',#4112,#4113);
#4112 = CARTESIAN_POINT('',(-6.28318530718,-0.5));
#4113 = VECTOR('',#4114,1.);
#4114 = DIRECTION('',(1.,-0.));
#4115 = ( GEOMETRIC_REPRESENTATION_CONTEXT(2) 
PARAMETRIC_REPRESENTATION_CONTEXT() REPRESENTATION_CONTEXT('2D SPACE',''
  ) );
#4116 = PCURVE('',#4117,#4122);
#4117 = PLANE('',#4118);
#4118 = AXIS2_PLACEMENT_3D('',#4119,#4120,#4121);
#4119 = CARTESIAN_POINT('',(-165.26,-58.42,0.));
#4120 = DIRECTION('',(0.,0.,1.));
#4121 = DIRECTION('',(1.,0.,0.));
#4122 = DEFINITIONAL_REPRESENTATION('',(#4123),#4131);
#4123 = ( BOUNDED_CURVE() B_SPLINE_CURVE(2,(#4124,#4125,#4126,#4127,
#4128,#4129,#4130),.UNSPECIFIED.,.T.,.F.) B_SPLINE_CURVE_WITH_KNOTS((1,2
    ,2,2,2,1),(-2.094395102393,0.,2.094395102393,4.188790204786,
6.28318530718,8.377580409573),.UNSPECIFIED.) CURVE() 
GEOMETRIC_REPRESENTATION_ITEM() RATIONAL_B_SPLINE_CURVE((1.,0.5,1.,0.5,
1.,0.5,1.)) REPRESENTATION_ITEM('') );
#4124 = CARTESIAN_POINT('',(327.72,112.54));
#4125 = CARTESIAN_POINT('',(327.72,109.94192378864));
#4126 = CARTESIAN_POINT('',(325.47,111.24096189432));
#4127 = CARTESIAN_POINT('',(323.22,112.54));
#4128 = CARTESIAN_POINT('',(325.47,113.83903810567));
#4129 = CARTESIAN_POINT('',(327.72,115.13807621135));
#4130 = CARTESIAN_POINT('',(327.72,112.54));
#4131 = ( GEOMETRIC_REPRESENTATION_CONTEXT(2) 
PARAMETRIC_REPRESENTATION_CONTEXT() REPRESENTATION_CONTEXT('2D SPACE',''
  ) );
#4132 = ORIENTED_EDGE('',*,*,#4133,.T.);
#4133 = EDGE_CURVE('',#4101,#4134,#4136,.T.);
#4134 = VERTEX_POINT('',#4135);
#4135 = CARTESIAN_POINT('',(159.49030615433,54.42,0.));
#4136 = SURFACE_CURVE('',#4137,(#4142,#4149),.PCURVE_S1.);
#4137 = CIRCLE('',#4138,1.5);
#4138 = AXIS2_PLACEMENT_3D('',#4139,#4140,#4141);
#4139 = CARTESIAN_POINT('',(160.96,54.12,0.));
#4140 = DIRECTION('',(0.,0.,-1.));
#4141 = DIRECTION('',(1.,0.,0.));
#4142 = PCURVE('',#2725,#4143);
#4143 = DEFINITIONAL_REPRESENTATION('',(#4144),#4148);
#4144 = LINE('',#4145,#4146);
#4145 = CARTESIAN_POINT('',(-6.28318530718,-0.5));
#4146 = VECTOR('',#4147,1.);
#4147 = DIRECTION('',(1.,-0.));
#4148 = ( GEOMETRIC_REPRESENTATION_CONTEXT(2) 
PARAMETRIC_REPRESENTATION_CONTEXT() REPRESENTATION_CONTEXT('2D SPACE',''
  ) );
#4149 = PCURVE('',#4150,#4155);
#4150 = PLANE('',#4151);
#4151 = AXIS2_PLACEMENT_3D('',#4152,#4153,#4154);
#4152 = CARTESIAN_POINT('',(-169.46,-62.62,0.));
#4153 = DIRECTION('',(0.,0.,1.));
#4154 = DIRECTION('',(1.,0.,0.));
#4155 = DEFINITIONAL_REPRESENTATION('',(#4156),#4164);
#4156 = ( BOUNDED_CURVE() B_SPLINE_CURVE(2,(#4157,#4158,#4159,#4160,
#4161,#4162,#4163),.UNSPECIFIED.,.T.,.F.) B_SPLINE_CURVE_WITH_KNOTS((1,2
    ,2,2,2,1),(-2.094395102393,0.,2.094395102393,4.188790204786,
6.28318530718,8.377580409573),.UNSPECIFIED.) CURVE() 
GEOMETRIC_REPRESENTATION_ITEM() RATIONAL_B_SPLINE_CURVE((1.,0.5,1.,0.5,
1.,0.5,1.)) REPRESENTATION_ITEM('') );
#4157 = CARTESIAN_POINT('',(331.92,116.74));
#4158 = CARTESIAN_POINT('',(331.92,114.14192378864));
#4159 = CARTESIAN_POINT('',(329.67,115.44096189432));
#4160 = CARTESIAN_POINT('',(327.42,116.74));
#4161 = CARTESIAN_POINT('',(329.67,118.03903810567));
#4162 = CARTESIAN_POINT('',(331.92,119.33807621135));
#4163 = CARTESIAN_POINT('',(331.92,116.74));
#4164 = ( GEOMETRIC_REPRESENTATION_CONTEXT(2) 
PARAMETRIC_REPRESENTATION_CONTEXT() REPRESENTATION_CONTEXT('2D SPACE',''
  ) );
#4165 = ORIENTED_EDGE('',*,*,#4166,.T.);
#4166 = EDGE_CURVE('',#4134,#4078,#4167,.T.);
#4167 = SURFACE_CURVE('',#4168,(#4173,#4180),.PCURVE_S1.);
#4168 = CIRCLE('',#4169,1.5);
#4169 = AXIS2_PLACEMENT_3D('',#4170,#4171,#4172);
#4170 = CARTESIAN_POINT('',(160.96,54.12,0.));
#4171 = DIRECTION('',(0.,0.,-1.));
#4172 = DIRECTION('',(1.,0.,0.));
#4173 = PCURVE('',#2725,#4174);
#4174 = DEFINITIONAL_REPRESENTATION('',(#4175),#4179);
#4175 = LINE('',#4176,#4177);
#4176 = CARTESIAN_POINT('',(-6.28318530718,-0.5));
#4177 = VECTOR('',#4178,1.);
#4178 = DIRECTION('',(1.,-0.));
#4179 = ( GEOMETRIC_REPRESENTATION_CONTEXT(2) 
PARAMETRIC_REPRESENTATION_CONTEXT() REPRESENTATION_CONTEXT('2D SPACE',''
  ) );
#4180 = PCURVE('',#4117,#4181);
#4181 = DEFINITIONAL_REPRESENTATION('',(#4182),#4190);
#4182 = ( BOUNDED_CURVE() B_SPLINE_CURVE(2,(#4183,#4184,#4185,#4186,
#4187,#4188,#4189),.UNSPECIFIED.,.T.,.F.) B_SPLINE_CURVE_WITH_KNOTS((1,2
    ,2,2,2,1),(-2.094395102393,0.,2.094395102393,4.188790204786,
6.28318530718,8.377580409573),.UNSPECIFIED.) CURVE() 
GEOMETRIC_REPRESENTATION_ITEM() RATIONAL_B_SPLINE_CURVE((1.,0.5,1.,0.5,
1.,0.5,1.)) REPRESENTATION_ITEM('') );
#4183 = CARTESIAN_POINT('',(327.72,112.54));
#4184 = CARTESIAN_POINT('',(327.72,109.94192378864));
#4185 = CARTESIAN_POINT('',(325.47,111.24096189432));
#4186 = CARTESIAN_POINT('',(323.22,112.54));
#4187 = CARTESIAN_POINT('',(325.47,113.83903810567));
#4188 = CARTESIAN_POINT('',(327.72,115.13807621135));
#4189 = CARTESIAN_POINT('',(327.72,112.54));
#4190 = ( GEOMETRIC_REPRESENTATION_CONTEXT(2) 
PARAMETRIC_REPRESENTATION_CONTEXT() REPRESENTATION_CONTEXT('2D SPACE',''
  ) );
#4191 = ORIENTED_EDGE('',*,*,#4077,.T.);
#4192 = ORIENTED_EDGE('',*,*,#2737,.F.);
#4193 = ORIENTED_EDGE('',*,*,#4029,.F.);
#4194 = ORIENTED_EDGE('',*,*,#4195,.F.);
#4195 = EDGE_CURVE('',#4196,#4030,#4198,.T.);
#4196 = VERTEX_POINT('',#4197);
#4197 = CARTESIAN_POINT('',(162.2407764064,53.339223593596,4.5));
#4198 = SURFACE_CURVE('',#4199,(#4204,#4211),.PCURVE_S1.);
#4199 = CIRCLE('',#4200,1.5);
#4200 = AXIS2_PLACEMENT_3D('',#4201,#4202,#4203);
#4201 = CARTESIAN_POINT('',(160.96,54.12,4.5));
#4202 = DIRECTION('',(0.,0.,-1.));
#4203 = DIRECTION('',(1.,0.,0.));
#4204 = PCURVE('',#2725,#4205);
#4205 = DEFINITIONAL_REPRESENTATION('',(#4206),#4210);
#4206 = LINE('',#4207,#4208);
#4207 = CARTESIAN_POINT('',(-6.28318530718,-5.));
#4208 = VECTOR('',#4209,1.);
#4209 = DIRECTION('',(1.,-0.));
#4210 = ( GEOMETRIC_REPRESENTATION_CONTEXT(2) 
PARAMETRIC_REPRESENTATION_CONTEXT() REPRESENTATION_CONTEXT('2D SPACE',''
  ) );
#4211 = PCURVE('',#3993,#4212);
#4212 = DEFINITIONAL_REPRESENTATION('',(#4213),#4221);
#4213 = ( BOUNDED_CURVE() B_SPLINE_CURVE(2,(#4214,#4215,#4216,#4217,
#4218,#4219,#4220),.UNSPECIFIED.,.T.,.F.) B_SPLINE_CURVE_WITH_KNOTS((1,2
    ,2,2,2,1),(-2.094395102393,0.,2.094395102393,4.188790204786,
6.28318530718,8.377580409573),.UNSPECIFIED.) CURVE() 
GEOMETRIC_REPRESENTATION_ITEM() RATIONAL_B_SPLINE_CURVE((1.,0.5,1.,0.5,
1.,0.5,1.)) REPRESENTATION_ITEM('') );
#4214 = CARTESIAN_POINT('',(324.92,109.74));
#4215 = CARTESIAN_POINT('',(324.92,107.14192378864));
#4216 = CARTESIAN_POINT('',(322.67,108.44096189432));
#4217 = CARTESIAN_POINT('',(320.42,109.74));
#4218 = CARTESIAN_POINT('',(322.67,111.03903810567));
#4219 = CARTESIAN_POINT('',(324.92,112.33807621135));
#4220 = CARTESIAN_POINT('',(324.92,109.74));
#4221 = ( GEOMETRIC_REPRESENTATION_CONTEXT(2) 
PARAMETRIC_REPRESENTATION_CONTEXT() REPRESENTATION_CONTEXT('2D SPACE',''
  ) );
#4222 = ORIENTED_EDGE('',*,*,#4223,.T.);
#4223 = EDGE_CURVE('',#4196,#2679,#4224,.T.);
#4224 = SURFACE_CURVE('',#4225,(#4229,#4235),.PCURVE_S1.);
#4225 = LINE('',#4226,#4227);
#4226 = CARTESIAN_POINT('',(162.2407764064,53.339223593596,4.5));
#4227 = VECTOR('',#4228,1.);
#4228 = DIRECTION('',(0.,0.,1.));
#4229 = PCURVE('',#2725,#4230);
#4230 = DEFINITIONAL_REPRESENTATION('',(#4231),#4234);
#4231 = B_SPLINE_CURVE_WITH_KNOTS('',1,(#4232,#4233),.UNSPECIFIED.,.F.,
  .F.,(2,2),(-5.999999999062E-07,1.0000006),.PIECEWISE_BEZIER_KNOTS.);
#4232 = CARTESIAN_POINT('',(-5.735728268612,-4.9999994));
#4233 = CARTESIAN_POINT('',(-5.735728268612,-6.0000006));
#4234 = ( GEOMETRIC_REPRESENTATION_CONTEXT(2) 
PARAMETRIC_REPRESENTATION_CONTEXT() REPRESENTATION_CONTEXT('2D SPACE',''
  ) );
#4235 = PCURVE('',#2800,#4236);
#4236 = DEFINITIONAL_REPRESENTATION('',(#4237),#4240);
#4237 = B_SPLINE_CURVE_WITH_KNOTS('',1,(#4238,#4239),.UNSPECIFIED.,.F.,
  .F.,(2,2),(-5.999999999062E-07,1.0000006),.PIECEWISE_BEZIER_KNOTS.);
#4238 = CARTESIAN_POINT('',(0.355809843592,-5.999999999062E-07));
#4239 = CARTESIAN_POINT('',(0.355809843592,1.0000006));
#4240 = ( GEOMETRIC_REPRESENTATION_CONTEXT(2) 
PARAMETRIC_REPRESENTATION_CONTEXT() REPRESENTATION_CONTEXT('2D SPACE',''
  ) );
#4241 = ORIENTED_EDGE('',*,*,#2708,.F.);
#4242 = ADVANCED_FACE('',(#4243),#2800,.F.);
#4243 = FACE_BOUND('',#4244,.F.);
#4244 = EDGE_LOOP('',(#4245,#4268,#4290,#4291));
#4245 = ORIENTED_EDGE('',*,*,#4246,.F.);
#4246 = EDGE_CURVE('',#4247,#2763,#4249,.T.);
#4247 = VERTEX_POINT('',#4248);
#4248 = CARTESIAN_POINT('',(162.46,52.12,4.5));
#4249 = SURFACE_CURVE('',#4250,(#4254,#4261),.PCURVE_S1.);
#4250 = LINE('',#4251,#4252);
#4251 = CARTESIAN_POINT('',(162.46,52.12,4.5));
#4252 = VECTOR('',#4253,1.);
#4253 = DIRECTION('',(0.,0.,1.));
#4254 = PCURVE('',#2800,#4255);
#4255 = DEFINITIONAL_REPRESENTATION('',(#4256),#4260);
#4256 = LINE('',#4257,#4258);
#4257 = CARTESIAN_POINT('',(0.,0.));
#4258 = VECTOR('',#4259,1.);
#4259 = DIRECTION('',(0.,1.));
#4260 = ( GEOMETRIC_REPRESENTATION_CONTEXT(2) 
PARAMETRIC_REPRESENTATION_CONTEXT() REPRESENTATION_CONTEXT('2D SPACE',''
  ) );
#4261 = PCURVE('',#2852,#4262);
#4262 = DEFINITIONAL_REPRESENTATION('',(#4263),#4267);
#4263 = LINE('',#4264,#4265);
#4264 = CARTESIAN_POINT('',(0.,-107.74));
#4265 = VECTOR('',#4266,1.);
#4266 = DIRECTION('',(1.,0.));
#4267 = ( GEOMETRIC_REPRESENTATION_CONTEXT(2) 
PARAMETRIC_REPRESENTATION_CONTEXT() REPRESENTATION_CONTEXT('2D SPACE',''
  ) );
#4268 = ORIENTED_EDGE('',*,*,#4269,.T.);
#4269 = EDGE_CURVE('',#4247,#4196,#4270,.T.);
#4270 = SURFACE_CURVE('',#4271,(#4276,#4283),.PCURVE_S1.);
#4271 = CIRCLE('',#4272,3.5);
#4272 = AXIS2_PLACEMENT_3D('',#4273,#4274,#4275);
#4273 = CARTESIAN_POINT('',(158.96,52.12,4.5));
#4274 = DIRECTION('',(0.,0.,1.));
#4275 = DIRECTION('',(0.,-1.,0.));
#4276 = PCURVE('',#2800,#4277);
#4277 = DEFINITIONAL_REPRESENTATION('',(#4278),#4282);
#4278 = LINE('',#4279,#4280);
#4279 = CARTESIAN_POINT('',(-1.570796326795,0.));
#4280 = VECTOR('',#4281,1.);
#4281 = DIRECTION('',(1.,0.));
#4282 = ( GEOMETRIC_REPRESENTATION_CONTEXT(2) 
PARAMETRIC_REPRESENTATION_CONTEXT() REPRESENTATION_CONTEXT('2D SPACE',''
  ) );
#4283 = PCURVE('',#3993,#4284);
#4284 = DEFINITIONAL_REPRESENTATION('',(#4285),#4289);
#4285 = CIRCLE('',#4286,3.5);
#4286 = AXIS2_PLACEMENT_2D('',#4287,#4288);
#4287 = CARTESIAN_POINT('',(321.42,107.74));
#4288 = DIRECTION('',(0.,-1.));
#4289 = ( GEOMETRIC_REPRESENTATION_CONTEXT(2) 
PARAMETRIC_REPRESENTATION_CONTEXT() REPRESENTATION_CONTEXT('2D SPACE',''
  ) );
#4290 = ORIENTED_EDGE('',*,*,#4223,.T.);
#4291 = ORIENTED_EDGE('',*,*,#2785,.F.);
#4292 = ADVANCED_FACE('',(#4293),#2852,.F.);
#4293 = FACE_BOUND('',#4294,.F.);
#4294 = EDGE_LOOP('',(#4295,#4318,#4339,#4340));
#4295 = ORIENTED_EDGE('',*,*,#4296,.F.);
#4296 = EDGE_CURVE('',#4297,#2816,#4299,.T.);
#4297 = VERTEX_POINT('',#4298);
#4298 = CARTESIAN_POINT('',(162.46,-52.12,4.5));
#4299 = SURFACE_CURVE('',#4300,(#4304,#4311),.PCURVE_S1.);
#4300 = LINE('',#4301,#4302);
#4301 = CARTESIAN_POINT('',(162.46,-52.12,4.5));
#4302 = VECTOR('',#4303,1.);
#4303 = DIRECTION('',(0.,0.,1.));
#4304 = PCURVE('',#2852,#4305);
#4305 = DEFINITIONAL_REPRESENTATION('',(#4306),#4310);
#4306 = LINE('',#4307,#4308);
#4307 = CARTESIAN_POINT('',(0.,-3.5));
#4308 = VECTOR('',#4309,1.);
#4309 = DIRECTION('',(1.,0.));
#4310 = ( GEOMETRIC_REPRESENTATION_CONTEXT(2) 
PARAMETRIC_REPRESENTATION_CONTEXT() REPRESENTATION_CONTEXT('2D SPACE',''
  ) );
#4311 = PCURVE('',#2914,#4312);
#4312 = DEFINITIONAL_REPRESENTATION('',(#4313),#4317);
#4313 = LINE('',#4314,#4315);
#4314 = CARTESIAN_POINT('',(-0.,0.));
#4315 = VECTOR('',#4316,1.);
#4316 = DIRECTION('',(-0.,1.));
#4317 = ( GEOMETRIC_REPRESENTATION_CONTEXT(2) 
PARAMETRIC_REPRESENTATION_CONTEXT() REPRESENTATION_CONTEXT('2D SPACE',''
  ) );
#4318 = ORIENTED_EDGE('',*,*,#4319,.T.);
#4319 = EDGE_CURVE('',#4297,#4247,#4320,.T.);
#4320 = SURFACE_CURVE('',#4321,(#4325,#4332),.PCURVE_S1.);
#4321 = LINE('',#4322,#4323);
#4322 = CARTESIAN_POINT('',(162.46,-55.62,4.5));
#4323 = VECTOR('',#4324,1.);
#4324 = DIRECTION('',(0.,1.,0.));
#4325 = PCURVE('',#2852,#4326);
#4326 = DEFINITIONAL_REPRESENTATION('',(#4327),#4331);
#4327 = LINE('',#4328,#4329);
#4328 = CARTESIAN_POINT('',(0.,0.));
#4329 = VECTOR('',#4330,1.);
#4330 = DIRECTION('',(0.,-1.));
#4331 = ( GEOMETRIC_REPRESENTATION_CONTEXT(2) 
PARAMETRIC_REPRESENTATION_CONTEXT() REPRESENTATION_CONTEXT('2D SPACE',''
  ) );
#4332 = PCURVE('',#3993,#4333);
#4333 = DEFINITIONAL_REPRESENTATION('',(#4334),#4338);
#4334 = LINE('',#4335,#4336);
#4335 = CARTESIAN_POINT('',(324.92,0.));
#4336 = VECTOR('',#4337,1.);
#4337 = DIRECTION('',(0.,1.));
#4338 = ( GEOMETRIC_REPRESENTATION_CONTEXT(2) 
PARAMETRIC_REPRESENTATION_CONTEXT() REPRESENTATION_CONTEXT('2D SPACE',''
  ) );
#4339 = ORIENTED_EDGE('',*,*,#4246,.T.);
#4340 = ORIENTED_EDGE('',*,*,#2838,.F.);
#4341 = ADVANCED_FACE('',(#4342),#2914,.F.);
#4342 = FACE_BOUND('',#4343,.T.);
#4343 = EDGE_LOOP('',(#4344,#4345,#4373,#4392));
#4344 = ORIENTED_EDGE('',*,*,#4296,.F.);
#4345 = ORIENTED_EDGE('',*,*,#4346,.T.);
#4346 = EDGE_CURVE('',#4297,#4347,#4349,.T.);
#4347 = VERTEX_POINT('',#4348);
#4348 = CARTESIAN_POINT('',(162.2407764064,-53.33922359359,4.5));
#4349 = SURFACE_CURVE('',#4350,(#4355,#4362),.PCURVE_S1.);
#4350 = CIRCLE('',#4351,3.5);
#4351 = AXIS2_PLACEMENT_3D('',#4352,#4353,#4354);
#4352 = CARTESIAN_POINT('',(158.96,-52.12,4.5));
#4353 = DIRECTION('',(-0.,-0.,-1.));
#4354 = DIRECTION('',(0.,-1.,0.));
#4355 = PCURVE('',#2914,#4356);
#4356 = DEFINITIONAL_REPRESENTATION('',(#4357),#4361);
#4357 = LINE('',#4358,#4359);
#4358 = CARTESIAN_POINT('',(4.712388980385,-0.));
#4359 = VECTOR('',#4360,1.);
#4360 = DIRECTION('',(-1.,0.));
#4361 = ( GEOMETRIC_REPRESENTATION_CONTEXT(2) 
PARAMETRIC_REPRESENTATION_CONTEXT() REPRESENTATION_CONTEXT('2D SPACE',''
  ) );
#4362 = PCURVE('',#3993,#4363);
#4363 = DEFINITIONAL_REPRESENTATION('',(#4364),#4372);
#4364 = ( BOUNDED_CURVE() B_SPLINE_CURVE(2,(#4365,#4366,#4367,#4368,
#4369,#4370,#4371),.UNSPECIFIED.,.T.,.F.) B_SPLINE_CURVE_WITH_KNOTS((1,2
    ,2,2,2,1),(-2.094395102393,0.,2.094395102393,4.188790204786,
6.28318530718,8.377580409573),.UNSPECIFIED.) CURVE() 
GEOMETRIC_REPRESENTATION_ITEM() RATIONAL_B_SPLINE_CURVE((1.,0.5,1.,0.5,
1.,0.5,1.)) REPRESENTATION_ITEM('') );
#4365 = CARTESIAN_POINT('',(321.42,0.));
#4366 = CARTESIAN_POINT('',(315.3578221735,0.));
#4367 = CARTESIAN_POINT('',(318.38891108675,5.25));
#4368 = CARTESIAN_POINT('',(321.42,10.5));
#4369 = CARTESIAN_POINT('',(324.45108891324,5.25));
#4370 = CARTESIAN_POINT('',(327.48217782649,5.329070518201E-15));
#4371 = CARTESIAN_POINT('',(321.42,0.));
#4372 = ( GEOMETRIC_REPRESENTATION_CONTEXT(2) 
PARAMETRIC_REPRESENTATION_CONTEXT() REPRESENTATION_CONTEXT('2D SPACE',''
  ) );
#4373 = ORIENTED_EDGE('',*,*,#4374,.T.);
#4374 = EDGE_CURVE('',#4347,#2868,#4375,.T.);
#4375 = SURFACE_CURVE('',#4376,(#4380,#4386),.PCURVE_S1.);
#4376 = LINE('',#4377,#4378);
#4377 = CARTESIAN_POINT('',(162.2407764064,-53.33922359359,4.5));
#4378 = VECTOR('',#4379,1.);
#4379 = DIRECTION('',(0.,0.,1.));
#4380 = PCURVE('',#2914,#4381);
#4381 = DEFINITIONAL_REPRESENTATION('',(#4382),#4385);
#4382 = B_SPLINE_CURVE_WITH_KNOTS('',1,(#4383,#4384),.UNSPECIFIED.,.F.,
  .F.,(2,2),(-5.999999999062E-07,1.0000006),.PIECEWISE_BEZIER_KNOTS.);
#4383 = CARTESIAN_POINT('',(-0.355809843592,-5.999999999062E-07));
#4384 = CARTESIAN_POINT('',(-0.355809843592,1.0000006));
#4385 = ( GEOMETRIC_REPRESENTATION_CONTEXT(2) 
PARAMETRIC_REPRESENTATION_CONTEXT() REPRESENTATION_CONTEXT('2D SPACE',''
  ) );
#4386 = PCURVE('',#2976,#4387);
#4387 = DEFINITIONAL_REPRESENTATION('',(#4388),#4391);
#4388 = B_SPLINE_CURVE_WITH_KNOTS('',1,(#4389,#4390),.UNSPECIFIED.,.F.,
  .F.,(2,2),(-5.999999999062E-07,1.0000006),.PIECEWISE_BEZIER_KNOTS.);
#4389 = CARTESIAN_POINT('',(-0.547457038567,-4.9999994));
#4390 = CARTESIAN_POINT('',(-0.547457038567,-6.0000006));
#4391 = ( GEOMETRIC_REPRESENTATION_CONTEXT(2) 
PARAMETRIC_REPRESENTATION_CONTEXT() REPRESENTATION_CONTEXT('2D SPACE',''
  ) );
#4392 = ORIENTED_EDGE('',*,*,#2899,.T.);
#4393 = ADVANCED_FACE('',(#4394),#2976,.F.);
#4394 = FACE_BOUND('',#4395,.T.);
#4395 = EDGE_LOOP('',(#4396,#4419,#4452,#4480,#4506,#4507,#4508,#4509,
    #4537,#4556));
#4396 = ORIENTED_EDGE('',*,*,#4397,.F.);
#4397 = EDGE_CURVE('',#4398,#2960,#4400,.T.);
#4398 = VERTEX_POINT('',#4399);
#4399 = CARTESIAN_POINT('',(162.46,-54.12,0.));
#4400 = SEAM_CURVE('',#4401,(#4405,#4412),.PCURVE_S1.);
#4401 = LINE('',#4402,#4403);
#4402 = CARTESIAN_POINT('',(162.46,-54.12,-0.5));
#4403 = VECTOR('',#4404,1.);
#4404 = DIRECTION('',(0.,0.,1.));
#4405 = PCURVE('',#2976,#4406);
#4406 = DEFINITIONAL_REPRESENTATION('',(#4407),#4411);
#4407 = LINE('',#4408,#4409);
#4408 = CARTESIAN_POINT('',(-6.28318530718,0.));
#4409 = VECTOR('',#4410,1.);
#4410 = DIRECTION('',(-0.,-1.));
#4411 = ( GEOMETRIC_REPRESENTATION_CONTEXT(2) 
PARAMETRIC_REPRESENTATION_CONTEXT() REPRESENTATION_CONTEXT('2D SPACE',''
  ) );
#4412 = PCURVE('',#2976,#4413);
#4413 = DEFINITIONAL_REPRESENTATION('',(#4414),#4418);
#4414 = LINE('',#4415,#4416);
#4415 = CARTESIAN_POINT('',(-0.,0.));
#4416 = VECTOR('',#4417,1.);
#4417 = DIRECTION('',(-0.,-1.));
#4418 = ( GEOMETRIC_REPRESENTATION_CONTEXT(2) 
PARAMETRIC_REPRESENTATION_CONTEXT() REPRESENTATION_CONTEXT('2D SPACE',''
  ) );
#4419 = ORIENTED_EDGE('',*,*,#4420,.T.);
#4420 = EDGE_CURVE('',#4398,#4421,#4423,.T.);
#4421 = VERTEX_POINT('',#4422);
#4422 = CARTESIAN_POINT('',(159.49030615433,-54.42,0.));
#4423 = SURFACE_CURVE('',#4424,(#4429,#4436),.PCURVE_S1.);
#4424 = CIRCLE('',#4425,1.5);
#4425 = AXIS2_PLACEMENT_3D('',#4426,#4427,#4428);
#4426 = CARTESIAN_POINT('',(160.96,-54.12,0.));
#4427 = DIRECTION('',(0.,0.,-1.));
#4428 = DIRECTION('',(1.,0.,0.));
#4429 = PCURVE('',#2976,#4430);
#4430 = DEFINITIONAL_REPRESENTATION('',(#4431),#4435);
#4431 = LINE('',#4432,#4433);
#4432 = CARTESIAN_POINT('',(-6.28318530718,-0.5));
#4433 = VECTOR('',#4434,1.);
#4434 = DIRECTION('',(1.,-0.));
#4435 = ( GEOMETRIC_REPRESENTATION_CONTEXT(2) 
PARAMETRIC_REPRESENTATION_CONTEXT() REPRESENTATION_CONTEXT('2D SPACE',''
  ) );
#4436 = PCURVE('',#4437,#4442);
#4437 = PLANE('',#4438);
#4438 = AXIS2_PLACEMENT_3D('',#4439,#4440,#4441);
#4439 = CARTESIAN_POINT('',(-165.26,-58.42,0.));
#4440 = DIRECTION('',(0.,0.,1.));
#4441 = DIRECTION('',(1.,0.,0.));
#4442 = DEFINITIONAL_REPRESENTATION('',(#4443),#4451);
#4443 = ( BOUNDED_CURVE() B_SPLINE_CURVE(2,(#4444,#4445,#4446,#4447,
#4448,#4449,#4450),.UNSPECIFIED.,.T.,.F.) B_SPLINE_CURVE_WITH_KNOTS((1,2
    ,2,2,2,1),(-2.094395102393,0.,2.094395102393,4.188790204786,
6.28318530718,8.377580409573),.UNSPECIFIED.) CURVE() 
GEOMETRIC_REPRESENTATION_ITEM() RATIONAL_B_SPLINE_CURVE((1.,0.5,1.,0.5,
1.,0.5,1.)) REPRESENTATION_ITEM('') );
#4444 = CARTESIAN_POINT('',(327.72,4.3));
#4445 = CARTESIAN_POINT('',(327.72,1.701923788647));
#4446 = CARTESIAN_POINT('',(325.47,3.000961894323));
#4447 = CARTESIAN_POINT('',(323.22,4.3));
#4448 = CARTESIAN_POINT('',(325.47,5.599038105677));
#4449 = CARTESIAN_POINT('',(327.72,6.898076211353));
#4450 = CARTESIAN_POINT('',(327.72,4.3));
#4451 = ( GEOMETRIC_REPRESENTATION_CONTEXT(2) 
PARAMETRIC_REPRESENTATION_CONTEXT() REPRESENTATION_CONTEXT('2D SPACE',''
  ) );
#4452 = ORIENTED_EDGE('',*,*,#4453,.T.);
#4453 = EDGE_CURVE('',#4421,#4454,#4456,.T.);
#4454 = VERTEX_POINT('',#4455);
#4455 = CARTESIAN_POINT('',(161.26,-52.65030615433,0.));
#4456 = SURFACE_CURVE('',#4457,(#4462,#4469),.PCURVE_S1.);
#4457 = CIRCLE('',#4458,1.5);
#4458 = AXIS2_PLACEMENT_3D('',#4459,#4460,#4461);
#4459 = CARTESIAN_POINT('',(160.96,-54.12,0.));
#4460 = DIRECTION('',(0.,0.,-1.));
#4461 = DIRECTION('',(1.,0.,0.));
#4462 = PCURVE('',#2976,#4463);
#4463 = DEFINITIONAL_REPRESENTATION('',(#4464),#4468);
#4464 = LINE('',#4465,#4466);
#4465 = CARTESIAN_POINT('',(-6.28318530718,-0.5));
#4466 = VECTOR('',#4467,1.);
#4467 = DIRECTION('',(1.,-0.));
#4468 = ( GEOMETRIC_REPRESENTATION_CONTEXT(2) 
PARAMETRIC_REPRESENTATION_CONTEXT() REPRESENTATION_CONTEXT('2D SPACE',''
  ) );
#4469 = PCURVE('',#4150,#4470);
#4470 = DEFINITIONAL_REPRESENTATION('',(#4471),#4479);
#4471 = ( BOUNDED_CURVE() B_SPLINE_CURVE(2,(#4472,#4473,#4474,#4475,
#4476,#4477,#4478),.UNSPECIFIED.,.T.,.F.) B_SPLINE_CURVE_WITH_KNOTS((1,2
    ,2,2,2,1),(-2.094395102393,0.,2.094395102393,4.188790204786,
6.28318530718,8.377580409573),.UNSPECIFIED.) CURVE() 
GEOMETRIC_REPRESENTATION_ITEM() RATIONAL_B_SPLINE_CURVE((1.,0.5,1.,0.5,
1.,0.5,1.)) REPRESENTATION_ITEM('') );
#4472 = CARTESIAN_POINT('',(331.92,8.5));
#4473 = CARTESIAN_POINT('',(331.92,5.901923788647));
#4474 = CARTESIAN_POINT('',(329.67,7.200961894323));
#4475 = CARTESIAN_POINT('',(327.42,8.5));
#4476 = CARTESIAN_POINT('',(329.67,9.799038105677));
#4477 = CARTESIAN_POINT('',(331.92,11.098076211353));
#4478 = CARTESIAN_POINT('',(331.92,8.5));
#4479 = ( GEOMETRIC_REPRESENTATION_CONTEXT(2) 
PARAMETRIC_REPRESENTATION_CONTEXT() REPRESENTATION_CONTEXT('2D SPACE',''
  ) );
#4480 = ORIENTED_EDGE('',*,*,#4481,.T.);
#4481 = EDGE_CURVE('',#4454,#4398,#4482,.T.);
#4482 = SURFACE_CURVE('',#4483,(#4488,#4495),.PCURVE_S1.);
#4483 = CIRCLE('',#4484,1.5);
#4484 = AXIS2_PLACEMENT_3D('',#4485,#4486,#4487);
#4485 = CARTESIAN_POINT('',(160.96,-54.12,0.));
#4486 = DIRECTION('',(0.,0.,-1.));
#4487 = DIRECTION('',(1.,0.,0.));
#4488 = PCURVE('',#2976,#4489);
#4489 = DEFINITIONAL_REPRESENTATION('',(#4490),#4494);
#4490 = LINE('',#4491,#4492);
#4491 = CARTESIAN_POINT('',(-6.28318530718,-0.5));
#4492 = VECTOR('',#4493,1.);
#4493 = DIRECTION('',(1.,-0.));
#4494 = ( GEOMETRIC_REPRESENTATION_CONTEXT(2) 
PARAMETRIC_REPRESENTATION_CONTEXT() REPRESENTATION_CONTEXT('2D SPACE',''
  ) );
#4495 = PCURVE('',#4437,#4496);
#4496 = DEFINITIONAL_REPRESENTATION('',(#4497),#4505);
#4497 = ( BOUNDED_CURVE() B_SPLINE_CURVE(2,(#4498,#4499,#4500,#4501,
#4502,#4503,#4504),.UNSPECIFIED.,.T.,.F.) B_SPLINE_CURVE_WITH_KNOTS((1,2
    ,2,2,2,1),(-2.094395102393,0.,2.094395102393,4.188790204786,
6.28318530718,8.377580409573),.UNSPECIFIED.) CURVE() 
GEOMETRIC_REPRESENTATION_ITEM() RATIONAL_B_SPLINE_CURVE((1.,0.5,1.,0.5,
1.,0.5,1.)) REPRESENTATION_ITEM('') );
#4498 = CARTESIAN_POINT('',(327.72,4.3));
#4499 = CARTESIAN_POINT('',(327.72,1.701923788647));
#4500 = CARTESIAN_POINT('',(325.47,3.000961894323));
#4501 = CARTESIAN_POINT('',(323.22,4.3));
#4502 = CARTESIAN_POINT('',(325.47,5.599038105677));
#4503 = CARTESIAN_POINT('',(327.72,6.898076211353));
#4504 = CARTESIAN_POINT('',(327.72,4.3));
#4505 = ( GEOMETRIC_REPRESENTATION_CONTEXT(2) 
PARAMETRIC_REPRESENTATION_CONTEXT() REPRESENTATION_CONTEXT('2D SPACE',''
  ) );
#4506 = ORIENTED_EDGE('',*,*,#4397,.T.);
#4507 = ORIENTED_EDGE('',*,*,#2988,.F.);
#4508 = ORIENTED_EDGE('',*,*,#4374,.F.);
#4509 = ORIENTED_EDGE('',*,*,#4510,.F.);
#4510 = EDGE_CURVE('',#4511,#4347,#4513,.T.);
#4511 = VERTEX_POINT('',#4512);
#4512 = CARTESIAN_POINT('',(160.17922359359,-55.4007764064,4.5));
#4513 = SURFACE_CURVE('',#4514,(#4519,#4526),.PCURVE_S1.);
#4514 = CIRCLE('',#4515,1.5);
#4515 = AXIS2_PLACEMENT_3D('',#4516,#4517,#4518);
#4516 = CARTESIAN_POINT('',(160.96,-54.12,4.5));
#4517 = DIRECTION('',(0.,0.,-1.));
#4518 = DIRECTION('',(1.,0.,0.));
#4519 = PCURVE('',#2976,#4520);
#4520 = DEFINITIONAL_REPRESENTATION('',(#4521),#4525);
#4521 = LINE('',#4522,#4523);
#4522 = CARTESIAN_POINT('',(-6.28318530718,-5.));
#4523 = VECTOR('',#4524,1.);
#4524 = DIRECTION('',(1.,-0.));
#4525 = ( GEOMETRIC_REPRESENTATION_CONTEXT(2) 
PARAMETRIC_REPRESENTATION_CONTEXT() REPRESENTATION_CONTEXT('2D SPACE',''
  ) );
#4526 = PCURVE('',#3993,#4527);
#4527 = DEFINITIONAL_REPRESENTATION('',(#4528),#4536);
#4528 = ( BOUNDED_CURVE() B_SPLINE_CURVE(2,(#4529,#4530,#4531,#4532,
#4533,#4534,#4535),.UNSPECIFIED.,.T.,.F.) B_SPLINE_CURVE_WITH_KNOTS((1,2
    ,2,2,2,1),(-2.094395102393,0.,2.094395102393,4.188790204786,
6.28318530718,8.377580409573),.UNSPECIFIED.) CURVE() 
GEOMETRIC_REPRESENTATION_ITEM() RATIONAL_B_SPLINE_CURVE((1.,0.5,1.,0.5,
1.,0.5,1.)) REPRESENTATION_ITEM('') );
#4529 = CARTESIAN_POINT('',(324.92,1.5));
#4530 = CARTESIAN_POINT('',(324.92,-1.098076211353));
#4531 = CARTESIAN_POINT('',(322.67,0.200961894323));
#4532 = CARTESIAN_POINT('',(320.42,1.5));
#4533 = CARTESIAN_POINT('',(322.67,2.799038105677));
#4534 = CARTESIAN_POINT('',(324.92,4.098076211353));
#4535 = CARTESIAN_POINT('',(324.92,1.5));
#4536 = ( GEOMETRIC_REPRESENTATION_CONTEXT(2) 
PARAMETRIC_REPRESENTATION_CONTEXT() REPRESENTATION_CONTEXT('2D SPACE',''
  ) );
#4537 = ORIENTED_EDGE('',*,*,#4538,.T.);
#4538 = EDGE_CURVE('',#4511,#2930,#4539,.T.);
#4539 = SURFACE_CURVE('',#4540,(#4544,#4550),.PCURVE_S1.);
#4540 = LINE('',#4541,#4542);
#4541 = CARTESIAN_POINT('',(160.17922359359,-55.4007764064,4.5));
#4542 = VECTOR('',#4543,1.);
#4543 = DIRECTION('',(0.,0.,1.));
#4544 = PCURVE('',#2976,#4545);
#4545 = DEFINITIONAL_REPRESENTATION('',(#4546),#4549);
#4546 = B_SPLINE_CURVE_WITH_KNOTS('',1,(#4547,#4548),.UNSPECIFIED.,.F.,
  .F.,(2,2),(-5.999999999062E-07,1.0000006),.PIECEWISE_BEZIER_KNOTS.);
#4547 = CARTESIAN_POINT('',(-4.164931941817,-4.9999994));
#4548 = CARTESIAN_POINT('',(-4.164931941817,-6.0000006));
#4549 = ( GEOMETRIC_REPRESENTATION_CONTEXT(2) 
PARAMETRIC_REPRESENTATION_CONTEXT() REPRESENTATION_CONTEXT('2D SPACE',''
  ) );
#4550 = PCURVE('',#3053,#4551);
#4551 = DEFINITIONAL_REPRESENTATION('',(#4552),#4555);
#4552 = B_SPLINE_CURVE_WITH_KNOTS('',1,(#4553,#4554),.UNSPECIFIED.,.F.,
  .F.,(2,2),(-5.999999999062E-07,1.0000006),.PIECEWISE_BEZIER_KNOTS.);
#4553 = CARTESIAN_POINT('',(-1.214986483203,-5.999999999062E-07));
#4554 = CARTESIAN_POINT('',(-1.214986483203,1.0000006));
#4555 = ( GEOMETRIC_REPRESENTATION_CONTEXT(2) 
PARAMETRIC_REPRESENTATION_CONTEXT() REPRESENTATION_CONTEXT('2D SPACE',''
  ) );
#4556 = ORIENTED_EDGE('',*,*,#2959,.F.);
#4557 = ADVANCED_FACE('',(#4558),#3053,.F.);
#4558 = FACE_BOUND('',#4559,.T.);
#4559 = EDGE_LOOP('',(#4560,#4561,#4589,#4610));
#4560 = ORIENTED_EDGE('',*,*,#4538,.F.);
#4561 = ORIENTED_EDGE('',*,*,#4562,.T.);
#4562 = EDGE_CURVE('',#4511,#4563,#4565,.T.);
#4563 = VERTEX_POINT('',#4564);
#4564 = CARTESIAN_POINT('',(158.96,-55.62,4.5));
#4565 = SURFACE_CURVE('',#4566,(#4571,#4578),.PCURVE_S1.);
#4566 = CIRCLE('',#4567,3.5);
#4567 = AXIS2_PLACEMENT_3D('',#4568,#4569,#4570);
#4568 = CARTESIAN_POINT('',(158.96,-52.12,4.5));
#4569 = DIRECTION('',(-0.,-0.,-1.));
#4570 = DIRECTION('',(0.,-1.,0.));
#4571 = PCURVE('',#3053,#4572);
#4572 = DEFINITIONAL_REPRESENTATION('',(#4573),#4577);
#4573 = LINE('',#4574,#4575);
#4574 = CARTESIAN_POINT('',(4.712388980385,-0.));
#4575 = VECTOR('',#4576,1.);
#4576 = DIRECTION('',(-1.,0.));
#4577 = ( GEOMETRIC_REPRESENTATION_CONTEXT(2) 
PARAMETRIC_REPRESENTATION_CONTEXT() REPRESENTATION_CONTEXT('2D SPACE',''
  ) );
#4578 = PCURVE('',#3993,#4579);
#4579 = DEFINITIONAL_REPRESENTATION('',(#4580),#4588);
#4580 = ( BOUNDED_CURVE() B_SPLINE_CURVE(2,(#4581,#4582,#4583,#4584,
#4585,#4586,#4587),.UNSPECIFIED.,.T.,.F.) B_SPLINE_CURVE_WITH_KNOTS((1,2
    ,2,2,2,1),(-2.094395102393,0.,2.094395102393,4.188790204786,
6.28318530718,8.377580409573),.UNSPECIFIED.) CURVE() 
GEOMETRIC_REPRESENTATION_ITEM() RATIONAL_B_SPLINE_CURVE((1.,0.5,1.,0.5,
1.,0.5,1.)) REPRESENTATION_ITEM('') );
#4581 = CARTESIAN_POINT('',(321.42,0.));
#4582 = CARTESIAN_POINT('',(315.3578221735,0.));
#4583 = CARTESIAN_POINT('',(318.38891108675,5.25));
#4584 = CARTESIAN_POINT('',(321.42,10.5));
#4585 = CARTESIAN_POINT('',(324.45108891324,5.25));
#4586 = CARTESIAN_POINT('',(327.48217782649,5.329070518201E-15));
#4587 = CARTESIAN_POINT('',(321.42,0.));
#4588 = ( GEOMETRIC_REPRESENTATION_CONTEXT(2) 
PARAMETRIC_REPRESENTATION_CONTEXT() REPRESENTATION_CONTEXT('2D SPACE',''
  ) );
#4589 = ORIENTED_EDGE('',*,*,#4590,.T.);
#4590 = EDGE_CURVE('',#4563,#3018,#4591,.T.);
#4591 = SURFACE_CURVE('',#4592,(#4596,#4603),.PCURVE_S1.);
#4592 = LINE('',#4593,#4594);
#4593 = CARTESIAN_POINT('',(158.96,-55.62,4.5));
#4594 = VECTOR('',#4595,1.);
#4595 = DIRECTION('',(0.,0.,1.));
#4596 = PCURVE('',#3053,#4597);
#4597 = DEFINITIONAL_REPRESENTATION('',(#4598),#4602);
#4598 = LINE('',#4599,#4600);
#4599 = CARTESIAN_POINT('',(-1.570796326795,0.));
#4600 = VECTOR('',#4601,1.);
#4601 = DIRECTION('',(-0.,1.));
#4602 = ( GEOMETRIC_REPRESENTATION_CONTEXT(2) 
PARAMETRIC_REPRESENTATION_CONTEXT() REPRESENTATION_CONTEXT('2D SPACE',''
  ) );
#4603 = PCURVE('',#3105,#4604);
#4604 = DEFINITIONAL_REPRESENTATION('',(#4605),#4609);
#4605 = LINE('',#4606,#4607);
#4606 = CARTESIAN_POINT('',(0.,321.42));
#4607 = VECTOR('',#4608,1.);
#4608 = DIRECTION('',(1.,0.));
#4609 = ( GEOMETRIC_REPRESENTATION_CONTEXT(2) 
PARAMETRIC_REPRESENTATION_CONTEXT() REPRESENTATION_CONTEXT('2D SPACE',''
  ) );
#4610 = ORIENTED_EDGE('',*,*,#3038,.F.);
#4611 = ADVANCED_FACE('',(#4612),#3105,.T.);
#4612 = FACE_BOUND('',#4613,.T.);
#4613 = EDGE_LOOP('',(#4614,#4637,#4638,#4639,#4662));
#4614 = ORIENTED_EDGE('',*,*,#4615,.T.);
#4615 = EDGE_CURVE('',#4616,#3071,#4618,.T.);
#4616 = VERTEX_POINT('',#4617);
#4617 = CARTESIAN_POINT('',(-158.96,-55.62,4.5));
#4618 = SURFACE_CURVE('',#4619,(#4623,#4630),.PCURVE_S1.);
#4619 = LINE('',#4620,#4621);
#4620 = CARTESIAN_POINT('',(-158.96,-55.62,4.5));
#4621 = VECTOR('',#4622,1.);
#4622 = DIRECTION('',(0.,0.,1.));
#4623 = PCURVE('',#3105,#4624);
#4624 = DEFINITIONAL_REPRESENTATION('',(#4625),#4629);
#4625 = LINE('',#4626,#4627);
#4626 = CARTESIAN_POINT('',(0.,3.5));
#4627 = VECTOR('',#4628,1.);
#4628 = DIRECTION('',(1.,0.));
#4629 = ( GEOMETRIC_REPRESENTATION_CONTEXT(2) 
PARAMETRIC_REPRESENTATION_CONTEXT() REPRESENTATION_CONTEXT('2D SPACE',''
  ) );
#4630 = PCURVE('',#3138,#4631);
#4631 = DEFINITIONAL_REPRESENTATION('',(#4632),#4636);
#4632 = LINE('',#4633,#4634);
#4633 = CARTESIAN_POINT('',(1.570796326795,0.));
#4634 = VECTOR('',#4635,1.);
#4635 = DIRECTION('',(0.,1.));
#4636 = ( GEOMETRIC_REPRESENTATION_CONTEXT(2) 
PARAMETRIC_REPRESENTATION_CONTEXT() REPRESENTATION_CONTEXT('2D SPACE',''
  ) );
#4637 = ORIENTED_EDGE('',*,*,#3091,.F.);
#4638 = ORIENTED_EDGE('',*,*,#4590,.F.);
#4639 = ORIENTED_EDGE('',*,*,#4640,.F.);
#4640 = EDGE_CURVE('',#4641,#4563,#4643,.T.);
#4641 = VERTEX_POINT('',#4642);
#4642 = CARTESIAN_POINT('',(0.,-55.62,4.5));
#4643 = SURFACE_CURVE('',#4644,(#4648,#4655),.PCURVE_S1.);
#4644 = LINE('',#4645,#4646);
#4645 = CARTESIAN_POINT('',(-162.46,-55.62,4.5));
#4646 = VECTOR('',#4647,1.);
#4647 = DIRECTION('',(1.,0.,0.));
#4648 = PCURVE('',#3105,#4649);
#4649 = DEFINITIONAL_REPRESENTATION('',(#4650),#4654);
#4650 = LINE('',#4651,#4652);
#4651 = CARTESIAN_POINT('',(0.,0.));
#4652 = VECTOR('',#4653,1.);
#4653 = DIRECTION('',(0.,1.));
#4654 = ( GEOMETRIC_REPRESENTATION_CONTEXT(2) 
PARAMETRIC_REPRESENTATION_CONTEXT() REPRESENTATION_CONTEXT('2D SPACE',''
  ) );
#4655 = PCURVE('',#3993,#4656);
#4656 = DEFINITIONAL_REPRESENTATION('',(#4657),#4661);
#4657 = LINE('',#4658,#4659);
#4658 = CARTESIAN_POINT('',(0.,0.));
#4659 = VECTOR('',#4660,1.);
#4660 = DIRECTION('',(1.,0.));
#4661 = ( GEOMETRIC_REPRESENTATION_CONTEXT(2) 
PARAMETRIC_REPRESENTATION_CONTEXT() REPRESENTATION_CONTEXT('2D SPACE',''
  ) );
#4662 = ORIENTED_EDGE('',*,*,#4663,.F.);
#4663 = EDGE_CURVE('',#4616,#4641,#4664,.T.);
#4664 = SURFACE_CURVE('',#4665,(#4669,#4676),.PCURVE_S1.);
#4665 = LINE('',#4666,#4667);
#4666 = CARTESIAN_POINT('',(-162.46,-55.62,4.5));
#4667 = VECTOR('',#4668,1.);
#4668 = DIRECTION('',(1.,0.,0.));
#4669 = PCURVE('',#3105,#4670);
#4670 = DEFINITIONAL_REPRESENTATION('',(#4671),#4675);
#4671 = LINE('',#4672,#4673);
#4672 = CARTESIAN_POINT('',(0.,0.));
#4673 = VECTOR('',#4674,1.);
#4674 = DIRECTION('',(0.,1.));
#4675 = ( GEOMETRIC_REPRESENTATION_CONTEXT(2) 
PARAMETRIC_REPRESENTATION_CONTEXT() REPRESENTATION_CONTEXT('2D SPACE',''
  ) );
#4676 = PCURVE('',#3373,#4677);
#4677 = DEFINITIONAL_REPRESENTATION('',(#4678),#4682);
#4678 = LINE('',#4679,#4680);
#4679 = CARTESIAN_POINT('',(0.,0.));
#4680 = VECTOR('',#4681,1.);
#4681 = DIRECTION('',(1.,0.));
#4682 = ( GEOMETRIC_REPRESENTATION_CONTEXT(2) 
PARAMETRIC_REPRESENTATION_CONTEXT() REPRESENTATION_CONTEXT('2D SPACE',''
  ) );
#4683 = ADVANCED_FACE('',(#4684),#3138,.F.);
#4684 = FACE_BOUND('',#4685,.F.);
#4685 = EDGE_LOOP('',(#4686,#4687,#4709,#4710));
#4686 = ORIENTED_EDGE('',*,*,#3335,.F.);
#4687 = ORIENTED_EDGE('',*,*,#4688,.T.);
#4688 = EDGE_CURVE('',#3336,#4616,#4689,.T.);
#4689 = SURFACE_CURVE('',#4690,(#4695,#4702),.PCURVE_S1.);
#4690 = CIRCLE('',#4691,3.5);
#4691 = AXIS2_PLACEMENT_3D('',#4692,#4693,#4694);
#4692 = CARTESIAN_POINT('',(-158.96,-52.12,4.5));
#4693 = DIRECTION('',(0.,0.,1.));
#4694 = DIRECTION('',(0.,-1.,0.));
#4695 = PCURVE('',#3138,#4696);
#4696 = DEFINITIONAL_REPRESENTATION('',(#4697),#4701);
#4697 = LINE('',#4698,#4699);
#4698 = CARTESIAN_POINT('',(-4.712388980385,0.));
#4699 = VECTOR('',#4700,1.);
#4700 = DIRECTION('',(1.,0.));
#4701 = ( GEOMETRIC_REPRESENTATION_CONTEXT(2) 
PARAMETRIC_REPRESENTATION_CONTEXT() REPRESENTATION_CONTEXT('2D SPACE',''
  ) );
#4702 = PCURVE('',#3373,#4703);
#4703 = DEFINITIONAL_REPRESENTATION('',(#4704),#4708);
#4704 = CIRCLE('',#4705,3.5);
#4705 = AXIS2_PLACEMENT_2D('',#4706,#4707);
#4706 = CARTESIAN_POINT('',(3.5,3.5));
#4707 = DIRECTION('',(0.,-1.));
#4708 = ( GEOMETRIC_REPRESENTATION_CONTEXT(2) 
PARAMETRIC_REPRESENTATION_CONTEXT() REPRESENTATION_CONTEXT('2D SPACE',''
  ) );
#4709 = ORIENTED_EDGE('',*,*,#4615,.T.);
#4710 = ORIENTED_EDGE('',*,*,#3123,.T.);
#4711 = ADVANCED_FACE('',(#4712),#3238,.T.);
#4712 = FACE_BOUND('',#4713,.T.);
#4713 = EDGE_LOOP('',(#4714,#4737,#4738,#4761,#4782,#4803));
#4714 = ORIENTED_EDGE('',*,*,#4715,.F.);
#4715 = EDGE_CURVE('',#3221,#4716,#4718,.T.);
#4716 = VERTEX_POINT('',#4717);
#4717 = CARTESIAN_POINT('',(-161.26,-54.42,0.));
#4718 = SURFACE_CURVE('',#4719,(#4723,#4730),.PCURVE_S1.);
#4719 = LINE('',#4720,#4721);
#4720 = CARTESIAN_POINT('',(-161.26,-54.42,-2.));
#4721 = VECTOR('',#4722,1.);
#4722 = DIRECTION('',(0.,0.,1.));
#4723 = PCURVE('',#3238,#4724);
#4724 = DEFINITIONAL_REPRESENTATION('',(#4725),#4729);
#4725 = LINE('',#4726,#4727);
#4726 = CARTESIAN_POINT('',(0.,0.));
#4727 = VECTOR('',#4728,1.);
#4728 = DIRECTION('',(1.,0.));
#4729 = ( GEOMETRIC_REPRESENTATION_CONTEXT(2) 
PARAMETRIC_REPRESENTATION_CONTEXT() REPRESENTATION_CONTEXT('2D SPACE',''
  ) );
#4730 = PCURVE('',#3320,#4731);
#4731 = DEFINITIONAL_REPRESENTATION('',(#4732),#4736);
#4732 = LINE('',#4733,#4734);
#4733 = CARTESIAN_POINT('',(0.,0.));
#4734 = VECTOR('',#4735,1.);
#4735 = DIRECTION('',(1.,0.));
#4736 = ( GEOMETRIC_REPRESENTATION_CONTEXT(2) 
PARAMETRIC_REPRESENTATION_CONTEXT() REPRESENTATION_CONTEXT('2D SPACE',''
  ) );
#4737 = ORIENTED_EDGE('',*,*,#3220,.T.);
#4738 = ORIENTED_EDGE('',*,*,#4739,.T.);
#4739 = EDGE_CURVE('',#3223,#4740,#4742,.T.);
#4740 = VERTEX_POINT('',#4741);
#4741 = CARTESIAN_POINT('',(-161.26,54.42,0.));
#4742 = SURFACE_CURVE('',#4743,(#4747,#4754),.PCURVE_S1.);
#4743 = LINE('',#4744,#4745);
#4744 = CARTESIAN_POINT('',(-161.26,54.42,-2.));
#4745 = VECTOR('',#4746,1.);
#4746 = DIRECTION('',(0.,0.,1.));
#4747 = PCURVE('',#3238,#4748);
#4748 = DEFINITIONAL_REPRESENTATION('',(#4749),#4753);
#4749 = LINE('',#4750,#4751);
#4750 = CARTESIAN_POINT('',(0.,-108.84));
#4751 = VECTOR('',#4752,1.);
#4752 = DIRECTION('',(1.,0.));
#4753 = ( GEOMETRIC_REPRESENTATION_CONTEXT(2) 
PARAMETRIC_REPRESENTATION_CONTEXT() REPRESENTATION_CONTEXT('2D SPACE',''
  ) );
#4754 = PCURVE('',#3266,#4755);
#4755 = DEFINITIONAL_REPRESENTATION('',(#4756),#4760);
#4756 = LINE('',#4757,#4758);
#4757 = CARTESIAN_POINT('',(0.,0.));
#4758 = VECTOR('',#4759,1.);
#4759 = DIRECTION('',(1.,0.));
#4760 = ( GEOMETRIC_REPRESENTATION_CONTEXT(2) 
PARAMETRIC_REPRESENTATION_CONTEXT() REPRESENTATION_CONTEXT('2D SPACE',''
  ) );
#4761 = ORIENTED_EDGE('',*,*,#4762,.F.);
#4762 = EDGE_CURVE('',#3760,#4740,#4763,.T.);
#4763 = SURFACE_CURVE('',#4764,(#4768,#4775),.PCURVE_S1.);
#4764 = LINE('',#4765,#4766);
#4765 = CARTESIAN_POINT('',(-161.26,-56.42,0.));
#4766 = VECTOR('',#4767,1.);
#4767 = DIRECTION('',(0.,1.,0.));
#4768 = PCURVE('',#3238,#4769);
#4769 = DEFINITIONAL_REPRESENTATION('',(#4770),#4774);
#4770 = LINE('',#4771,#4772);
#4771 = CARTESIAN_POINT('',(2.,2.));
#4772 = VECTOR('',#4773,1.);
#4773 = DIRECTION('',(0.,-1.));
#4774 = ( GEOMETRIC_REPRESENTATION_CONTEXT(2) 
PARAMETRIC_REPRESENTATION_CONTEXT() REPRESENTATION_CONTEXT('2D SPACE',''
  ) );
#4775 = PCURVE('',#3804,#4776);
#4776 = DEFINITIONAL_REPRESENTATION('',(#4777),#4781);
#4777 = LINE('',#4778,#4779);
#4778 = CARTESIAN_POINT('',(4.,2.));
#4779 = VECTOR('',#4780,1.);
#4780 = DIRECTION('',(0.,1.));
#4781 = ( GEOMETRIC_REPRESENTATION_CONTEXT(2) 
PARAMETRIC_REPRESENTATION_CONTEXT() REPRESENTATION_CONTEXT('2D SPACE',''
  ) );
#4782 = ORIENTED_EDGE('',*,*,#4783,.F.);
#4783 = EDGE_CURVE('',#3446,#3760,#4784,.T.);
#4784 = SURFACE_CURVE('',#4785,(#4789,#4796),.PCURVE_S1.);
#4785 = LINE('',#4786,#4787);
#4786 = CARTESIAN_POINT('',(-161.26,-56.42,0.));
#4787 = VECTOR('',#4788,1.);
#4788 = DIRECTION('',(0.,1.,0.));
#4789 = PCURVE('',#3238,#4790);
#4790 = DEFINITIONAL_REPRESENTATION('',(#4791),#4795);
#4791 = LINE('',#4792,#4793);
#4792 = CARTESIAN_POINT('',(2.,2.));
#4793 = VECTOR('',#4794,1.);
#4794 = DIRECTION('',(0.,-1.));
#4795 = ( GEOMETRIC_REPRESENTATION_CONTEXT(2) 
PARAMETRIC_REPRESENTATION_CONTEXT() REPRESENTATION_CONTEXT('2D SPACE',''
  ) );
#4796 = PCURVE('',#3429,#4797);
#4797 = DEFINITIONAL_REPRESENTATION('',(#4798),#4802);
#4798 = LINE('',#4799,#4800);
#4799 = CARTESIAN_POINT('',(8.2,6.2));
#4800 = VECTOR('',#4801,1.);
#4801 = DIRECTION('',(0.,1.));
#4802 = ( GEOMETRIC_REPRESENTATION_CONTEXT(2) 
PARAMETRIC_REPRESENTATION_CONTEXT() REPRESENTATION_CONTEXT('2D SPACE',''
  ) );
#4803 = ORIENTED_EDGE('',*,*,#4804,.F.);
#4804 = EDGE_CURVE('',#4716,#3446,#4805,.T.);
#4805 = SURFACE_CURVE('',#4806,(#4810,#4817),.PCURVE_S1.);
#4806 = LINE('',#4807,#4808);
#4807 = CARTESIAN_POINT('',(-161.26,-56.42,0.));
#4808 = VECTOR('',#4809,1.);
#4809 = DIRECTION('',(0.,1.,0.));
#4810 = PCURVE('',#3238,#4811);
#4811 = DEFINITIONAL_REPRESENTATION('',(#4812),#4816);
#4812 = LINE('',#4813,#4814);
#4813 = CARTESIAN_POINT('',(2.,2.));
#4814 = VECTOR('',#4815,1.);
#4815 = DIRECTION('',(0.,-1.));
#4816 = ( GEOMETRIC_REPRESENTATION_CONTEXT(2) 
PARAMETRIC_REPRESENTATION_CONTEXT() REPRESENTATION_CONTEXT('2D SPACE',''
  ) );
#4817 = PCURVE('',#3462,#4818);
#4818 = DEFINITIONAL_REPRESENTATION('',(#4819),#4823);
#4819 = LINE('',#4820,#4821);
#4820 = CARTESIAN_POINT('',(4.,2.));
#4821 = VECTOR('',#4822,1.);
#4822 = DIRECTION('',(0.,1.));
#4823 = ( GEOMETRIC_REPRESENTATION_CONTEXT(2) 
PARAMETRIC_REPRESENTATION_CONTEXT() REPRESENTATION_CONTEXT('2D SPACE',''
  ) );
#4824 = ADVANCED_FACE('',(#4825),#3320,.T.);
#4825 = FACE_BOUND('',#4826,.T.);
#4826 = EDGE_LOOP('',(#4827,#4850,#4851,#4852,#4873,#4896,#4924,#4945));
#4827 = ORIENTED_EDGE('',*,*,#4828,.F.);
#4828 = EDGE_CURVE('',#3279,#4829,#4831,.T.);
#4829 = VERTEX_POINT('',#4830);
#4830 = CARTESIAN_POINT('',(161.26,-54.42,0.));
#4831 = SURFACE_CURVE('',#4832,(#4836,#4843),.PCURVE_S1.);
#4832 = LINE('',#4833,#4834);
#4833 = CARTESIAN_POINT('',(161.26,-54.42,-2.));
#4834 = VECTOR('',#4835,1.);
#4835 = DIRECTION('',(0.,0.,1.));
#4836 = PCURVE('',#3320,#4837);
#4837 = DEFINITIONAL_REPRESENTATION('',(#4838),#4842);
#4838 = LINE('',#4839,#4840);
#4839 = CARTESIAN_POINT('',(0.,322.52));
#4840 = VECTOR('',#4841,1.);
#4841 = DIRECTION('',(1.,0.));
#4842 = ( GEOMETRIC_REPRESENTATION_CONTEXT(2) 
PARAMETRIC_REPRESENTATION_CONTEXT() REPRESENTATION_CONTEXT('2D SPACE',''
  ) );
#4843 = PCURVE('',#3294,#4844);
#4844 = DEFINITIONAL_REPRESENTATION('',(#4845),#4849);
#4845 = LINE('',#4846,#4847);
#4846 = CARTESIAN_POINT('',(0.,0.));
#4847 = VECTOR('',#4848,1.);
#4848 = DIRECTION('',(1.,0.));
#4849 = ( GEOMETRIC_REPRESENTATION_CONTEXT(2) 
PARAMETRIC_REPRESENTATION_CONTEXT() REPRESENTATION_CONTEXT('2D SPACE',''
  ) );
#4850 = ORIENTED_EDGE('',*,*,#3306,.F.);
#4851 = ORIENTED_EDGE('',*,*,#4715,.T.);
#4852 = ORIENTED_EDGE('',*,*,#4853,.F.);
#4853 = EDGE_CURVE('',#3413,#4716,#4854,.T.);
#4854 = SURFACE_CURVE('',#4855,(#4859,#4866),.PCURVE_S1.);
#4855 = LINE('',#4856,#4857);
#4856 = CARTESIAN_POINT('',(-163.26,-54.42,0.));
#4857 = VECTOR('',#4858,1.);
#4858 = DIRECTION('',(-1.,0.,0.));
#4859 = PCURVE('',#3320,#4860);
#4860 = DEFINITIONAL_REPRESENTATION('',(#4861),#4865);
#4861 = LINE('',#4862,#4863);
#4862 = CARTESIAN_POINT('',(2.,-2.));
#4863 = VECTOR('',#4864,1.);
#4864 = DIRECTION('',(0.,-1.));
#4865 = ( GEOMETRIC_REPRESENTATION_CONTEXT(2) 
PARAMETRIC_REPRESENTATION_CONTEXT() REPRESENTATION_CONTEXT('2D SPACE',''
  ) );
#4866 = PCURVE('',#3462,#4867);
#4867 = DEFINITIONAL_REPRESENTATION('',(#4868),#4872);
#4868 = LINE('',#4869,#4870);
#4869 = CARTESIAN_POINT('',(2.,4.));
#4870 = VECTOR('',#4871,1.);
#4871 = DIRECTION('',(-1.,0.));
#4872 = ( GEOMETRIC_REPRESENTATION_CONTEXT(2) 
PARAMETRIC_REPRESENTATION_CONTEXT() REPRESENTATION_CONTEXT('2D SPACE',''
  ) );
#4873 = ORIENTED_EDGE('',*,*,#4874,.F.);
#4874 = EDGE_CURVE('',#4875,#3413,#4877,.T.);
#4875 = VERTEX_POINT('',#4876);
#4876 = CARTESIAN_POINT('',(-1.46969384567,-54.42,0.));
#4877 = SURFACE_CURVE('',#4878,(#4882,#4889),.PCURVE_S1.);
#4878 = LINE('',#4879,#4880);
#4879 = CARTESIAN_POINT('',(-163.26,-54.42,0.));
#4880 = VECTOR('',#4881,1.);
#4881 = DIRECTION('',(-1.,0.,0.));
#4882 = PCURVE('',#3320,#4883);
#4883 = DEFINITIONAL_REPRESENTATION('',(#4884),#4888);
#4884 = LINE('',#4885,#4886);
#4885 = CARTESIAN_POINT('',(2.,-2.));
#4886 = VECTOR('',#4887,1.);
#4887 = DIRECTION('',(0.,-1.));
#4888 = ( GEOMETRIC_REPRESENTATION_CONTEXT(2) 
PARAMETRIC_REPRESENTATION_CONTEXT() REPRESENTATION_CONTEXT('2D SPACE',''
  ) );
#4889 = PCURVE('',#3429,#4890);
#4890 = DEFINITIONAL_REPRESENTATION('',(#4891),#4895);
#4891 = LINE('',#4892,#4893);
#4892 = CARTESIAN_POINT('',(6.2,8.2));
#4893 = VECTOR('',#4894,1.);
#4894 = DIRECTION('',(-1.,0.));
#4895 = ( GEOMETRIC_REPRESENTATION_CONTEXT(2) 
PARAMETRIC_REPRESENTATION_CONTEXT() REPRESENTATION_CONTEXT('2D SPACE',''
  ) );
#4896 = ORIENTED_EDGE('',*,*,#4897,.F.);
#4897 = EDGE_CURVE('',#4898,#4875,#4900,.T.);
#4898 = VERTEX_POINT('',#4899);
#4899 = CARTESIAN_POINT('',(1.46969384567,-54.42,0.));
#4900 = SURFACE_CURVE('',#4901,(#4905,#4912),.PCURVE_S1.);
#4901 = LINE('',#4902,#4903);
#4902 = CARTESIAN_POINT('',(-163.26,-54.42,0.));
#4903 = VECTOR('',#4904,1.);
#4904 = DIRECTION('',(-1.,0.,0.));
#4905 = PCURVE('',#3320,#4906);
#4906 = DEFINITIONAL_REPRESENTATION('',(#4907),#4911);
#4907 = LINE('',#4908,#4909);
#4908 = CARTESIAN_POINT('',(2.,-2.));
#4909 = VECTOR('',#4910,1.);
#4910 = DIRECTION('',(0.,-1.));
#4911 = ( GEOMETRIC_REPRESENTATION_CONTEXT(2) 
PARAMETRIC_REPRESENTATION_CONTEXT() REPRESENTATION_CONTEXT('2D SPACE',''
  ) );
#4912 = PCURVE('',#4913,#4918);
#4913 = PLANE('',#4914);
#4914 = AXIS2_PLACEMENT_3D('',#4915,#4916,#4917);
#4915 = CARTESIAN_POINT('',(-165.26,-58.42,0.));
#4916 = DIRECTION('',(0.,0.,1.));
#4917 = DIRECTION('',(1.,0.,0.));
#4918 = DEFINITIONAL_REPRESENTATION('',(#4919),#4923);
#4919 = LINE('',#4920,#4921);
#4920 = CARTESIAN_POINT('',(2.,4.));
#4921 = VECTOR('',#4922,1.);
#4922 = DIRECTION('',(-1.,0.));
#4923 = ( GEOMETRIC_REPRESENTATION_CONTEXT(2) 
PARAMETRIC_REPRESENTATION_CONTEXT() REPRESENTATION_CONTEXT('2D SPACE',''
  ) );
#4924 = ORIENTED_EDGE('',*,*,#4925,.F.);
#4925 = EDGE_CURVE('',#4421,#4898,#4926,.T.);
#4926 = SURFACE_CURVE('',#4927,(#4931,#4938),.PCURVE_S1.);
#4927 = LINE('',#4928,#4929);
#4928 = CARTESIAN_POINT('',(-163.26,-54.42,0.));
#4929 = VECTOR('',#4930,1.);
#4930 = DIRECTION('',(-1.,0.,0.));
#4931 = PCURVE('',#3320,#4932);
#4932 = DEFINITIONAL_REPRESENTATION('',(#4933),#4937);
#4933 = LINE('',#4934,#4935);
#4934 = CARTESIAN_POINT('',(2.,-2.));
#4935 = VECTOR('',#4936,1.);
#4936 = DIRECTION('',(0.,-1.));
#4937 = ( GEOMETRIC_REPRESENTATION_CONTEXT(2) 
PARAMETRIC_REPRESENTATION_CONTEXT() REPRESENTATION_CONTEXT('2D SPACE',''
  ) );
#4938 = PCURVE('',#4150,#4939);
#4939 = DEFINITIONAL_REPRESENTATION('',(#4940),#4944);
#4940 = LINE('',#4941,#4942);
#4941 = CARTESIAN_POINT('',(6.2,8.2));
#4942 = VECTOR('',#4943,1.);
#4943 = DIRECTION('',(-1.,0.));
#4944 = ( GEOMETRIC_REPRESENTATION_CONTEXT(2) 
PARAMETRIC_REPRESENTATION_CONTEXT() REPRESENTATION_CONTEXT('2D SPACE',''
  ) );
#4945 = ORIENTED_EDGE('',*,*,#4946,.F.);
#4946 = EDGE_CURVE('',#4829,#4421,#4947,.T.);
#4947 = SURFACE_CURVE('',#4948,(#4952,#4959),.PCURVE_S1.);
#4948 = LINE('',#4949,#4950);
#4949 = CARTESIAN_POINT('',(-163.26,-54.42,0.));
#4950 = VECTOR('',#4951,1.);
#4951 = DIRECTION('',(-1.,0.,0.));
#4952 = PCURVE('',#3320,#4953);
#4953 = DEFINITIONAL_REPRESENTATION('',(#4954),#4958);
#4954 = LINE('',#4955,#4956);
#4955 = CARTESIAN_POINT('',(2.,-2.));
#4956 = VECTOR('',#4957,1.);
#4957 = DIRECTION('',(0.,-1.));
#4958 = ( GEOMETRIC_REPRESENTATION_CONTEXT(2) 
PARAMETRIC_REPRESENTATION_CONTEXT() REPRESENTATION_CONTEXT('2D SPACE',''
  ) );
#4959 = PCURVE('',#4437,#4960);
#4960 = DEFINITIONAL_REPRESENTATION('',(#4961),#4965);
#4961 = LINE('',#4962,#4963);
#4962 = CARTESIAN_POINT('',(2.,4.));
#4963 = VECTOR('',#4964,1.);
#4964 = DIRECTION('',(-1.,0.));
#4965 = ( GEOMETRIC_REPRESENTATION_CONTEXT(2) 
PARAMETRIC_REPRESENTATION_CONTEXT() REPRESENTATION_CONTEXT('2D SPACE',''
  ) );
#4966 = ADVANCED_FACE('',(#4967),#3294,.F.);
#4967 = FACE_BOUND('',#4968,.F.);
#4968 = EDGE_LOOP('',(#4969,#4970,#4971,#4994,#5015,#5036));
#4969 = ORIENTED_EDGE('',*,*,#4828,.F.);
#4970 = ORIENTED_EDGE('',*,*,#3278,.T.);
#4971 = ORIENTED_EDGE('',*,*,#4972,.T.);
#4972 = EDGE_CURVE('',#3251,#4973,#4975,.T.);
#4973 = VERTEX_POINT('',#4974);
#4974 = CARTESIAN_POINT('',(161.26,54.42,0.));
#4975 = SURFACE_CURVE('',#4976,(#4980,#4987),.PCURVE_S1.);
#4976 = LINE('',#4977,#4978);
#4977 = CARTESIAN_POINT('',(161.26,54.42,-2.));
#4978 = VECTOR('',#4979,1.);
#4979 = DIRECTION('',(0.,0.,1.));
#4980 = PCURVE('',#3294,#4981);
#4981 = DEFINITIONAL_REPRESENTATION('',(#4982),#4986);
#4982 = LINE('',#4983,#4984);
#4983 = CARTESIAN_POINT('',(0.,-108.84));
#4984 = VECTOR('',#4985,1.);
#4985 = DIRECTION('',(1.,0.));
#4986 = ( GEOMETRIC_REPRESENTATION_CONTEXT(2) 
PARAMETRIC_REPRESENTATION_CONTEXT() REPRESENTATION_CONTEXT('2D SPACE',''
  ) );
#4987 = PCURVE('',#3266,#4988);
#4988 = DEFINITIONAL_REPRESENTATION('',(#4989),#4993);
#4989 = LINE('',#4990,#4991);
#4990 = CARTESIAN_POINT('',(0.,322.52));
#4991 = VECTOR('',#4992,1.);
#4992 = DIRECTION('',(1.,0.));
#4993 = ( GEOMETRIC_REPRESENTATION_CONTEXT(2) 
PARAMETRIC_REPRESENTATION_CONTEXT() REPRESENTATION_CONTEXT('2D SPACE',''
  ) );
#4994 = ORIENTED_EDGE('',*,*,#4995,.F.);
#4995 = EDGE_CURVE('',#4101,#4973,#4996,.T.);
#4996 = SURFACE_CURVE('',#4997,(#5001,#5008),.PCURVE_S1.);
#4997 = LINE('',#4998,#4999);
#4998 = CARTESIAN_POINT('',(161.26,-56.42,0.));
#4999 = VECTOR('',#5000,1.);
#5000 = DIRECTION('',(0.,1.,0.));
#5001 = PCURVE('',#3294,#5002);
#5002 = DEFINITIONAL_REPRESENTATION('',(#5003),#5007);
#5003 = LINE('',#5004,#5005);
#5004 = CARTESIAN_POINT('',(2.,2.));
#5005 = VECTOR('',#5006,1.);
#5006 = DIRECTION('',(0.,-1.));
#5007 = ( GEOMETRIC_REPRESENTATION_CONTEXT(2) 
PARAMETRIC_REPRESENTATION_CONTEXT() REPRESENTATION_CONTEXT('2D SPACE',''
  ) );
#5008 = PCURVE('',#4117,#5009);
#5009 = DEFINITIONAL_REPRESENTATION('',(#5010),#5014);
#5010 = LINE('',#5011,#5012);
#5011 = CARTESIAN_POINT('',(326.52,2.));
#5012 = VECTOR('',#5013,1.);
#5013 = DIRECTION('',(0.,1.));
#5014 = ( GEOMETRIC_REPRESENTATION_CONTEXT(2) 
PARAMETRIC_REPRESENTATION_CONTEXT() REPRESENTATION_CONTEXT('2D SPACE',''
  ) );
#5015 = ORIENTED_EDGE('',*,*,#5016,.F.);
#5016 = EDGE_CURVE('',#4454,#4101,#5017,.T.);
#5017 = SURFACE_CURVE('',#5018,(#5022,#5029),.PCURVE_S1.);
#5018 = LINE('',#5019,#5020);
#5019 = CARTESIAN_POINT('',(161.26,-56.42,0.));
#5020 = VECTOR('',#5021,1.);
#5021 = DIRECTION('',(0.,1.,0.));
#5022 = PCURVE('',#3294,#5023);
#5023 = DEFINITIONAL_REPRESENTATION('',(#5024),#5028);
#5024 = LINE('',#5025,#5026);
#5025 = CARTESIAN_POINT('',(2.,2.));
#5026 = VECTOR('',#5027,1.);
#5027 = DIRECTION('',(0.,-1.));
#5028 = ( GEOMETRIC_REPRESENTATION_CONTEXT(2) 
PARAMETRIC_REPRESENTATION_CONTEXT() REPRESENTATION_CONTEXT('2D SPACE',''
  ) );
#5029 = PCURVE('',#4150,#5030);
#5030 = DEFINITIONAL_REPRESENTATION('',(#5031),#5035);
#5031 = LINE('',#5032,#5033);
#5032 = CARTESIAN_POINT('',(330.72,6.2));
#5033 = VECTOR('',#5034,1.);
#5034 = DIRECTION('',(0.,1.));
#5035 = ( GEOMETRIC_REPRESENTATION_CONTEXT(2) 
PARAMETRIC_REPRESENTATION_CONTEXT() REPRESENTATION_CONTEXT('2D SPACE',''
  ) );
#5036 = ORIENTED_EDGE('',*,*,#5037,.F.);
#5037 = EDGE_CURVE('',#4829,#4454,#5038,.T.);
#5038 = SURFACE_CURVE('',#5039,(#5043,#5050),.PCURVE_S1.);
#5039 = LINE('',#5040,#5041);
#5040 = CARTESIAN_POINT('',(161.26,-56.42,0.));
#5041 = VECTOR('',#5042,1.);
#5042 = DIRECTION('',(0.,1.,0.));
#5043 = PCURVE('',#3294,#5044);
#5044 = DEFINITIONAL_REPRESENTATION('',(#5045),#5049);
#5045 = LINE('',#5046,#5047);
#5046 = CARTESIAN_POINT('',(2.,2.));
#5047 = VECTOR('',#5048,1.);
#5048 = DIRECTION('',(0.,-1.));
#5049 = ( GEOMETRIC_REPRESENTATION_CONTEXT(2) 
PARAMETRIC_REPRESENTATION_CONTEXT() REPRESENTATION_CONTEXT('2D SPACE',''
  ) );
#5050 = PCURVE('',#4437,#5051);
#5051 = DEFINITIONAL_REPRESENTATION('',(#5052),#5056);
#5052 = LINE('',#5053,#5054);
#5053 = CARTESIAN_POINT('',(326.52,2.));
#5054 = VECTOR('',#5055,1.);
#5055 = DIRECTION('',(0.,1.));
#5056 = ( GEOMETRIC_REPRESENTATION_CONTEXT(2) 
PARAMETRIC_REPRESENTATION_CONTEXT() REPRESENTATION_CONTEXT('2D SPACE',''
  ) );
#5057 = ADVANCED_FACE('',(#5058),#3266,.F.);
#5058 = FACE_BOUND('',#5059,.F.);
#5059 = EDGE_LOOP('',(#5060,#5061,#5062,#5063,#5084,#5107,#5135,#5156));
#5060 = ORIENTED_EDGE('',*,*,#4972,.F.);
#5061 = ORIENTED_EDGE('',*,*,#3250,.F.);
#5062 = ORIENTED_EDGE('',*,*,#4739,.T.);
#5063 = ORIENTED_EDGE('',*,*,#5064,.F.);
#5064 = EDGE_CURVE('',#3788,#4740,#5065,.T.);
#5065 = SURFACE_CURVE('',#5066,(#5070,#5077),.PCURVE_S1.);
#5066 = LINE('',#5067,#5068);
#5067 = CARTESIAN_POINT('',(-163.26,54.42,0.));
#5068 = VECTOR('',#5069,1.);
#5069 = DIRECTION('',(-1.,0.,0.));
#5070 = PCURVE('',#3266,#5071);
#5071 = DEFINITIONAL_REPRESENTATION('',(#5072),#5076);
#5072 = LINE('',#5073,#5074);
#5073 = CARTESIAN_POINT('',(2.,-2.));
#5074 = VECTOR('',#5075,1.);
#5075 = DIRECTION('',(0.,-1.));
#5076 = ( GEOMETRIC_REPRESENTATION_CONTEXT(2) 
PARAMETRIC_REPRESENTATION_CONTEXT() REPRESENTATION_CONTEXT('2D SPACE',''
  ) );
#5077 = PCURVE('',#3804,#5078);
#5078 = DEFINITIONAL_REPRESENTATION('',(#5079),#5083);
#5079 = LINE('',#5080,#5081);
#5080 = CARTESIAN_POINT('',(2.,112.84));
#5081 = VECTOR('',#5082,1.);
#5082 = DIRECTION('',(-1.,0.));
#5083 = ( GEOMETRIC_REPRESENTATION_CONTEXT(2) 
PARAMETRIC_REPRESENTATION_CONTEXT() REPRESENTATION_CONTEXT('2D SPACE',''
  ) );
#5084 = ORIENTED_EDGE('',*,*,#5085,.F.);
#5085 = EDGE_CURVE('',#5086,#3788,#5088,.T.);
#5086 = VERTEX_POINT('',#5087);
#5087 = CARTESIAN_POINT('',(-1.46969384567,54.42,0.));
#5088 = SURFACE_CURVE('',#5089,(#5093,#5100),.PCURVE_S1.);
#5089 = LINE('',#5090,#5091);
#5090 = CARTESIAN_POINT('',(-163.26,54.42,0.));
#5091 = VECTOR('',#5092,1.);
#5092 = DIRECTION('',(-1.,0.,0.));
#5093 = PCURVE('',#3266,#5094);
#5094 = DEFINITIONAL_REPRESENTATION('',(#5095),#5099);
#5095 = LINE('',#5096,#5097);
#5096 = CARTESIAN_POINT('',(2.,-2.));
#5097 = VECTOR('',#5098,1.);
#5098 = DIRECTION('',(0.,-1.));
#5099 = ( GEOMETRIC_REPRESENTATION_CONTEXT(2) 
PARAMETRIC_REPRESENTATION_CONTEXT() REPRESENTATION_CONTEXT('2D SPACE',''
  ) );
#5100 = PCURVE('',#3429,#5101);
#5101 = DEFINITIONAL_REPRESENTATION('',(#5102),#5106);
#5102 = LINE('',#5103,#5104);
#5103 = CARTESIAN_POINT('',(6.2,117.04));
#5104 = VECTOR('',#5105,1.);
#5105 = DIRECTION('',(-1.,0.));
#5106 = ( GEOMETRIC_REPRESENTATION_CONTEXT(2) 
PARAMETRIC_REPRESENTATION_CONTEXT() REPRESENTATION_CONTEXT('2D SPACE',''
  ) );
#5107 = ORIENTED_EDGE('',*,*,#5108,.F.);
#5108 = EDGE_CURVE('',#5109,#5086,#5111,.T.);
#5109 = VERTEX_POINT('',#5110);
#5110 = CARTESIAN_POINT('',(1.46969384567,54.42,0.));
#5111 = SURFACE_CURVE('',#5112,(#5116,#5123),.PCURVE_S1.);
#5112 = LINE('',#5113,#5114);
#5113 = CARTESIAN_POINT('',(-163.26,54.42,0.));
#5114 = VECTOR('',#5115,1.);
#5115 = DIRECTION('',(-1.,0.,0.));
#5116 = PCURVE('',#3266,#5117);
#5117 = DEFINITIONAL_REPRESENTATION('',(#5118),#5122);
#5118 = LINE('',#5119,#5120);
#5119 = CARTESIAN_POINT('',(2.,-2.));
#5120 = VECTOR('',#5121,1.);
#5121 = DIRECTION('',(0.,-1.));
#5122 = ( GEOMETRIC_REPRESENTATION_CONTEXT(2) 
PARAMETRIC_REPRESENTATION_CONTEXT() REPRESENTATION_CONTEXT('2D SPACE',''
  ) );
#5123 = PCURVE('',#5124,#5129);
#5124 = PLANE('',#5125);
#5125 = AXIS2_PLACEMENT_3D('',#5126,#5127,#5128);
#5126 = CARTESIAN_POINT('',(-165.26,-58.42,0.));
#5127 = DIRECTION('',(0.,0.,1.));
#5128 = DIRECTION('',(1.,0.,0.));
#5129 = DEFINITIONAL_REPRESENTATION('',(#5130),#5134);
#5130 = LINE('',#5131,#5132);
#5131 = CARTESIAN_POINT('',(2.,112.84));
#5132 = VECTOR('',#5133,1.);
#5133 = DIRECTION('',(-1.,0.));
#5134 = ( GEOMETRIC_REPRESENTATION_CONTEXT(2) 
PARAMETRIC_REPRESENTATION_CONTEXT() REPRESENTATION_CONTEXT('2D SPACE',''
  ) );
#5135 = ORIENTED_EDGE('',*,*,#5136,.F.);
#5136 = EDGE_CURVE('',#4134,#5109,#5137,.T.);
#5137 = SURFACE_CURVE('',#5138,(#5142,#5149),.PCURVE_S1.);
#5138 = LINE('',#5139,#5140);
#5139 = CARTESIAN_POINT('',(-163.26,54.42,0.));
#5140 = VECTOR('',#5141,1.);
#5141 = DIRECTION('',(-1.,0.,0.));
#5142 = PCURVE('',#3266,#5143);
#5143 = DEFINITIONAL_REPRESENTATION('',(#5144),#5148);
#5144 = LINE('',#5145,#5146);
#5145 = CARTESIAN_POINT('',(2.,-2.));
#5146 = VECTOR('',#5147,1.);
#5147 = DIRECTION('',(0.,-1.));
#5148 = ( GEOMETRIC_REPRESENTATION_CONTEXT(2) 
PARAMETRIC_REPRESENTATION_CONTEXT() REPRESENTATION_CONTEXT('2D SPACE',''
  ) );
#5149 = PCURVE('',#4150,#5150);
#5150 = DEFINITIONAL_REPRESENTATION('',(#5151),#5155);
#5151 = LINE('',#5152,#5153);
#5152 = CARTESIAN_POINT('',(6.2,117.04));
#5153 = VECTOR('',#5154,1.);
#5154 = DIRECTION('',(-1.,0.));
#5155 = ( GEOMETRIC_REPRESENTATION_CONTEXT(2) 
PARAMETRIC_REPRESENTATION_CONTEXT() REPRESENTATION_CONTEXT('2D SPACE',''
  ) );
#5156 = ORIENTED_EDGE('',*,*,#5157,.F.);
#5157 = EDGE_CURVE('',#4973,#4134,#5158,.T.);
#5158 = SURFACE_CURVE('',#5159,(#5163,#5170),.PCURVE_S1.);
#5159 = LINE('',#5160,#5161);
#5160 = CARTESIAN_POINT('',(-163.26,54.42,0.));
#5161 = VECTOR('',#5162,1.);
#5162 = DIRECTION('',(-1.,0.,0.));
#5163 = PCURVE('',#3266,#5164);
#5164 = DEFINITIONAL_REPRESENTATION('',(#5165),#5169);
#5165 = LINE('',#5166,#5167);
#5166 = CARTESIAN_POINT('',(2.,-2.));
#5167 = VECTOR('',#5168,1.);
#5168 = DIRECTION('',(0.,-1.));
#5169 = ( GEOMETRIC_REPRESENTATION_CONTEXT(2) 
PARAMETRIC_REPRESENTATION_CONTEXT() REPRESENTATION_CONTEXT('2D SPACE',''
  ) );
#5170 = PCURVE('',#4117,#5171);
#5171 = DEFINITIONAL_REPRESENTATION('',(#5172),#5176);
#5172 = LINE('',#5173,#5174);
#5173 = CARTESIAN_POINT('',(2.,112.84));
#5174 = VECTOR('',#5175,1.);
#5175 = DIRECTION('',(-1.,0.));
#5176 = ( GEOMETRIC_REPRESENTATION_CONTEXT(2) 
PARAMETRIC_REPRESENTATION_CONTEXT() REPRESENTATION_CONTEXT('2D SPACE',''
  ) );
#5177 = ADVANCED_FACE('',(#5178),#3373,.T.);
#5178 = FACE_BOUND('',#5179,.T.);
#5179 = EDGE_LOOP('',(#5180,#5181,#5182,#5183,#5184,#5185,#5186,#5219,
    #5246,#5275,#5302,#5331,#5358,#5389,#5390,#5391,#5392,#5393));
#5180 = ORIENTED_EDGE('',*,*,#3607,.F.);
#5181 = ORIENTED_EDGE('',*,*,#3579,.T.);
#5182 = ORIENTED_EDGE('',*,*,#3505,.T.);
#5183 = ORIENTED_EDGE('',*,*,#3356,.T.);
#5184 = ORIENTED_EDGE('',*,*,#4688,.T.);
#5185 = ORIENTED_EDGE('',*,*,#4663,.T.);
#5186 = ORIENTED_EDGE('',*,*,#5187,.T.);
#5187 = EDGE_CURVE('',#4641,#5188,#5190,.T.);
#5188 = VERTEX_POINT('',#5189);
#5189 = CARTESIAN_POINT('',(0.,-52.62,4.5));
#5190 = SURFACE_CURVE('',#5191,(#5196,#5207),.PCURVE_S1.);
#5191 = CIRCLE('',#5192,1.5);
#5192 = AXIS2_PLACEMENT_3D('',#5193,#5194,#5195);
#5193 = CARTESIAN_POINT('',(0.,-54.12,4.5));
#5194 = DIRECTION('',(0.,0.,-1.));
#5195 = DIRECTION('',(1.,0.,0.));
#5196 = PCURVE('',#3373,#5197);
#5197 = DEFINITIONAL_REPRESENTATION('',(#5198),#5206);
#5198 = ( BOUNDED_CURVE() B_SPLINE_CURVE(2,(#5199,#5200,#5201,#5202,
#5203,#5204,#5205),.UNSPECIFIED.,.T.,.F.) B_SPLINE_CURVE_WITH_KNOTS((1,2
    ,2,2,2,1),(-2.094395102393,0.,2.094395102393,4.188790204786,
6.28318530718,8.377580409573),.UNSPECIFIED.) CURVE() 
GEOMETRIC_REPRESENTATION_ITEM() RATIONAL_B_SPLINE_CURVE((1.,0.5,1.,0.5,
1.,0.5,1.)) REPRESENTATION_ITEM('') );
#5199 = CARTESIAN_POINT('',(163.96,1.5));
#5200 = CARTESIAN_POINT('',(163.96,-1.098076211353));
#5201 = CARTESIAN_POINT('',(161.71,0.200961894323));
#5202 = CARTESIAN_POINT('',(159.46,1.5));
#5203 = CARTESIAN_POINT('',(161.71,2.799038105677));
#5204 = CARTESIAN_POINT('',(163.96,4.098076211353));
#5205 = CARTESIAN_POINT('',(163.96,1.5));
#5206 = ( GEOMETRIC_REPRESENTATION_CONTEXT(2) 
PARAMETRIC_REPRESENTATION_CONTEXT() REPRESENTATION_CONTEXT('2D SPACE',''
  ) );
#5207 = PCURVE('',#5208,#5213);
#5208 = CYLINDRICAL_SURFACE('',#5209,1.5);
#5209 = AXIS2_PLACEMENT_3D('',#5210,#5211,#5212);
#5210 = CARTESIAN_POINT('',(0.,-54.12,-0.5));
#5211 = DIRECTION('',(-0.,-0.,-1.));
#5212 = DIRECTION('',(1.,0.,0.));
#5213 = DEFINITIONAL_REPRESENTATION('',(#5214),#5218);
#5214 = LINE('',#5215,#5216);
#5215 = CARTESIAN_POINT('',(-6.28318530718,-5.));
#5216 = VECTOR('',#5217,1.);
#5217 = DIRECTION('',(1.,-0.));
#5218 = ( GEOMETRIC_REPRESENTATION_CONTEXT(2) 
PARAMETRIC_REPRESENTATION_CONTEXT() REPRESENTATION_CONTEXT('2D SPACE',''
  ) );
#5219 = ORIENTED_EDGE('',*,*,#5220,.T.);
#5220 = EDGE_CURVE('',#5188,#5221,#5223,.T.);
#5221 = VERTEX_POINT('',#5222);
#5222 = CARTESIAN_POINT('',(-156.96,-52.62,4.5));
#5223 = SURFACE_CURVE('',#5224,(#5228,#5234),.PCURVE_S1.);
#5224 = LINE('',#5225,#5226);
#5225 = CARTESIAN_POINT('',(-160.96,-52.62,4.5));
#5226 = VECTOR('',#5227,1.);
#5227 = DIRECTION('',(-1.,0.,0.));
#5228 = PCURVE('',#3373,#5229);
#5229 = DEFINITIONAL_REPRESENTATION('',(#5230),#5233);
#5230 = B_SPLINE_CURVE_WITH_KNOTS('',1,(#5231,#5232),.UNSPECIFIED.,.F.,
  .F.,(2,2),(-317.92,-4.),.PIECEWISE_BEZIER_KNOTS.);
#5231 = CARTESIAN_POINT('',(319.42,3.));
#5232 = CARTESIAN_POINT('',(5.5,3.));
#5233 = ( GEOMETRIC_REPRESENTATION_CONTEXT(2) 
PARAMETRIC_REPRESENTATION_CONTEXT() REPRESENTATION_CONTEXT('2D SPACE',''
  ) );
#5234 = PCURVE('',#5235,#5240);
#5235 = PLANE('',#5236);
#5236 = AXIS2_PLACEMENT_3D('',#5237,#5238,#5239);
#5237 = CARTESIAN_POINT('',(-159.46,-52.62,-0.5));
#5238 = DIRECTION('',(0.,1.,0.));
#5239 = DIRECTION('',(0.,0.,1.));
#5240 = DEFINITIONAL_REPRESENTATION('',(#5241),#5245);
#5241 = LINE('',#5242,#5243);
#5242 = CARTESIAN_POINT('',(5.,-1.5));
#5243 = VECTOR('',#5244,1.);
#5244 = DIRECTION('',(0.,-1.));
#5245 = ( GEOMETRIC_REPRESENTATION_CONTEXT(2) 
PARAMETRIC_REPRESENTATION_CONTEXT() REPRESENTATION_CONTEXT('2D SPACE',''
  ) );
#5246 = ORIENTED_EDGE('',*,*,#5247,.F.);
#5247 = EDGE_CURVE('',#5248,#5221,#5250,.T.);
#5248 = VERTEX_POINT('',#5249);
#5249 = CARTESIAN_POINT('',(-159.46,-50.12,4.5));
#5250 = SURFACE_CURVE('',#5251,(#5256,#5263),.PCURVE_S1.);
#5251 = CIRCLE('',#5252,2.5);
#5252 = AXIS2_PLACEMENT_3D('',#5253,#5254,#5255);
#5253 = CARTESIAN_POINT('',(-156.96,-50.12,4.5));
#5254 = DIRECTION('',(0.,0.,1.));
#5255 = DIRECTION('',(-1.,-0.,0.));
#5256 = PCURVE('',#3373,#5257);
#5257 = DEFINITIONAL_REPRESENTATION('',(#5258),#5262);
#5258 = CIRCLE('',#5259,2.5);
#5259 = AXIS2_PLACEMENT_2D('',#5260,#5261);
#5260 = CARTESIAN_POINT('',(5.5,5.5));
#5261 = DIRECTION('',(-1.,0.));
#5262 = ( GEOMETRIC_REPRESENTATION_CONTEXT(2) 
PARAMETRIC_REPRESENTATION_CONTEXT() REPRESENTATION_CONTEXT('2D SPACE',''
  ) );
#5263 = PCURVE('',#5264,#5269);
#5264 = CYLINDRICAL_SURFACE('',#5265,2.5);
#5265 = AXIS2_PLACEMENT_3D('',#5266,#5267,#5268);
#5266 = CARTESIAN_POINT('',(-156.96,-50.12,-0.5));
#5267 = DIRECTION('',(0.,0.,1.));
#5268 = DIRECTION('',(-1.,-0.,0.));
#5269 = DEFINITIONAL_REPRESENTATION('',(#5270),#5274);
#5270 = LINE('',#5271,#5272);
#5271 = CARTESIAN_POINT('',(0.,5.));
#5272 = VECTOR('',#5273,1.);
#5273 = DIRECTION('',(1.,0.));
#5274 = ( GEOMETRIC_REPRESENTATION_CONTEXT(2) 
PARAMETRIC_REPRESENTATION_CONTEXT() REPRESENTATION_CONTEXT('2D SPACE',''
  ) );
#5275 = ORIENTED_EDGE('',*,*,#5276,.T.);
#5276 = EDGE_CURVE('',#5248,#5277,#5279,.T.);
#5277 = VERTEX_POINT('',#5278);
#5278 = CARTESIAN_POINT('',(-159.46,50.12,4.5));
#5279 = SURFACE_CURVE('',#5280,(#5284,#5290),.PCURVE_S1.);
#5280 = LINE('',#5281,#5282);
#5281 = CARTESIAN_POINT('',(-159.46,-54.12,4.5));
#5282 = VECTOR('',#5283,1.);
#5283 = DIRECTION('',(0.,1.,0.));
#5284 = PCURVE('',#3373,#5285);
#5285 = DEFINITIONAL_REPRESENTATION('',(#5286),#5289);
#5286 = B_SPLINE_CURVE_WITH_KNOTS('',1,(#5287,#5288),.UNSPECIFIED.,.F.,
  .F.,(2,2),(4.,104.24),.PIECEWISE_BEZIER_KNOTS.);
#5287 = CARTESIAN_POINT('',(3.,5.5));
#5288 = CARTESIAN_POINT('',(3.,105.74));
#5289 = ( GEOMETRIC_REPRESENTATION_CONTEXT(2) 
PARAMETRIC_REPRESENTATION_CONTEXT() REPRESENTATION_CONTEXT('2D SPACE',''
  ) );
#5290 = PCURVE('',#5291,#5296);
#5291 = PLANE('',#5292);
#5292 = AXIS2_PLACEMENT_3D('',#5293,#5294,#5295);
#5293 = CARTESIAN_POINT('',(-159.46,-52.62,-0.5));
#5294 = DIRECTION('',(1.,0.,0.));
#5295 = DIRECTION('',(0.,0.,1.));
#5296 = DEFINITIONAL_REPRESENTATION('',(#5297),#5301);
#5297 = LINE('',#5298,#5299);
#5298 = CARTESIAN_POINT('',(5.,1.5));
#5299 = VECTOR('',#5300,1.);
#5300 = DIRECTION('',(0.,-1.));
#5301 = ( GEOMETRIC_REPRESENTATION_CONTEXT(2) 
PARAMETRIC_REPRESENTATION_CONTEXT() REPRESENTATION_CONTEXT('2D SPACE',''
  ) );
#5302 = ORIENTED_EDGE('',*,*,#5303,.F.);
#5303 = EDGE_CURVE('',#5304,#5277,#5306,.T.);
#5304 = VERTEX_POINT('',#5305);
#5305 = CARTESIAN_POINT('',(-156.96,52.62,4.5));
#5306 = SURFACE_CURVE('',#5307,(#5312,#5319),.PCURVE_S1.);
#5307 = CIRCLE('',#5308,2.5);
#5308 = AXIS2_PLACEMENT_3D('',#5309,#5310,#5311);
#5309 = CARTESIAN_POINT('',(-156.96,50.12,4.5));
#5310 = DIRECTION('',(0.,0.,1.));
#5311 = DIRECTION('',(-1.,-0.,0.));
#5312 = PCURVE('',#3373,#5313);
#5313 = DEFINITIONAL_REPRESENTATION('',(#5314),#5318);
#5314 = CIRCLE('',#5315,2.5);
#5315 = AXIS2_PLACEMENT_2D('',#5316,#5317);
#5316 = CARTESIAN_POINT('',(5.5,105.74));
#5317 = DIRECTION('',(-1.,0.));
#5318 = ( GEOMETRIC_REPRESENTATION_CONTEXT(2) 
PARAMETRIC_REPRESENTATION_CONTEXT() REPRESENTATION_CONTEXT('2D SPACE',''
  ) );
#5319 = PCURVE('',#5320,#5325);
#5320 = CYLINDRICAL_SURFACE('',#5321,2.5);
#5321 = AXIS2_PLACEMENT_3D('',#5322,#5323,#5324);
#5322 = CARTESIAN_POINT('',(-156.96,50.12,-0.5));
#5323 = DIRECTION('',(0.,0.,1.));
#5324 = DIRECTION('',(-1.,-0.,0.));
#5325 = DEFINITIONAL_REPRESENTATION('',(#5326),#5330);
#5326 = LINE('',#5327,#5328);
#5327 = CARTESIAN_POINT('',(-6.28318530718,5.));
#5328 = VECTOR('',#5329,1.);
#5329 = DIRECTION('',(1.,-0.));
#5330 = ( GEOMETRIC_REPRESENTATION_CONTEXT(2) 
PARAMETRIC_REPRESENTATION_CONTEXT() REPRESENTATION_CONTEXT('2D SPACE',''
  ) );
#5331 = ORIENTED_EDGE('',*,*,#5332,.F.);
#5332 = EDGE_CURVE('',#5333,#5304,#5335,.T.);
#5333 = VERTEX_POINT('',#5334);
#5334 = CARTESIAN_POINT('',(0.,52.62,4.5));
#5335 = SURFACE_CURVE('',#5336,(#5340,#5346),.PCURVE_S1.);
#5336 = LINE('',#5337,#5338);
#5337 = CARTESIAN_POINT('',(-160.96,52.62,4.5));
#5338 = VECTOR('',#5339,1.);
#5339 = DIRECTION('',(-1.,0.,0.));
#5340 = PCURVE('',#3373,#5341);
#5341 = DEFINITIONAL_REPRESENTATION('',(#5342),#5345);
#5342 = B_SPLINE_CURVE_WITH_KNOTS('',1,(#5343,#5344),.UNSPECIFIED.,.F.,
  .F.,(2,2),(-317.92,-4.),.PIECEWISE_BEZIER_KNOTS.);
#5343 = CARTESIAN_POINT('',(319.42,108.24));
#5344 = CARTESIAN_POINT('',(5.5,108.24));
#5345 = ( GEOMETRIC_REPRESENTATION_CONTEXT(2) 
PARAMETRIC_REPRESENTATION_CONTEXT() REPRESENTATION_CONTEXT('2D SPACE',''
  ) );
#5346 = PCURVE('',#5347,#5352);
#5347 = PLANE('',#5348);
#5348 = AXIS2_PLACEMENT_3D('',#5349,#5350,#5351);
#5349 = CARTESIAN_POINT('',(-159.46,52.62,-0.5));
#5350 = DIRECTION('',(0.,1.,0.));
#5351 = DIRECTION('',(0.,0.,1.));
#5352 = DEFINITIONAL_REPRESENTATION('',(#5353),#5357);
#5353 = LINE('',#5354,#5355);
#5354 = CARTESIAN_POINT('',(5.,-1.5));
#5355 = VECTOR('',#5356,1.);
#5356 = DIRECTION('',(0.,-1.));
#5357 = ( GEOMETRIC_REPRESENTATION_CONTEXT(2) 
PARAMETRIC_REPRESENTATION_CONTEXT() REPRESENTATION_CONTEXT('2D SPACE',''
  ) );
#5358 = ORIENTED_EDGE('',*,*,#5359,.T.);
#5359 = EDGE_CURVE('',#5333,#3978,#5360,.T.);
#5360 = SURFACE_CURVE('',#5361,(#5366,#5377),.PCURVE_S1.);
#5361 = CIRCLE('',#5362,1.5);
#5362 = AXIS2_PLACEMENT_3D('',#5363,#5364,#5365);
#5363 = CARTESIAN_POINT('',(0.,54.12,4.5));
#5364 = DIRECTION('',(0.,0.,-1.));
#5365 = DIRECTION('',(1.,0.,0.));
#5366 = PCURVE('',#3373,#5367);
#5367 = DEFINITIONAL_REPRESENTATION('',(#5368),#5376);
#5368 = ( BOUNDED_CURVE() B_SPLINE_CURVE(2,(#5369,#5370,#5371,#5372,
#5373,#5374,#5375),.UNSPECIFIED.,.T.,.F.) B_SPLINE_CURVE_WITH_KNOTS((1,2
    ,2,2,2,1),(-2.094395102393,0.,2.094395102393,4.188790204786,
6.28318530718,8.377580409573),.UNSPECIFIED.) CURVE() 
GEOMETRIC_REPRESENTATION_ITEM() RATIONAL_B_SPLINE_CURVE((1.,0.5,1.,0.5,
1.,0.5,1.)) REPRESENTATION_ITEM('') );
#5369 = CARTESIAN_POINT('',(163.96,109.74));
#5370 = CARTESIAN_POINT('',(163.96,107.14192378864));
#5371 = CARTESIAN_POINT('',(161.71,108.44096189432));
#5372 = CARTESIAN_POINT('',(159.46,109.74));
#5373 = CARTESIAN_POINT('',(161.71,111.03903810567));
#5374 = CARTESIAN_POINT('',(163.96,112.33807621135));
#5375 = CARTESIAN_POINT('',(163.96,109.74));
#5376 = ( GEOMETRIC_REPRESENTATION_CONTEXT(2) 
PARAMETRIC_REPRESENTATION_CONTEXT() REPRESENTATION_CONTEXT('2D SPACE',''
  ) );
#5377 = PCURVE('',#5378,#5383);
#5378 = CYLINDRICAL_SURFACE('',#5379,1.5);
#5379 = AXIS2_PLACEMENT_3D('',#5380,#5381,#5382);
#5380 = CARTESIAN_POINT('',(0.,54.12,-0.5));
#5381 = DIRECTION('',(-0.,-0.,-1.));
#5382 = DIRECTION('',(1.,0.,0.));
#5383 = DEFINITIONAL_REPRESENTATION('',(#5384),#5388);
#5384 = LINE('',#5385,#5386);
#5385 = CARTESIAN_POINT('',(-6.28318530718,-5.));
#5386 = VECTOR('',#5387,1.);
#5387 = DIRECTION('',(1.,-0.));
#5388 = ( GEOMETRIC_REPRESENTATION_CONTEXT(2) 
PARAMETRIC_REPRESENTATION_CONTEXT() REPRESENTATION_CONTEXT('2D SPACE',''
  ) );
#5389 = ORIENTED_EDGE('',*,*,#4005,.F.);
#5390 = ORIENTED_EDGE('',*,*,#3899,.F.);
#5391 = ORIENTED_EDGE('',*,*,#3847,.T.);
#5392 = ORIENTED_EDGE('',*,*,#3708,.T.);
#5393 = ORIENTED_EDGE('',*,*,#3656,.F.);
#5394 = ADVANCED_FACE('',(#5395),#3429,.F.);
#5395 = FACE_BOUND('',#5396,.F.);
#5396 = EDGE_LOOP('',(#5397,#5398,#5399,#5400,#5428,#5449,#5473,#5494,
    #5518,#5539,#5565,#5566,#5567,#5568));
#5397 = ORIENTED_EDGE('',*,*,#3478,.T.);
#5398 = ORIENTED_EDGE('',*,*,#3412,.T.);
#5399 = ORIENTED_EDGE('',*,*,#4874,.F.);
#5400 = ORIENTED_EDGE('',*,*,#5401,.T.);
#5401 = EDGE_CURVE('',#4875,#5402,#5404,.T.);
#5402 = VERTEX_POINT('',#5403);
#5403 = CARTESIAN_POINT('',(0.,-52.62,0.));
#5404 = SURFACE_CURVE('',#5405,(#5410,#5421),.PCURVE_S1.);
#5405 = CIRCLE('',#5406,1.5);
#5406 = AXIS2_PLACEMENT_3D('',#5407,#5408,#5409);
#5407 = CARTESIAN_POINT('',(0.,-54.12,0.));
#5408 = DIRECTION('',(0.,0.,-1.));
#5409 = DIRECTION('',(1.,0.,0.));
#5410 = PCURVE('',#3429,#5411);
#5411 = DEFINITIONAL_REPRESENTATION('',(#5412),#5420);
#5412 = ( BOUNDED_CURVE() B_SPLINE_CURVE(2,(#5413,#5414,#5415,#5416,
#5417,#5418,#5419),.UNSPECIFIED.,.T.,.F.) B_SPLINE_CURVE_WITH_KNOTS((1,2
    ,2,2,2,1),(-2.094395102393,0.,2.094395102393,4.188790204786,
6.28318530718,8.377580409573),.UNSPECIFIED.) CURVE() 
GEOMETRIC_REPRESENTATION_ITEM() RATIONAL_B_SPLINE_CURVE((1.,0.5,1.,0.5,
1.,0.5,1.)) REPRESENTATION_ITEM('') );
#5413 = CARTESIAN_POINT('',(170.96,8.5));
#5414 = CARTESIAN_POINT('',(170.96,5.901923788647));
#5415 = CARTESIAN_POINT('',(168.71,7.200961894323));
#5416 = CARTESIAN_POINT('',(166.46,8.5));
#5417 = CARTESIAN_POINT('',(168.71,9.799038105677));
#5418 = CARTESIAN_POINT('',(170.96,11.098076211353));
#5419 = CARTESIAN_POINT('',(170.96,8.5));
#5420 = ( GEOMETRIC_REPRESENTATION_CONTEXT(2) 
PARAMETRIC_REPRESENTATION_CONTEXT() REPRESENTATION_CONTEXT('2D SPACE',''
  ) );
#5421 = PCURVE('',#5208,#5422);
#5422 = DEFINITIONAL_REPRESENTATION('',(#5423),#5427);
#5423 = LINE('',#5424,#5425);
#5424 = CARTESIAN_POINT('',(-6.28318530718,-0.5));
#5425 = VECTOR('',#5426,1.);
#5426 = DIRECTION('',(1.,-0.));
#5427 = ( GEOMETRIC_REPRESENTATION_CONTEXT(2) 
PARAMETRIC_REPRESENTATION_CONTEXT() REPRESENTATION_CONTEXT('2D SPACE',''
  ) );
#5428 = ORIENTED_EDGE('',*,*,#5429,.T.);
#5429 = EDGE_CURVE('',#5402,#5430,#5432,.T.);
#5430 = VERTEX_POINT('',#5431);
#5431 = CARTESIAN_POINT('',(-156.96,-52.62,0.));
#5432 = SURFACE_CURVE('',#5433,(#5437,#5443),.PCURVE_S1.);
#5433 = LINE('',#5434,#5435);
#5434 = CARTESIAN_POINT('',(-164.46,-52.62,0.));
#5435 = VECTOR('',#5436,1.);
#5436 = DIRECTION('',(-1.,0.,0.));
#5437 = PCURVE('',#3429,#5438);
#5438 = DEFINITIONAL_REPRESENTATION('',(#5439),#5442);
#5439 = B_SPLINE_CURVE_WITH_KNOTS('',1,(#5440,#5441),.UNSPECIFIED.,.F.,
  .F.,(2,2),(-321.42,-7.5),.PIECEWISE_BEZIER_KNOTS.);
#5440 = CARTESIAN_POINT('',(326.42,10.));
#5441 = CARTESIAN_POINT('',(12.5,10.));
#5442 = ( GEOMETRIC_REPRESENTATION_CONTEXT(2) 
PARAMETRIC_REPRESENTATION_CONTEXT() REPRESENTATION_CONTEXT('2D SPACE',''
  ) );
#5443 = PCURVE('',#5235,#5444);
#5444 = DEFINITIONAL_REPRESENTATION('',(#5445),#5448);
#5445 = B_SPLINE_CURVE_WITH_KNOTS('',1,(#5446,#5447),.UNSPECIFIED.,.F.,
  .F.,(2,2),(-321.42,-7.5),.PIECEWISE_BEZIER_KNOTS.);
#5446 = CARTESIAN_POINT('',(0.5,316.42));
#5447 = CARTESIAN_POINT('',(0.5,2.5));
#5448 = ( GEOMETRIC_REPRESENTATION_CONTEXT(2) 
PARAMETRIC_REPRESENTATION_CONTEXT() REPRESENTATION_CONTEXT('2D SPACE',''
  ) );
#5449 = ORIENTED_EDGE('',*,*,#5450,.F.);
#5450 = EDGE_CURVE('',#5451,#5430,#5453,.T.);
#5451 = VERTEX_POINT('',#5452);
#5452 = CARTESIAN_POINT('',(-159.46,-50.12,0.));
#5453 = SURFACE_CURVE('',#5454,(#5459,#5466),.PCURVE_S1.);
#5454 = CIRCLE('',#5455,2.5);
#5455 = AXIS2_PLACEMENT_3D('',#5456,#5457,#5458);
#5456 = CARTESIAN_POINT('',(-156.96,-50.12,0.));
#5457 = DIRECTION('',(0.,0.,1.));
#5458 = DIRECTION('',(-1.,-0.,0.));
#5459 = PCURVE('',#3429,#5460);
#5460 = DEFINITIONAL_REPRESENTATION('',(#5461),#5465);
#5461 = CIRCLE('',#5462,2.5);
#5462 = AXIS2_PLACEMENT_2D('',#5463,#5464);
#5463 = CARTESIAN_POINT('',(12.5,12.5));
#5464 = DIRECTION('',(-1.,0.));
#5465 = ( GEOMETRIC_REPRESENTATION_CONTEXT(2) 
PARAMETRIC_REPRESENTATION_CONTEXT() REPRESENTATION_CONTEXT('2D SPACE',''
  ) );
#5466 = PCURVE('',#5264,#5467);
#5467 = DEFINITIONAL_REPRESENTATION('',(#5468),#5472);
#5468 = LINE('',#5469,#5470);
#5469 = CARTESIAN_POINT('',(0.,0.5));
#5470 = VECTOR('',#5471,1.);
#5471 = DIRECTION('',(1.,0.));
#5472 = ( GEOMETRIC_REPRESENTATION_CONTEXT(2) 
PARAMETRIC_REPRESENTATION_CONTEXT() REPRESENTATION_CONTEXT('2D SPACE',''
  ) );
#5473 = ORIENTED_EDGE('',*,*,#5474,.T.);
#5474 = EDGE_CURVE('',#5451,#5475,#5477,.T.);
#5475 = VERTEX_POINT('',#5476);
#5476 = CARTESIAN_POINT('',(-159.46,50.12,0.));
#5477 = SURFACE_CURVE('',#5478,(#5482,#5488),.PCURVE_S1.);
#5478 = LINE('',#5479,#5480);
#5479 = CARTESIAN_POINT('',(-159.46,-57.62,0.));
#5480 = VECTOR('',#5481,1.);
#5481 = DIRECTION('',(0.,1.,0.));
#5482 = PCURVE('',#3429,#5483);
#5483 = DEFINITIONAL_REPRESENTATION('',(#5484),#5487);
#5484 = B_SPLINE_CURVE_WITH_KNOTS('',1,(#5485,#5486),.UNSPECIFIED.,.F.,
  .F.,(2,2),(7.5,107.74),.PIECEWISE_BEZIER_KNOTS.);
#5485 = CARTESIAN_POINT('',(10.,12.5));
#5486 = CARTESIAN_POINT('',(10.,112.74));
#5487 = ( GEOMETRIC_REPRESENTATION_CONTEXT(2) 
PARAMETRIC_REPRESENTATION_CONTEXT() REPRESENTATION_CONTEXT('2D SPACE',''
  ) );
#5488 = PCURVE('',#5291,#5489);
#5489 = DEFINITIONAL_REPRESENTATION('',(#5490),#5493);
#5490 = B_SPLINE_CURVE_WITH_KNOTS('',1,(#5491,#5492),.UNSPECIFIED.,.F.,
  .F.,(2,2),(7.5,107.74),.PIECEWISE_BEZIER_KNOTS.);
#5491 = CARTESIAN_POINT('',(0.5,-2.5));
#5492 = CARTESIAN_POINT('',(0.5,-102.74));
#5493 = ( GEOMETRIC_REPRESENTATION_CONTEXT(2) 
PARAMETRIC_REPRESENTATION_CONTEXT() REPRESENTATION_CONTEXT('2D SPACE',''
  ) );
#5494 = ORIENTED_EDGE('',*,*,#5495,.F.);
#5495 = EDGE_CURVE('',#5496,#5475,#5498,.T.);
#5496 = VERTEX_POINT('',#5497);
#5497 = CARTESIAN_POINT('',(-156.96,52.62,0.));
#5498 = SURFACE_CURVE('',#5499,(#5504,#5511),.PCURVE_S1.);
#5499 = CIRCLE('',#5500,2.5);
#5500 = AXIS2_PLACEMENT_3D('',#5501,#5502,#5503);
#5501 = CARTESIAN_POINT('',(-156.96,50.12,0.));
#5502 = DIRECTION('',(0.,0.,1.));
#5503 = DIRECTION('',(-1.,-0.,0.));
#5504 = PCURVE('',#3429,#5505);
#5505 = DEFINITIONAL_REPRESENTATION('',(#5506),#5510);
#5506 = CIRCLE('',#5507,2.5);
#5507 = AXIS2_PLACEMENT_2D('',#5508,#5509);
#5508 = CARTESIAN_POINT('',(12.5,112.74));
#5509 = DIRECTION('',(-1.,0.));
#5510 = ( GEOMETRIC_REPRESENTATION_CONTEXT(2) 
PARAMETRIC_REPRESENTATION_CONTEXT() REPRESENTATION_CONTEXT('2D SPACE',''
  ) );
#5511 = PCURVE('',#5320,#5512);
#5512 = DEFINITIONAL_REPRESENTATION('',(#5513),#5517);
#5513 = LINE('',#5514,#5515);
#5514 = CARTESIAN_POINT('',(-6.28318530718,0.5));
#5515 = VECTOR('',#5516,1.);
#5516 = DIRECTION('',(1.,-0.));
#5517 = ( GEOMETRIC_REPRESENTATION_CONTEXT(2) 
PARAMETRIC_REPRESENTATION_CONTEXT() REPRESENTATION_CONTEXT('2D SPACE',''
  ) );
#5518 = ORIENTED_EDGE('',*,*,#5519,.F.);
#5519 = EDGE_CURVE('',#5520,#5496,#5522,.T.);
#5520 = VERTEX_POINT('',#5521);
#5521 = CARTESIAN_POINT('',(0.,52.62,0.));
#5522 = SURFACE_CURVE('',#5523,(#5527,#5533),.PCURVE_S1.);
#5523 = LINE('',#5524,#5525);
#5524 = CARTESIAN_POINT('',(-164.46,52.62,0.));
#5525 = VECTOR('',#5526,1.);
#5526 = DIRECTION('',(-1.,0.,0.));
#5527 = PCURVE('',#3429,#5528);
#5528 = DEFINITIONAL_REPRESENTATION('',(#5529),#5532);
#5529 = B_SPLINE_CURVE_WITH_KNOTS('',1,(#5530,#5531),.UNSPECIFIED.,.F.,
  .F.,(2,2),(-321.42,-7.5),.PIECEWISE_BEZIER_KNOTS.);
#5530 = CARTESIAN_POINT('',(326.42,115.24));
#5531 = CARTESIAN_POINT('',(12.5,115.24));
#5532 = ( GEOMETRIC_REPRESENTATION_CONTEXT(2) 
PARAMETRIC_REPRESENTATION_CONTEXT() REPRESENTATION_CONTEXT('2D SPACE',''
  ) );
#5533 = PCURVE('',#5347,#5534);
#5534 = DEFINITIONAL_REPRESENTATION('',(#5535),#5538);
#5535 = B_SPLINE_CURVE_WITH_KNOTS('',1,(#5536,#5537),.UNSPECIFIED.,.F.,
  .F.,(2,2),(-321.42,-7.5),.PIECEWISE_BEZIER_KNOTS.);
#5536 = CARTESIAN_POINT('',(0.5,316.42));
#5537 = CARTESIAN_POINT('',(0.5,2.5));
#5538 = ( GEOMETRIC_REPRESENTATION_CONTEXT(2) 
PARAMETRIC_REPRESENTATION_CONTEXT() REPRESENTATION_CONTEXT('2D SPACE',''
  ) );
#5539 = ORIENTED_EDGE('',*,*,#5540,.T.);
#5540 = EDGE_CURVE('',#5520,#5086,#5541,.T.);
#5541 = SURFACE_CURVE('',#5542,(#5547,#5558),.PCURVE_S1.);
#5542 = CIRCLE('',#5543,1.5);
#5543 = AXIS2_PLACEMENT_3D('',#5544,#5545,#5546);
#5544 = CARTESIAN_POINT('',(0.,54.12,0.));
#5545 = DIRECTION('',(0.,0.,-1.));
#5546 = DIRECTION('',(1.,0.,0.));
#5547 = PCURVE('',#3429,#5548);
#5548 = DEFINITIONAL_REPRESENTATION('',(#5549),#5557);
#5549 = ( BOUNDED_CURVE() B_SPLINE_CURVE(2,(#5550,#5551,#5552,#5553,
#5554,#5555,#5556),.UNSPECIFIED.,.T.,.F.) B_SPLINE_CURVE_WITH_KNOTS((1,2
    ,2,2,2,1),(-2.094395102393,0.,2.094395102393,4.188790204786,
6.28318530718,8.377580409573),.UNSPECIFIED.) CURVE() 
GEOMETRIC_REPRESENTATION_ITEM() RATIONAL_B_SPLINE_CURVE((1.,0.5,1.,0.5,
1.,0.5,1.)) REPRESENTATION_ITEM('') );
#5550 = CARTESIAN_POINT('',(170.96,116.74));
#5551 = CARTESIAN_POINT('',(170.96,114.14192378864));
#5552 = CARTESIAN_POINT('',(168.71,115.44096189432));
#5553 = CARTESIAN_POINT('',(166.46,116.74));
#5554 = CARTESIAN_POINT('',(168.71,118.03903810567));
#5555 = CARTESIAN_POINT('',(170.96,119.33807621135));
#5556 = CARTESIAN_POINT('',(170.96,116.74));
#5557 = ( GEOMETRIC_REPRESENTATION_CONTEXT(2) 
PARAMETRIC_REPRESENTATION_CONTEXT() REPRESENTATION_CONTEXT('2D SPACE',''
  ) );
#5558 = PCURVE('',#5378,#5559);
#5559 = DEFINITIONAL_REPRESENTATION('',(#5560),#5564);
#5560 = LINE('',#5561,#5562);
#5561 = CARTESIAN_POINT('',(-6.28318530718,-0.5));
#5562 = VECTOR('',#5563,1.);
#5563 = DIRECTION('',(1.,-0.));
#5564 = ( GEOMETRIC_REPRESENTATION_CONTEXT(2) 
PARAMETRIC_REPRESENTATION_CONTEXT() REPRESENTATION_CONTEXT('2D SPACE',''
  ) );
#5565 = ORIENTED_EDGE('',*,*,#5085,.T.);
#5566 = ORIENTED_EDGE('',*,*,#3820,.T.);
#5567 = ORIENTED_EDGE('',*,*,#3759,.T.);
#5568 = ORIENTED_EDGE('',*,*,#4783,.F.);
#5569 = ADVANCED_FACE('',(#5570),#3462,.T.);
#5570 = FACE_BOUND('',#5571,.T.);
#5571 = EDGE_LOOP('',(#5572,#5573,#5574));
#5572 = ORIENTED_EDGE('',*,*,#3445,.F.);
#5573 = ORIENTED_EDGE('',*,*,#4853,.T.);
#5574 = ORIENTED_EDGE('',*,*,#4804,.T.);
#5575 = ADVANCED_FACE('',(#5576),#3804,.T.);
#5576 = FACE_BOUND('',#5577,.T.);
#5577 = EDGE_LOOP('',(#5578,#5579,#5580));
#5578 = ORIENTED_EDGE('',*,*,#3787,.F.);
#5579 = ORIENTED_EDGE('',*,*,#4762,.T.);
#5580 = ORIENTED_EDGE('',*,*,#5064,.F.);
#5581 = ADVANCED_FACE('',(#5582),#3993,.T.);
#5582 = FACE_BOUND('',#5583,.T.);
#5583 = EDGE_LOOP('',(#5584,#5612,#5613,#5614,#5615,#5616,#5617,#5618,
    #5619,#5620,#5621,#5649,#5680,#5707,#5736,#5763,#5792,#5817));
#5584 = ORIENTED_EDGE('',*,*,#5585,.T.);
#5585 = EDGE_CURVE('',#5586,#4641,#5588,.T.);
#5586 = VERTEX_POINT('',#5587);
#5587 = CARTESIAN_POINT('',(1.5,-54.12,4.5));
#5588 = SURFACE_CURVE('',#5589,(#5594,#5605),.PCURVE_S1.);
#5589 = CIRCLE('',#5590,1.5);
#5590 = AXIS2_PLACEMENT_3D('',#5591,#5592,#5593);
#5591 = CARTESIAN_POINT('',(0.,-54.12,4.5));
#5592 = DIRECTION('',(0.,0.,-1.));
#5593 = DIRECTION('',(1.,0.,0.));
#5594 = PCURVE('',#3993,#5595);
#5595 = DEFINITIONAL_REPRESENTATION('',(#5596),#5604);
#5596 = ( BOUNDED_CURVE() B_SPLINE_CURVE(2,(#5597,#5598,#5599,#5600,
#5601,#5602,#5603),.UNSPECIFIED.,.T.,.F.) B_SPLINE_CURVE_WITH_KNOTS((1,2
    ,2,2,2,1),(-2.094395102393,0.,2.094395102393,4.188790204786,
6.28318530718,8.377580409573),.UNSPECIFIED.) CURVE() 
GEOMETRIC_REPRESENTATION_ITEM() RATIONAL_B_SPLINE_CURVE((1.,0.5,1.,0.5,
1.,0.5,1.)) REPRESENTATION_ITEM('') );
#5597 = CARTESIAN_POINT('',(163.96,1.5));
#5598 = CARTESIAN_POINT('',(163.96,-1.098076211353));
#5599 = CARTESIAN_POINT('',(161.71,0.200961894323));
#5600 = CARTESIAN_POINT('',(159.46,1.5));
#5601 = CARTESIAN_POINT('',(161.71,2.799038105677));
#5602 = CARTESIAN_POINT('',(163.96,4.098076211353));
#5603 = CARTESIAN_POINT('',(163.96,1.5));
#5604 = ( GEOMETRIC_REPRESENTATION_CONTEXT(2) 
PARAMETRIC_REPRESENTATION_CONTEXT() REPRESENTATION_CONTEXT('2D SPACE',''
  ) );
#5605 = PCURVE('',#5208,#5606);
#5606 = DEFINITIONAL_REPRESENTATION('',(#5607),#5611);
#5607 = LINE('',#5608,#5609);
#5608 = CARTESIAN_POINT('',(-6.28318530718,-5.));
#5609 = VECTOR('',#5610,1.);
#5610 = DIRECTION('',(1.,-0.));
#5611 = ( GEOMETRIC_REPRESENTATION_CONTEXT(2) 
PARAMETRIC_REPRESENTATION_CONTEXT() REPRESENTATION_CONTEXT('2D SPACE',''
  ) );
#5612 = ORIENTED_EDGE('',*,*,#4640,.T.);
#5613 = ORIENTED_EDGE('',*,*,#4562,.F.);
#5614 = ORIENTED_EDGE('',*,*,#4510,.T.);
#5615 = ORIENTED_EDGE('',*,*,#4346,.F.);
#5616 = ORIENTED_EDGE('',*,*,#4319,.T.);
#5617 = ORIENTED_EDGE('',*,*,#4269,.T.);
#5618 = ORIENTED_EDGE('',*,*,#4195,.T.);
#5619 = ORIENTED_EDGE('',*,*,#4050,.T.);
#5620 = ORIENTED_EDGE('',*,*,#3977,.F.);
#5621 = ORIENTED_EDGE('',*,*,#5622,.T.);
#5622 = EDGE_CURVE('',#3978,#5623,#5625,.T.);
#5623 = VERTEX_POINT('',#5624);
#5624 = CARTESIAN_POINT('',(1.5,54.12,4.5));
#5625 = SURFACE_CURVE('',#5626,(#5631,#5642),.PCURVE_S1.);
#5626 = CIRCLE('',#5627,1.5);
#5627 = AXIS2_PLACEMENT_3D('',#5628,#5629,#5630);
#5628 = CARTESIAN_POINT('',(0.,54.12,4.5));
#5629 = DIRECTION('',(0.,0.,-1.));
#5630 = DIRECTION('',(1.,0.,0.));
#5631 = PCURVE('',#3993,#5632);
#5632 = DEFINITIONAL_REPRESENTATION('',(#5633),#5641);
#5633 = ( BOUNDED_CURVE() B_SPLINE_CURVE(2,(#5634,#5635,#5636,#5637,
#5638,#5639,#5640),.UNSPECIFIED.,.T.,.F.) B_SPLINE_CURVE_WITH_KNOTS((1,2
    ,2,2,2,1),(-2.094395102393,0.,2.094395102393,4.188790204786,
6.28318530718,8.377580409573),.UNSPECIFIED.) CURVE() 
GEOMETRIC_REPRESENTATION_ITEM() RATIONAL_B_SPLINE_CURVE((1.,0.5,1.,0.5,
1.,0.5,1.)) REPRESENTATION_ITEM('') );
#5634 = CARTESIAN_POINT('',(163.96,109.74));
#5635 = CARTESIAN_POINT('',(163.96,107.14192378864));
#5636 = CARTESIAN_POINT('',(161.71,108.44096189432));
#5637 = CARTESIAN_POINT('',(159.46,109.74));
#5638 = CARTESIAN_POINT('',(161.71,111.03903810567));
#5639 = CARTESIAN_POINT('',(163.96,112.33807621135));
#5640 = CARTESIAN_POINT('',(163.96,109.74));
#5641 = ( GEOMETRIC_REPRESENTATION_CONTEXT(2) 
PARAMETRIC_REPRESENTATION_CONTEXT() REPRESENTATION_CONTEXT('2D SPACE',''
  ) );
#5642 = PCURVE('',#5378,#5643);
#5643 = DEFINITIONAL_REPRESENTATION('',(#5644),#5648);
#5644 = LINE('',#5645,#5646);
#5645 = CARTESIAN_POINT('',(-6.28318530718,-5.));
#5646 = VECTOR('',#5647,1.);
#5647 = DIRECTION('',(1.,-0.));
#5648 = ( GEOMETRIC_REPRESENTATION_CONTEXT(2) 
PARAMETRIC_REPRESENTATION_CONTEXT() REPRESENTATION_CONTEXT('2D SPACE',''
  ) );
#5649 = ORIENTED_EDGE('',*,*,#5650,.T.);
#5650 = EDGE_CURVE('',#5623,#5333,#5651,.T.);
#5651 = SURFACE_CURVE('',#5652,(#5657,#5668),.PCURVE_S1.);
#5652 = CIRCLE('',#5653,1.5);
#5653 = AXIS2_PLACEMENT_3D('',#5654,#5655,#5656);
#5654 = CARTESIAN_POINT('',(0.,54.12,4.5));
#5655 = DIRECTION('',(0.,0.,-1.));
#5656 = DIRECTION('',(1.,0.,0.));
#5657 = PCURVE('',#3993,#5658);
#5658 = DEFINITIONAL_REPRESENTATION('',(#5659),#5667);
#5659 = ( BOUNDED_CURVE() B_SPLINE_CURVE(2,(#5660,#5661,#5662,#5663,
#5664,#5665,#5666),.UNSPECIFIED.,.T.,.F.) B_SPLINE_CURVE_WITH_KNOTS((1,2
    ,2,2,2,1),(-2.094395102393,0.,2.094395102393,4.188790204786,
6.28318530718,8.377580409573),.UNSPECIFIED.) CURVE() 
GEOMETRIC_REPRESENTATION_ITEM() RATIONAL_B_SPLINE_CURVE((1.,0.5,1.,0.5,
1.,0.5,1.)) REPRESENTATION_ITEM('') );
#5660 = CARTESIAN_POINT('',(163.96,109.74));
#5661 = CARTESIAN_POINT('',(163.96,107.14192378864));
#5662 = CARTESIAN_POINT('',(161.71,108.44096189432));
#5663 = CARTESIAN_POINT('',(159.46,109.74));
#5664 = CARTESIAN_POINT('',(161.71,111.03903810567));
#5665 = CARTESIAN_POINT('',(163.96,112.33807621135));
#5666 = CARTESIAN_POINT('',(163.96,109.74));
#5667 = ( GEOMETRIC_REPRESENTATION_CONTEXT(2) 
PARAMETRIC_REPRESENTATION_CONTEXT() REPRESENTATION_CONTEXT('2D SPACE',''
  ) );
#5668 = PCURVE('',#5669,#5674);
#5669 = CYLINDRICAL_SURFACE('',#5670,1.5);
#5670 = AXIS2_PLACEMENT_3D('',#5671,#5672,#5673);
#5671 = CARTESIAN_POINT('',(0.,54.12,-0.5));
#5672 = DIRECTION('',(-0.,-0.,-1.));
#5673 = DIRECTION('',(1.,0.,0.));
#5674 = DEFINITIONAL_REPRESENTATION('',(#5675),#5679);
#5675 = LINE('',#5676,#5677);
#5676 = CARTESIAN_POINT('',(-6.28318530718,-5.));
#5677 = VECTOR('',#5678,1.);
#5678 = DIRECTION('',(1.,-0.));
#5679 = ( GEOMETRIC_REPRESENTATION_CONTEXT(2) 
PARAMETRIC_REPRESENTATION_CONTEXT() REPRESENTATION_CONTEXT('2D SPACE',''
  ) );
#5680 = ORIENTED_EDGE('',*,*,#5681,.F.);
#5681 = EDGE_CURVE('',#5682,#5333,#5684,.T.);
#5682 = VERTEX_POINT('',#5683);
#5683 = CARTESIAN_POINT('',(156.96,52.62,4.5));
#5684 = SURFACE_CURVE('',#5685,(#5689,#5695),.PCURVE_S1.);
#5685 = LINE('',#5686,#5687);
#5686 = CARTESIAN_POINT('',(-160.96,52.62,4.5));
#5687 = VECTOR('',#5688,1.);
#5688 = DIRECTION('',(-1.,0.,0.));
#5689 = PCURVE('',#3993,#5690);
#5690 = DEFINITIONAL_REPRESENTATION('',(#5691),#5694);
#5691 = B_SPLINE_CURVE_WITH_KNOTS('',1,(#5692,#5693),.UNSPECIFIED.,.F.,
  .F.,(2,2),(-317.92,-4.),.PIECEWISE_BEZIER_KNOTS.);
#5692 = CARTESIAN_POINT('',(319.42,108.24));
#5693 = CARTESIAN_POINT('',(5.5,108.24));
#5694 = ( GEOMETRIC_REPRESENTATION_CONTEXT(2) 
PARAMETRIC_REPRESENTATION_CONTEXT() REPRESENTATION_CONTEXT('2D SPACE',''
  ) );
#5695 = PCURVE('',#5696,#5701);
#5696 = PLANE('',#5697);
#5697 = AXIS2_PLACEMENT_3D('',#5698,#5699,#5700);
#5698 = CARTESIAN_POINT('',(-159.46,52.62,-0.5));
#5699 = DIRECTION('',(0.,1.,0.));
#5700 = DIRECTION('',(0.,0.,1.));
#5701 = DEFINITIONAL_REPRESENTATION('',(#5702),#5706);
#5702 = LINE('',#5703,#5704);
#5703 = CARTESIAN_POINT('',(5.,-1.5));
#5704 = VECTOR('',#5705,1.);
#5705 = DIRECTION('',(0.,-1.));
#5706 = ( GEOMETRIC_REPRESENTATION_CONTEXT(2) 
PARAMETRIC_REPRESENTATION_CONTEXT() REPRESENTATION_CONTEXT('2D SPACE',''
  ) );
#5707 = ORIENTED_EDGE('',*,*,#5708,.F.);
#5708 = EDGE_CURVE('',#5709,#5682,#5711,.T.);
#5709 = VERTEX_POINT('',#5710);
#5710 = CARTESIAN_POINT('',(159.46,50.12,4.5));
#5711 = SURFACE_CURVE('',#5712,(#5717,#5724),.PCURVE_S1.);
#5712 = CIRCLE('',#5713,2.5);
#5713 = AXIS2_PLACEMENT_3D('',#5714,#5715,#5716);
#5714 = CARTESIAN_POINT('',(156.96,50.12,4.5));
#5715 = DIRECTION('',(0.,0.,1.));
#5716 = DIRECTION('',(1.,0.,-0.));
#5717 = PCURVE('',#3993,#5718);
#5718 = DEFINITIONAL_REPRESENTATION('',(#5719),#5723);
#5719 = CIRCLE('',#5720,2.5);
#5720 = AXIS2_PLACEMENT_2D('',#5721,#5722);
#5721 = CARTESIAN_POINT('',(319.42,105.74));
#5722 = DIRECTION('',(1.,0.));
#5723 = ( GEOMETRIC_REPRESENTATION_CONTEXT(2) 
PARAMETRIC_REPRESENTATION_CONTEXT() REPRESENTATION_CONTEXT('2D SPACE',''
  ) );
#5724 = PCURVE('',#5725,#5730);
#5725 = CYLINDRICAL_SURFACE('',#5726,2.5);
#5726 = AXIS2_PLACEMENT_3D('',#5727,#5728,#5729);
#5727 = CARTESIAN_POINT('',(156.96,50.12,-0.5));
#5728 = DIRECTION('',(0.,0.,1.));
#5729 = DIRECTION('',(1.,0.,-0.));
#5730 = DEFINITIONAL_REPRESENTATION('',(#5731),#5735);
#5731 = LINE('',#5732,#5733);
#5732 = CARTESIAN_POINT('',(0.,5.));
#5733 = VECTOR('',#5734,1.);
#5734 = DIRECTION('',(1.,0.));
#5735 = ( GEOMETRIC_REPRESENTATION_CONTEXT(2) 
PARAMETRIC_REPRESENTATION_CONTEXT() REPRESENTATION_CONTEXT('2D SPACE',''
  ) );
#5736 = ORIENTED_EDGE('',*,*,#5737,.F.);
#5737 = EDGE_CURVE('',#5738,#5709,#5740,.T.);
#5738 = VERTEX_POINT('',#5739);
#5739 = CARTESIAN_POINT('',(159.46,-50.12,4.5));
#5740 = SURFACE_CURVE('',#5741,(#5745,#5751),.PCURVE_S1.);
#5741 = LINE('',#5742,#5743);
#5742 = CARTESIAN_POINT('',(159.46,-54.12,4.5));
#5743 = VECTOR('',#5744,1.);
#5744 = DIRECTION('',(0.,1.,0.));
#5745 = PCURVE('',#3993,#5746);
#5746 = DEFINITIONAL_REPRESENTATION('',(#5747),#5750);
#5747 = B_SPLINE_CURVE_WITH_KNOTS('',1,(#5748,#5749),.UNSPECIFIED.,.F.,
  .F.,(2,2),(4.,104.24),.PIECEWISE_BEZIER_KNOTS.);
#5748 = CARTESIAN_POINT('',(321.92,5.5));
#5749 = CARTESIAN_POINT('',(321.92,105.74));
#5750 = ( GEOMETRIC_REPRESENTATION_CONTEXT(2) 
PARAMETRIC_REPRESENTATION_CONTEXT() REPRESENTATION_CONTEXT('2D SPACE',''
  ) );
#5751 = PCURVE('',#5752,#5757);
#5752 = PLANE('',#5753);
#5753 = AXIS2_PLACEMENT_3D('',#5754,#5755,#5756);
#5754 = CARTESIAN_POINT('',(159.46,-52.62,-0.5));
#5755 = DIRECTION('',(1.,0.,0.));
#5756 = DIRECTION('',(0.,0.,1.));
#5757 = DEFINITIONAL_REPRESENTATION('',(#5758),#5762);
#5758 = LINE('',#5759,#5760);
#5759 = CARTESIAN_POINT('',(5.,1.5));
#5760 = VECTOR('',#5761,1.);
#5761 = DIRECTION('',(0.,-1.));
#5762 = ( GEOMETRIC_REPRESENTATION_CONTEXT(2) 
PARAMETRIC_REPRESENTATION_CONTEXT() REPRESENTATION_CONTEXT('2D SPACE',''
  ) );
#5763 = ORIENTED_EDGE('',*,*,#5764,.F.);
#5764 = EDGE_CURVE('',#5765,#5738,#5767,.T.);
#5765 = VERTEX_POINT('',#5766);
#5766 = CARTESIAN_POINT('',(156.96,-52.62,4.5));
#5767 = SURFACE_CURVE('',#5768,(#5773,#5780),.PCURVE_S1.);
#5768 = CIRCLE('',#5769,2.5);
#5769 = AXIS2_PLACEMENT_3D('',#5770,#5771,#5772);
#5770 = CARTESIAN_POINT('',(156.96,-50.12,4.5));
#5771 = DIRECTION('',(0.,0.,1.));
#5772 = DIRECTION('',(1.,0.,-0.));
#5773 = PCURVE('',#3993,#5774);
#5774 = DEFINITIONAL_REPRESENTATION('',(#5775),#5779);
#5775 = CIRCLE('',#5776,2.5);
#5776 = AXIS2_PLACEMENT_2D('',#5777,#5778);
#5777 = CARTESIAN_POINT('',(319.42,5.5));
#5778 = DIRECTION('',(1.,0.));
#5779 = ( GEOMETRIC_REPRESENTATION_CONTEXT(2) 
PARAMETRIC_REPRESENTATION_CONTEXT() REPRESENTATION_CONTEXT('2D SPACE',''
  ) );
#5780 = PCURVE('',#5781,#5786);
#5781 = CYLINDRICAL_SURFACE('',#5782,2.5);
#5782 = AXIS2_PLACEMENT_3D('',#5783,#5784,#5785);
#5783 = CARTESIAN_POINT('',(156.96,-50.12,-0.5));
#5784 = DIRECTION('',(0.,0.,1.));
#5785 = DIRECTION('',(1.,0.,-0.));
#5786 = DEFINITIONAL_REPRESENTATION('',(#5787),#5791);
#5787 = LINE('',#5788,#5789);
#5788 = CARTESIAN_POINT('',(-6.28318530718,5.));
#5789 = VECTOR('',#5790,1.);
#5790 = DIRECTION('',(1.,-0.));
#5791 = ( GEOMETRIC_REPRESENTATION_CONTEXT(2) 
PARAMETRIC_REPRESENTATION_CONTEXT() REPRESENTATION_CONTEXT('2D SPACE',''
  ) );
#5792 = ORIENTED_EDGE('',*,*,#5793,.T.);
#5793 = EDGE_CURVE('',#5765,#5188,#5794,.T.);
#5794 = SURFACE_CURVE('',#5795,(#5799,#5805),.PCURVE_S1.);
#5795 = LINE('',#5796,#5797);
#5796 = CARTESIAN_POINT('',(-160.96,-52.62,4.5));
#5797 = VECTOR('',#5798,1.);
#5798 = DIRECTION('',(-1.,0.,0.));
#5799 = PCURVE('',#3993,#5800);
#5800 = DEFINITIONAL_REPRESENTATION('',(#5801),#5804);
#5801 = B_SPLINE_CURVE_WITH_KNOTS('',1,(#5802,#5803),.UNSPECIFIED.,.F.,
  .F.,(2,2),(-317.92,-4.),.PIECEWISE_BEZIER_KNOTS.);
#5802 = CARTESIAN_POINT('',(319.42,3.));
#5803 = CARTESIAN_POINT('',(5.5,3.));
#5804 = ( GEOMETRIC_REPRESENTATION_CONTEXT(2) 
PARAMETRIC_REPRESENTATION_CONTEXT() REPRESENTATION_CONTEXT('2D SPACE',''
  ) );
#5805 = PCURVE('',#5806,#5811);
#5806 = PLANE('',#5807);
#5807 = AXIS2_PLACEMENT_3D('',#5808,#5809,#5810);
#5808 = CARTESIAN_POINT('',(-159.46,-52.62,-0.5));
#5809 = DIRECTION('',(0.,1.,0.));
#5810 = DIRECTION('',(0.,0.,1.));
#5811 = DEFINITIONAL_REPRESENTATION('',(#5812),#5816);
#5812 = LINE('',#5813,#5814);
#5813 = CARTESIAN_POINT('',(5.,-1.5));
#5814 = VECTOR('',#5815,1.);
#5815 = DIRECTION('',(0.,-1.));
#5816 = ( GEOMETRIC_REPRESENTATION_CONTEXT(2) 
PARAMETRIC_REPRESENTATION_CONTEXT() REPRESENTATION_CONTEXT('2D SPACE',''
  ) );
#5817 = ORIENTED_EDGE('',*,*,#5818,.T.);
#5818 = EDGE_CURVE('',#5188,#5586,#5819,.T.);
#5819 = SURFACE_CURVE('',#5820,(#5825,#5836),.PCURVE_S1.);
#5820 = CIRCLE('',#5821,1.5);
#5821 = AXIS2_PLACEMENT_3D('',#5822,#5823,#5824);
#5822 = CARTESIAN_POINT('',(0.,-54.12,4.5));
#5823 = DIRECTION('',(0.,0.,-1.));
#5824 = DIRECTION('',(1.,0.,0.));
#5825 = PCURVE('',#3993,#5826);
#5826 = DEFINITIONAL_REPRESENTATION('',(#5827),#5835);
#5827 = ( BOUNDED_CURVE() B_SPLINE_CURVE(2,(#5828,#5829,#5830,#5831,
#5832,#5833,#5834),.UNSPECIFIED.,.T.,.F.) B_SPLINE_CURVE_WITH_KNOTS((1,2
    ,2,2,2,1),(-2.094395102393,0.,2.094395102393,4.188790204786,
6.28318530718,8.377580409573),.UNSPECIFIED.) CURVE() 
GEOMETRIC_REPRESENTATION_ITEM() RATIONAL_B_SPLINE_CURVE((1.,0.5,1.,0.5,
1.,0.5,1.)) REPRESENTATION_ITEM('') );
#5828 = CARTESIAN_POINT('',(163.96,1.5));
#5829 = CARTESIAN_POINT('',(163.96,-1.098076211353));
#5830 = CARTESIAN_POINT('',(161.71,0.200961894323));
#5831 = CARTESIAN_POINT('',(159.46,1.5));
#5832 = CARTESIAN_POINT('',(161.71,2.799038105677));
#5833 = CARTESIAN_POINT('',(163.96,4.098076211353));
#5834 = CARTESIAN_POINT('',(163.96,1.5));
#5835 = ( GEOMETRIC_REPRESENTATION_CONTEXT(2) 
PARAMETRIC_REPRESENTATION_CONTEXT() REPRESENTATION_CONTEXT('2D SPACE',''
  ) );
#5836 = PCURVE('',#5837,#5842);
#5837 = CYLINDRICAL_SURFACE('',#5838,1.5);
#5838 = AXIS2_PLACEMENT_3D('',#5839,#5840,#5841);
#5839 = CARTESIAN_POINT('',(0.,-54.12,-0.5));
#5840 = DIRECTION('',(-0.,-0.,-1.));
#5841 = DIRECTION('',(1.,0.,0.));
#5842 = DEFINITIONAL_REPRESENTATION('',(#5843),#5847);
#5843 = LINE('',#5844,#5845);
#5844 = CARTESIAN_POINT('',(-6.28318530718,-5.));
#5845 = VECTOR('',#5846,1.);
#5846 = DIRECTION('',(1.,-0.));
#5847 = ( GEOMETRIC_REPRESENTATION_CONTEXT(2) 
PARAMETRIC_REPRESENTATION_CONTEXT() REPRESENTATION_CONTEXT('2D SPACE',''
  ) );
#5848 = ADVANCED_FACE('',(#5849),#4117,.T.);
#5849 = FACE_BOUND('',#5850,.T.);
#5850 = EDGE_LOOP('',(#5851,#5852,#5853,#5854));
#5851 = ORIENTED_EDGE('',*,*,#4995,.F.);
#5852 = ORIENTED_EDGE('',*,*,#4100,.F.);
#5853 = ORIENTED_EDGE('',*,*,#4166,.F.);
#5854 = ORIENTED_EDGE('',*,*,#5157,.F.);
#5855 = ADVANCED_FACE('',(#5856),#4150,.F.);
#5856 = FACE_BOUND('',#5857,.F.);
#5857 = EDGE_LOOP('',(#5858,#5886,#5887,#5888,#5889,#5890,#5891,#5919,
    #5945,#5966,#5990,#6011,#6035,#6054));
#5858 = ORIENTED_EDGE('',*,*,#5859,.T.);
#5859 = EDGE_CURVE('',#5860,#4898,#5862,.T.);
#5860 = VERTEX_POINT('',#5861);
#5861 = CARTESIAN_POINT('',(1.5,-54.12,0.));
#5862 = SURFACE_CURVE('',#5863,(#5868,#5879),.PCURVE_S1.);
#5863 = CIRCLE('',#5864,1.5);
#5864 = AXIS2_PLACEMENT_3D('',#5865,#5866,#5867);
#5865 = CARTESIAN_POINT('',(0.,-54.12,0.));
#5866 = DIRECTION('',(0.,0.,-1.));
#5867 = DIRECTION('',(1.,0.,0.));
#5868 = PCURVE('',#4150,#5869);
#5869 = DEFINITIONAL_REPRESENTATION('',(#5870),#5878);
#5870 = ( BOUNDED_CURVE() B_SPLINE_CURVE(2,(#5871,#5872,#5873,#5874,
#5875,#5876,#5877),.UNSPECIFIED.,.T.,.F.) B_SPLINE_CURVE_WITH_KNOTS((1,2
    ,2,2,2,1),(-2.094395102393,0.,2.094395102393,4.188790204786,
6.28318530718,8.377580409573),.UNSPECIFIED.) CURVE() 
GEOMETRIC_REPRESENTATION_ITEM() RATIONAL_B_SPLINE_CURVE((1.,0.5,1.,0.5,
1.,0.5,1.)) REPRESENTATION_ITEM('') );
#5871 = CARTESIAN_POINT('',(170.96,8.5));
#5872 = CARTESIAN_POINT('',(170.96,5.901923788647));
#5873 = CARTESIAN_POINT('',(168.71,7.200961894323));
#5874 = CARTESIAN_POINT('',(166.46,8.5));
#5875 = CARTESIAN_POINT('',(168.71,9.799038105677));
#5876 = CARTESIAN_POINT('',(170.96,11.098076211353));
#5877 = CARTESIAN_POINT('',(170.96,8.5));
#5878 = ( GEOMETRIC_REPRESENTATION_CONTEXT(2) 
PARAMETRIC_REPRESENTATION_CONTEXT() REPRESENTATION_CONTEXT('2D SPACE',''
  ) );
#5879 = PCURVE('',#5208,#5880);
#5880 = DEFINITIONAL_REPRESENTATION('',(#5881),#5885);
#5881 = LINE('',#5882,#5883);
#5882 = CARTESIAN_POINT('',(-6.28318530718,-0.5));
#5883 = VECTOR('',#5884,1.);
#5884 = DIRECTION('',(1.,-0.));
#5885 = ( GEOMETRIC_REPRESENTATION_CONTEXT(2) 
PARAMETRIC_REPRESENTATION_CONTEXT() REPRESENTATION_CONTEXT('2D SPACE',''
  ) );
#5886 = ORIENTED_EDGE('',*,*,#4925,.F.);
#5887 = ORIENTED_EDGE('',*,*,#4453,.T.);
#5888 = ORIENTED_EDGE('',*,*,#5016,.T.);
#5889 = ORIENTED_EDGE('',*,*,#4133,.T.);
#5890 = ORIENTED_EDGE('',*,*,#5136,.T.);
#5891 = ORIENTED_EDGE('',*,*,#5892,.T.);
#5892 = EDGE_CURVE('',#5109,#5893,#5895,.T.);
#5893 = VERTEX_POINT('',#5894);
#5894 = CARTESIAN_POINT('',(1.5,54.12,0.));
#5895 = SURFACE_CURVE('',#5896,(#5901,#5912),.PCURVE_S1.);
#5896 = CIRCLE('',#5897,1.5);
#5897 = AXIS2_PLACEMENT_3D('',#5898,#5899,#5900);
#5898 = CARTESIAN_POINT('',(0.,54.12,0.));
#5899 = DIRECTION('',(0.,0.,-1.));
#5900 = DIRECTION('',(1.,0.,0.));
#5901 = PCURVE('',#4150,#5902);
#5902 = DEFINITIONAL_REPRESENTATION('',(#5903),#5911);
#5903 = ( BOUNDED_CURVE() B_SPLINE_CURVE(2,(#5904,#5905,#5906,#5907,
#5908,#5909,#5910),.UNSPECIFIED.,.T.,.F.) B_SPLINE_CURVE_WITH_KNOTS((1,2
    ,2,2,2,1),(-2.094395102393,0.,2.094395102393,4.188790204786,
6.28318530718,8.377580409573),.UNSPECIFIED.) CURVE() 
GEOMETRIC_REPRESENTATION_ITEM() RATIONAL_B_SPLINE_CURVE((1.,0.5,1.,0.5,
1.,0.5,1.)) REPRESENTATION_ITEM('') );
#5904 = CARTESIAN_POINT('',(170.96,116.74));
#5905 = CARTESIAN_POINT('',(170.96,114.14192378864));
#5906 = CARTESIAN_POINT('',(168.71,115.44096189432));
#5907 = CARTESIAN_POINT('',(166.46,116.74));
#5908 = CARTESIAN_POINT('',(168.71,118.03903810567));
#5909 = CARTESIAN_POINT('',(170.96,119.33807621135));
#5910 = CARTESIAN_POINT('',(170.96,116.74));
#5911 = ( GEOMETRIC_REPRESENTATION_CONTEXT(2) 
PARAMETRIC_REPRESENTATION_CONTEXT() REPRESENTATION_CONTEXT('2D SPACE',''
  ) );
#5912 = PCURVE('',#5378,#5913);
#5913 = DEFINITIONAL_REPRESENTATION('',(#5914),#5918);
#5914 = LINE('',#5915,#5916);
#5915 = CARTESIAN_POINT('',(-6.28318530718,-0.5));
#5916 = VECTOR('',#5917,1.);
#5917 = DIRECTION('',(1.,-0.));
#5918 = ( GEOMETRIC_REPRESENTATION_CONTEXT(2) 
PARAMETRIC_REPRESENTATION_CONTEXT() REPRESENTATION_CONTEXT('2D SPACE',''
  ) );
#5919 = ORIENTED_EDGE('',*,*,#5920,.T.);
#5920 = EDGE_CURVE('',#5893,#5520,#5921,.T.);
#5921 = SURFACE_CURVE('',#5922,(#5927,#5938),.PCURVE_S1.);
#5922 = CIRCLE('',#5923,1.5);
#5923 = AXIS2_PLACEMENT_3D('',#5924,#5925,#5926);
#5924 = CARTESIAN_POINT('',(0.,54.12,0.));
#5925 = DIRECTION('',(0.,0.,-1.));
#5926 = DIRECTION('',(1.,0.,0.));
#5927 = PCURVE('',#4150,#5928);
#5928 = DEFINITIONAL_REPRESENTATION('',(#5929),#5937);
#5929 = ( BOUNDED_CURVE() B_SPLINE_CURVE(2,(#5930,#5931,#5932,#5933,
#5934,#5935,#5936),.UNSPECIFIED.,.T.,.F.) B_SPLINE_CURVE_WITH_KNOTS((1,2
    ,2,2,2,1),(-2.094395102393,0.,2.094395102393,4.188790204786,
6.28318530718,8.377580409573),.UNSPECIFIED.) CURVE() 
GEOMETRIC_REPRESENTATION_ITEM() RATIONAL_B_SPLINE_CURVE((1.,0.5,1.,0.5,
1.,0.5,1.)) REPRESENTATION_ITEM('') );
#5930 = CARTESIAN_POINT('',(170.96,116.74));
#5931 = CARTESIAN_POINT('',(170.96,114.14192378864));
#5932 = CARTESIAN_POINT('',(168.71,115.44096189432));
#5933 = CARTESIAN_POINT('',(166.46,116.74));
#5934 = CARTESIAN_POINT('',(168.71,118.03903810567));
#5935 = CARTESIAN_POINT('',(170.96,119.33807621135));
#5936 = CARTESIAN_POINT('',(170.96,116.74));
#5937 = ( GEOMETRIC_REPRESENTATION_CONTEXT(2) 
PARAMETRIC_REPRESENTATION_CONTEXT() REPRESENTATION_CONTEXT('2D SPACE',''
  ) );
#5938 = PCURVE('',#5669,#5939);
#5939 = DEFINITIONAL_REPRESENTATION('',(#5940),#5944);
#5940 = LINE('',#5941,#5942);
#5941 = CARTESIAN_POINT('',(-6.28318530718,-0.5));
#5942 = VECTOR('',#5943,1.);
#5943 = DIRECTION('',(1.,-0.));
#5944 = ( GEOMETRIC_REPRESENTATION_CONTEXT(2) 
PARAMETRIC_REPRESENTATION_CONTEXT() REPRESENTATION_CONTEXT('2D SPACE',''
  ) );
#5945 = ORIENTED_EDGE('',*,*,#5946,.F.);
#5946 = EDGE_CURVE('',#5947,#5520,#5949,.T.);
#5947 = VERTEX_POINT('',#5948);
#5948 = CARTESIAN_POINT('',(156.96,52.62,0.));
#5949 = SURFACE_CURVE('',#5950,(#5954,#5960),.PCURVE_S1.);
#5950 = LINE('',#5951,#5952);
#5951 = CARTESIAN_POINT('',(-164.46,52.62,0.));
#5952 = VECTOR('',#5953,1.);
#5953 = DIRECTION('',(-1.,0.,0.));
#5954 = PCURVE('',#4150,#5955);
#5955 = DEFINITIONAL_REPRESENTATION('',(#5956),#5959);
#5956 = B_SPLINE_CURVE_WITH_KNOTS('',1,(#5957,#5958),.UNSPECIFIED.,.F.,
  .F.,(2,2),(-321.42,-7.5),.PIECEWISE_BEZIER_KNOTS.);
#5957 = CARTESIAN_POINT('',(326.42,115.24));
#5958 = CARTESIAN_POINT('',(12.5,115.24));
#5959 = ( GEOMETRIC_REPRESENTATION_CONTEXT(2) 
PARAMETRIC_REPRESENTATION_CONTEXT() REPRESENTATION_CONTEXT('2D SPACE',''
  ) );
#5960 = PCURVE('',#5696,#5961);
#5961 = DEFINITIONAL_REPRESENTATION('',(#5962),#5965);
#5962 = B_SPLINE_CURVE_WITH_KNOTS('',1,(#5963,#5964),.UNSPECIFIED.,.F.,
  .F.,(2,2),(-321.42,-7.5),.PIECEWISE_BEZIER_KNOTS.);
#5963 = CARTESIAN_POINT('',(0.5,316.42));
#5964 = CARTESIAN_POINT('',(0.5,2.5));
#5965 = ( GEOMETRIC_REPRESENTATION_CONTEXT(2) 
PARAMETRIC_REPRESENTATION_CONTEXT() REPRESENTATION_CONTEXT('2D SPACE',''
  ) );
#5966 = ORIENTED_EDGE('',*,*,#5967,.F.);
#5967 = EDGE_CURVE('',#5968,#5947,#5970,.T.);
#5968 = VERTEX_POINT('',#5969);
#5969 = CARTESIAN_POINT('',(159.46,50.12,0.));
#5970 = SURFACE_CURVE('',#5971,(#5976,#5983),.PCURVE_S1.);
#5971 = CIRCLE('',#5972,2.5);
#5972 = AXIS2_PLACEMENT_3D('',#5973,#5974,#5975);
#5973 = CARTESIAN_POINT('',(156.96,50.12,0.));
#5974 = DIRECTION('',(0.,0.,1.));
#5975 = DIRECTION('',(1.,0.,-0.));
#5976 = PCURVE('',#4150,#5977);
#5977 = DEFINITIONAL_REPRESENTATION('',(#5978),#5982);
#5978 = CIRCLE('',#5979,2.5);
#5979 = AXIS2_PLACEMENT_2D('',#5980,#5981);
#5980 = CARTESIAN_POINT('',(326.42,112.74));
#5981 = DIRECTION('',(1.,0.));
#5982 = ( GEOMETRIC_REPRESENTATION_CONTEXT(2) 
PARAMETRIC_REPRESENTATION_CONTEXT() REPRESENTATION_CONTEXT('2D SPACE',''
  ) );
#5983 = PCURVE('',#5725,#5984);
#5984 = DEFINITIONAL_REPRESENTATION('',(#5985),#5989);
#5985 = LINE('',#5986,#5987);
#5986 = CARTESIAN_POINT('',(0.,0.5));
#5987 = VECTOR('',#5988,1.);
#5988 = DIRECTION('',(1.,0.));
#5989 = ( GEOMETRIC_REPRESENTATION_CONTEXT(2) 
PARAMETRIC_REPRESENTATION_CONTEXT() REPRESENTATION_CONTEXT('2D SPACE',''
  ) );
#5990 = ORIENTED_EDGE('',*,*,#5991,.F.);
#5991 = EDGE_CURVE('',#5992,#5968,#5994,.T.);
#5992 = VERTEX_POINT('',#5993);
#5993 = CARTESIAN_POINT('',(159.46,-50.12,0.));
#5994 = SURFACE_CURVE('',#5995,(#5999,#6005),.PCURVE_S1.);
#5995 = LINE('',#5996,#5997);
#5996 = CARTESIAN_POINT('',(159.46,-57.62,0.));
#5997 = VECTOR('',#5998,1.);
#5998 = DIRECTION('',(0.,1.,0.));
#5999 = PCURVE('',#4150,#6000);
#6000 = DEFINITIONAL_REPRESENTATION('',(#6001),#6004);
#6001 = B_SPLINE_CURVE_WITH_KNOTS('',1,(#6002,#6003),.UNSPECIFIED.,.F.,
  .F.,(2,2),(7.5,107.74),.PIECEWISE_BEZIER_KNOTS.);
#6002 = CARTESIAN_POINT('',(328.92,12.5));
#6003 = CARTESIAN_POINT('',(328.92,112.74));
#6004 = ( GEOMETRIC_REPRESENTATION_CONTEXT(2) 
PARAMETRIC_REPRESENTATION_CONTEXT() REPRESENTATION_CONTEXT('2D SPACE',''
  ) );
#6005 = PCURVE('',#5752,#6006);
#6006 = DEFINITIONAL_REPRESENTATION('',(#6007),#6010);
#6007 = B_SPLINE_CURVE_WITH_KNOTS('',1,(#6008,#6009),.UNSPECIFIED.,.F.,
  .F.,(2,2),(7.5,107.74),.PIECEWISE_BEZIER_KNOTS.);
#6008 = CARTESIAN_POINT('',(0.5,-2.5));
#6009 = CARTESIAN_POINT('',(0.5,-102.74));
#6010 = ( GEOMETRIC_REPRESENTATION_CONTEXT(2) 
PARAMETRIC_REPRESENTATION_CONTEXT() REPRESENTATION_CONTEXT('2D SPACE',''
  ) );
#6011 = ORIENTED_EDGE('',*,*,#6012,.F.);
#6012 = EDGE_CURVE('',#6013,#5992,#6015,.T.);
#6013 = VERTEX_POINT('',#6014);
#6014 = CARTESIAN_POINT('',(156.96,-52.62,0.));
#6015 = SURFACE_CURVE('',#6016,(#6021,#6028),.PCURVE_S1.);
#6016 = CIRCLE('',#6017,2.5);
#6017 = AXIS2_PLACEMENT_3D('',#6018,#6019,#6020);
#6018 = CARTESIAN_POINT('',(156.96,-50.12,0.));
#6019 = DIRECTION('',(0.,0.,1.));
#6020 = DIRECTION('',(1.,0.,-0.));
#6021 = PCURVE('',#4150,#6022);
#6022 = DEFINITIONAL_REPRESENTATION('',(#6023),#6027);
#6023 = CIRCLE('',#6024,2.5);
#6024 = AXIS2_PLACEMENT_2D('',#6025,#6026);
#6025 = CARTESIAN_POINT('',(326.42,12.5));
#6026 = DIRECTION('',(1.,0.));
#6027 = ( GEOMETRIC_REPRESENTATION_CONTEXT(2) 
PARAMETRIC_REPRESENTATION_CONTEXT() REPRESENTATION_CONTEXT('2D SPACE',''
  ) );
#6028 = PCURVE('',#5781,#6029);
#6029 = DEFINITIONAL_REPRESENTATION('',(#6030),#6034);
#6030 = LINE('',#6031,#6032);
#6031 = CARTESIAN_POINT('',(-6.28318530718,0.5));
#6032 = VECTOR('',#6033,1.);
#6033 = DIRECTION('',(1.,-0.));
#6034 = ( GEOMETRIC_REPRESENTATION_CONTEXT(2) 
PARAMETRIC_REPRESENTATION_CONTEXT() REPRESENTATION_CONTEXT('2D SPACE',''
  ) );
#6035 = ORIENTED_EDGE('',*,*,#6036,.T.);
#6036 = EDGE_CURVE('',#6013,#5402,#6037,.T.);
#6037 = SURFACE_CURVE('',#6038,(#6042,#6048),.PCURVE_S1.);
#6038 = LINE('',#6039,#6040);
#6039 = CARTESIAN_POINT('',(-164.46,-52.62,0.));
#6040 = VECTOR('',#6041,1.);
#6041 = DIRECTION('',(-1.,0.,0.));
#6042 = PCURVE('',#4150,#6043);
#6043 = DEFINITIONAL_REPRESENTATION('',(#6044),#6047);
#6044 = B_SPLINE_CURVE_WITH_KNOTS('',1,(#6045,#6046),.UNSPECIFIED.,.F.,
  .F.,(2,2),(-321.42,-7.5),.PIECEWISE_BEZIER_KNOTS.);
#6045 = CARTESIAN_POINT('',(326.42,10.));
#6046 = CARTESIAN_POINT('',(12.5,10.));
#6047 = ( GEOMETRIC_REPRESENTATION_CONTEXT(2) 
PARAMETRIC_REPRESENTATION_CONTEXT() REPRESENTATION_CONTEXT('2D SPACE',''
  ) );
#6048 = PCURVE('',#5806,#6049);
#6049 = DEFINITIONAL_REPRESENTATION('',(#6050),#6053);
#6050 = B_SPLINE_CURVE_WITH_KNOTS('',1,(#6051,#6052),.UNSPECIFIED.,.F.,
  .F.,(2,2),(-321.42,-7.5),.PIECEWISE_BEZIER_KNOTS.);
#6051 = CARTESIAN_POINT('',(0.5,316.42));
#6052 = CARTESIAN_POINT('',(0.5,2.5));
#6053 = ( GEOMETRIC_REPRESENTATION_CONTEXT(2) 
PARAMETRIC_REPRESENTATION_CONTEXT() REPRESENTATION_CONTEXT('2D SPACE',''
  ) );
#6054 = ORIENTED_EDGE('',*,*,#6055,.T.);
#6055 = EDGE_CURVE('',#5402,#5860,#6056,.T.);
#6056 = SURFACE_CURVE('',#6057,(#6062,#6073),.PCURVE_S1.);
#6057 = CIRCLE('',#6058,1.5);
#6058 = AXIS2_PLACEMENT_3D('',#6059,#6060,#6061);
#6059 = CARTESIAN_POINT('',(0.,-54.12,0.));
#6060 = DIRECTION('',(0.,0.,-1.));
#6061 = DIRECTION('',(1.,0.,0.));
#6062 = PCURVE('',#4150,#6063);
#6063 = DEFINITIONAL_REPRESENTATION('',(#6064),#6072);
#6064 = ( BOUNDED_CURVE() B_SPLINE_CURVE(2,(#6065,#6066,#6067,#6068,
#6069,#6070,#6071),.UNSPECIFIED.,.T.,.F.) B_SPLINE_CURVE_WITH_KNOTS((1,2
    ,2,2,2,1),(-2.094395102393,0.,2.094395102393,4.188790204786,
6.28318530718,8.377580409573),.UNSPECIFIED.) CURVE() 
GEOMETRIC_REPRESENTATION_ITEM() RATIONAL_B_SPLINE_CURVE((1.,0.5,1.,0.5,
1.,0.5,1.)) REPRESENTATION_ITEM('') );
#6065 = CARTESIAN_POINT('',(170.96,8.5));
#6066 = CARTESIAN_POINT('',(170.96,5.901923788647));
#6067 = CARTESIAN_POINT('',(168.71,7.200961894323));
#6068 = CARTESIAN_POINT('',(166.46,8.5));
#6069 = CARTESIAN_POINT('',(168.71,9.799038105677));
#6070 = CARTESIAN_POINT('',(170.96,11.098076211353));
#6071 = CARTESIAN_POINT('',(170.96,8.5));
#6072 = ( GEOMETRIC_REPRESENTATION_CONTEXT(2) 
PARAMETRIC_REPRESENTATION_CONTEXT() REPRESENTATION_CONTEXT('2D SPACE',''
  ) );
#6073 = PCURVE('',#5837,#6074);
#6074 = DEFINITIONAL_REPRESENTATION('',(#6075),#6079);
#6075 = LINE('',#6076,#6077);
#6076 = CARTESIAN_POINT('',(-6.28318530718,-0.5));
#6077 = VECTOR('',#6078,1.);
#6078 = DIRECTION('',(1.,-0.));
#6079 = ( GEOMETRIC_REPRESENTATION_CONTEXT(2) 
PARAMETRIC_REPRESENTATION_CONTEXT() REPRESENTATION_CONTEXT('2D SPACE',''
  ) );
#6080 = ADVANCED_FACE('',(#6081),#4437,.T.);
#6081 = FACE_BOUND('',#6082,.T.);
#6082 = EDGE_LOOP('',(#6083,#6084,#6085,#6086));
#6083 = ORIENTED_EDGE('',*,*,#5037,.F.);
#6084 = ORIENTED_EDGE('',*,*,#4946,.T.);
#6085 = ORIENTED_EDGE('',*,*,#4420,.F.);
#6086 = ORIENTED_EDGE('',*,*,#4481,.F.);
#6087 = ADVANCED_FACE('',(#6088),#4913,.T.);
#6088 = FACE_BOUND('',#6089,.T.);
#6089 = EDGE_LOOP('',(#6090,#6116));
#6090 = ORIENTED_EDGE('',*,*,#6091,.F.);
#6091 = EDGE_CURVE('',#4898,#4875,#6092,.T.);
#6092 = SURFACE_CURVE('',#6093,(#6098,#6109),.PCURVE_S1.);
#6093 = CIRCLE('',#6094,1.5);
#6094 = AXIS2_PLACEMENT_3D('',#6095,#6096,#6097);
#6095 = CARTESIAN_POINT('',(0.,-54.12,0.));
#6096 = DIRECTION('',(0.,0.,-1.));
#6097 = DIRECTION('',(1.,0.,0.));
#6098 = PCURVE('',#4913,#6099);
#6099 = DEFINITIONAL_REPRESENTATION('',(#6100),#6108);
#6100 = ( BOUNDED_CURVE() B_SPLINE_CURVE(2,(#6101,#6102,#6103,#6104,
#6105,#6106,#6107),.UNSPECIFIED.,.T.,.F.) B_SPLINE_CURVE_WITH_KNOTS((1,2
    ,2,2,2,1),(-2.094395102393,0.,2.094395102393,4.188790204786,
6.28318530718,8.377580409573),.UNSPECIFIED.) CURVE() 
GEOMETRIC_REPRESENTATION_ITEM() RATIONAL_B_SPLINE_CURVE((1.,0.5,1.,0.5,
1.,0.5,1.)) REPRESENTATION_ITEM('') );
#6101 = CARTESIAN_POINT('',(166.76,4.3));
#6102 = CARTESIAN_POINT('',(166.76,1.701923788647));
#6103 = CARTESIAN_POINT('',(164.51,3.000961894323));
#6104 = CARTESIAN_POINT('',(162.26,4.3));
#6105 = CARTESIAN_POINT('',(164.51,5.599038105677));
#6106 = CARTESIAN_POINT('',(166.76,6.898076211353));
#6107 = CARTESIAN_POINT('',(166.76,4.3));
#6108 = ( GEOMETRIC_REPRESENTATION_CONTEXT(2) 
PARAMETRIC_REPRESENTATION_CONTEXT() REPRESENTATION_CONTEXT('2D SPACE',''
  ) );
#6109 = PCURVE('',#5208,#6110);
#6110 = DEFINITIONAL_REPRESENTATION('',(#6111),#6115);
#6111 = LINE('',#6112,#6113);
#6112 = CARTESIAN_POINT('',(-6.28318530718,-0.5));
#6113 = VECTOR('',#6114,1.);
#6114 = DIRECTION('',(1.,-0.));
#6115 = ( GEOMETRIC_REPRESENTATION_CONTEXT(2) 
PARAMETRIC_REPRESENTATION_CONTEXT() REPRESENTATION_CONTEXT('2D SPACE',''
  ) );
#6116 = ORIENTED_EDGE('',*,*,#4897,.T.);
#6117 = ADVANCED_FACE('',(#6118),#5124,.T.);
#6118 = FACE_BOUND('',#6119,.T.);
#6119 = EDGE_LOOP('',(#6120,#6121));
#6120 = ORIENTED_EDGE('',*,*,#5108,.F.);
#6121 = ORIENTED_EDGE('',*,*,#6122,.F.);
#6122 = EDGE_CURVE('',#5086,#5109,#6123,.T.);
#6123 = SURFACE_CURVE('',#6124,(#6129,#6140),.PCURVE_S1.);
#6124 = CIRCLE('',#6125,1.5);
#6125 = AXIS2_PLACEMENT_3D('',#6126,#6127,#6128);
#6126 = CARTESIAN_POINT('',(0.,54.12,0.));
#6127 = DIRECTION('',(0.,0.,-1.));
#6128 = DIRECTION('',(1.,0.,0.));
#6129 = PCURVE('',#5124,#6130);
#6130 = DEFINITIONAL_REPRESENTATION('',(#6131),#6139);
#6131 = ( BOUNDED_CURVE() B_SPLINE_CURVE(2,(#6132,#6133,#6134,#6135,
#6136,#6137,#6138),.UNSPECIFIED.,.T.,.F.) B_SPLINE_CURVE_WITH_KNOTS((1,2
    ,2,2,2,1),(-2.094395102393,0.,2.094395102393,4.188790204786,
6.28318530718,8.377580409573),.UNSPECIFIED.) CURVE() 
GEOMETRIC_REPRESENTATION_ITEM() RATIONAL_B_SPLINE_CURVE((1.,0.5,1.,0.5,
1.,0.5,1.)) REPRESENTATION_ITEM('') );
#6132 = CARTESIAN_POINT('',(166.76,112.54));
#6133 = CARTESIAN_POINT('',(166.76,109.94192378864));
#6134 = CARTESIAN_POINT('',(164.51,111.24096189432));
#6135 = CARTESIAN_POINT('',(162.26,112.54));
#6136 = CARTESIAN_POINT('',(164.51,113.83903810567));
#6137 = CARTESIAN_POINT('',(166.76,115.13807621135));
#6138 = CARTESIAN_POINT('',(166.76,112.54));
#6139 = ( GEOMETRIC_REPRESENTATION_CONTEXT(2) 
PARAMETRIC_REPRESENTATION_CONTEXT() REPRESENTATION_CONTEXT('2D SPACE',''
  ) );
#6140 = PCURVE('',#5378,#6141);
#6141 = DEFINITIONAL_REPRESENTATION('',(#6142),#6146);
#6142 = LINE('',#6143,#6144);
#6143 = CARTESIAN_POINT('',(-6.28318530718,-0.5));
#6144 = VECTOR('',#6145,1.);
#6145 = DIRECTION('',(1.,-0.));
#6146 = ( GEOMETRIC_REPRESENTATION_CONTEXT(2) 
PARAMETRIC_REPRESENTATION_CONTEXT() REPRESENTATION_CONTEXT('2D SPACE',''
  ) );
#6147 = ADVANCED_FACE('',(#6148),#5378,.F.);
#6148 = FACE_BOUND('',#6149,.T.);
#6149 = EDGE_LOOP('',(#6150,#6151,#6152,#6153,#6174,#6175,#6176));
#6150 = ORIENTED_EDGE('',*,*,#5540,.T.);
#6151 = ORIENTED_EDGE('',*,*,#6122,.T.);
#6152 = ORIENTED_EDGE('',*,*,#5892,.T.);
#6153 = ORIENTED_EDGE('',*,*,#6154,.T.);
#6154 = EDGE_CURVE('',#5893,#5623,#6155,.T.);
#6155 = SURFACE_CURVE('',#6156,(#6160,#6167),.PCURVE_S1.);
#6156 = LINE('',#6157,#6158);
#6157 = CARTESIAN_POINT('',(1.5,54.12,-0.5));
#6158 = VECTOR('',#6159,1.);
#6159 = DIRECTION('',(0.,0.,1.));
#6160 = PCURVE('',#5378,#6161);
#6161 = DEFINITIONAL_REPRESENTATION('',(#6162),#6166);
#6162 = LINE('',#6163,#6164);
#6163 = CARTESIAN_POINT('',(-0.,0.));
#6164 = VECTOR('',#6165,1.);
#6165 = DIRECTION('',(-0.,-1.));
#6166 = ( GEOMETRIC_REPRESENTATION_CONTEXT(2) 
PARAMETRIC_REPRESENTATION_CONTEXT() REPRESENTATION_CONTEXT('2D SPACE',''
  ) );
#6167 = PCURVE('',#5669,#6168);
#6168 = DEFINITIONAL_REPRESENTATION('',(#6169),#6173);
#6169 = LINE('',#6170,#6171);
#6170 = CARTESIAN_POINT('',(-6.28318530718,0.));
#6171 = VECTOR('',#6172,1.);
#6172 = DIRECTION('',(-0.,-1.));
#6173 = ( GEOMETRIC_REPRESENTATION_CONTEXT(2) 
PARAMETRIC_REPRESENTATION_CONTEXT() REPRESENTATION_CONTEXT('2D SPACE',''
  ) );
#6174 = ORIENTED_EDGE('',*,*,#5622,.F.);
#6175 = ORIENTED_EDGE('',*,*,#5359,.F.);
#6176 = ORIENTED_EDGE('',*,*,#6177,.T.);
#6177 = EDGE_CURVE('',#5333,#5520,#6178,.T.);
#6178 = SURFACE_CURVE('',#6179,(#6183,#6189),.PCURVE_S1.);
#6179 = LINE('',#6180,#6181);
#6180 = CARTESIAN_POINT('',(0.,52.62,-0.5));
#6181 = VECTOR('',#6182,1.);
#6182 = DIRECTION('',(-0.,-0.,-1.));
#6183 = PCURVE('',#5378,#6184);
#6184 = DEFINITIONAL_REPRESENTATION('',(#6185),#6188);
#6185 = B_SPLINE_CURVE_WITH_KNOTS('',1,(#6186,#6187),.UNSPECIFIED.,.F.,
  .F.,(2,2),(-5.45,-5.E-02),.PIECEWISE_BEZIER_KNOTS.);
#6186 = CARTESIAN_POINT('',(-4.712388980385,-5.45));
#6187 = CARTESIAN_POINT('',(-4.712388980385,-5.E-02));
#6188 = ( GEOMETRIC_REPRESENTATION_CONTEXT(2) 
PARAMETRIC_REPRESENTATION_CONTEXT() REPRESENTATION_CONTEXT('2D SPACE',''
  ) );
#6189 = PCURVE('',#5347,#6190);
#6190 = DEFINITIONAL_REPRESENTATION('',(#6191),#6194);
#6191 = B_SPLINE_CURVE_WITH_KNOTS('',1,(#6192,#6193),.UNSPECIFIED.,.F.,
  .F.,(2,2),(-5.45,-5.E-02),.PIECEWISE_BEZIER_KNOTS.);
#6192 = CARTESIAN_POINT('',(5.45,159.46));
#6193 = CARTESIAN_POINT('',(5.E-02,159.46));
#6194 = ( GEOMETRIC_REPRESENTATION_CONTEXT(2) 
PARAMETRIC_REPRESENTATION_CONTEXT() REPRESENTATION_CONTEXT('2D SPACE',''
  ) );
#6195 = ADVANCED_FACE('',(#6196),#5347,.F.);
#6196 = FACE_BOUND('',#6197,.F.);
#6197 = EDGE_LOOP('',(#6198,#6199,#6200,#6221));
#6198 = ORIENTED_EDGE('',*,*,#6177,.T.);
#6199 = ORIENTED_EDGE('',*,*,#5519,.T.);
#6200 = ORIENTED_EDGE('',*,*,#6201,.T.);
#6201 = EDGE_CURVE('',#5496,#5304,#6202,.T.);
#6202 = SURFACE_CURVE('',#6203,(#6207,#6214),.PCURVE_S1.);
#6203 = LINE('',#6204,#6205);
#6204 = CARTESIAN_POINT('',(-156.96,52.62,-0.5));
#6205 = VECTOR('',#6206,1.);
#6206 = DIRECTION('',(0.,0.,1.));
#6207 = PCURVE('',#5347,#6208);
#6208 = DEFINITIONAL_REPRESENTATION('',(#6209),#6213);
#6209 = LINE('',#6210,#6211);
#6210 = CARTESIAN_POINT('',(0.,2.5));
#6211 = VECTOR('',#6212,1.);
#6212 = DIRECTION('',(1.,0.));
#6213 = ( GEOMETRIC_REPRESENTATION_CONTEXT(2) 
PARAMETRIC_REPRESENTATION_CONTEXT() REPRESENTATION_CONTEXT('2D SPACE',''
  ) );
#6214 = PCURVE('',#5320,#6215);
#6215 = DEFINITIONAL_REPRESENTATION('',(#6216),#6220);
#6216 = LINE('',#6217,#6218);
#6217 = CARTESIAN_POINT('',(-1.570796326795,0.));
#6218 = VECTOR('',#6219,1.);
#6219 = DIRECTION('',(-0.,1.));
#6220 = ( GEOMETRIC_REPRESENTATION_CONTEXT(2) 
PARAMETRIC_REPRESENTATION_CONTEXT() REPRESENTATION_CONTEXT('2D SPACE',''
  ) );
#6221 = ORIENTED_EDGE('',*,*,#5332,.F.);
#6222 = ADVANCED_FACE('',(#6223),#5320,.F.);
#6223 = FACE_BOUND('',#6224,.T.);
#6224 = EDGE_LOOP('',(#6225,#6246,#6247,#6248));
#6225 = ORIENTED_EDGE('',*,*,#6226,.F.);
#6226 = EDGE_CURVE('',#5475,#5277,#6227,.T.);
#6227 = SURFACE_CURVE('',#6228,(#6232,#6239),.PCURVE_S1.);
#6228 = LINE('',#6229,#6230);
#6229 = CARTESIAN_POINT('',(-159.46,50.12,-0.5));
#6230 = VECTOR('',#6231,1.);
#6231 = DIRECTION('',(0.,0.,1.));
#6232 = PCURVE('',#5320,#6233);
#6233 = DEFINITIONAL_REPRESENTATION('',(#6234),#6238);
#6234 = LINE('',#6235,#6236);
#6235 = CARTESIAN_POINT('',(-0.,0.));
#6236 = VECTOR('',#6237,1.);
#6237 = DIRECTION('',(-0.,1.));
#6238 = ( GEOMETRIC_REPRESENTATION_CONTEXT(2) 
PARAMETRIC_REPRESENTATION_CONTEXT() REPRESENTATION_CONTEXT('2D SPACE',''
  ) );
#6239 = PCURVE('',#5291,#6240);
#6240 = DEFINITIONAL_REPRESENTATION('',(#6241),#6245);
#6241 = LINE('',#6242,#6243);
#6242 = CARTESIAN_POINT('',(0.,-102.74));
#6243 = VECTOR('',#6244,1.);
#6244 = DIRECTION('',(1.,0.));
#6245 = ( GEOMETRIC_REPRESENTATION_CONTEXT(2) 
PARAMETRIC_REPRESENTATION_CONTEXT() REPRESENTATION_CONTEXT('2D SPACE',''
  ) );
#6246 = ORIENTED_EDGE('',*,*,#5495,.F.);
#6247 = ORIENTED_EDGE('',*,*,#6201,.T.);
#6248 = ORIENTED_EDGE('',*,*,#5303,.T.);
#6249 = ADVANCED_FACE('',(#6250),#5291,.T.);
#6250 = FACE_BOUND('',#6251,.T.);
#6251 = EDGE_LOOP('',(#6252,#6253,#6274,#6275));
#6252 = ORIENTED_EDGE('',*,*,#5276,.F.);
#6253 = ORIENTED_EDGE('',*,*,#6254,.F.);
#6254 = EDGE_CURVE('',#5451,#5248,#6255,.T.);
#6255 = SURFACE_CURVE('',#6256,(#6260,#6267),.PCURVE_S1.);
#6256 = LINE('',#6257,#6258);
#6257 = CARTESIAN_POINT('',(-159.46,-50.12,-0.5));
#6258 = VECTOR('',#6259,1.);
#6259 = DIRECTION('',(0.,0.,1.));
#6260 = PCURVE('',#5291,#6261);
#6261 = DEFINITIONAL_REPRESENTATION('',(#6262),#6266);
#6262 = LINE('',#6263,#6264);
#6263 = CARTESIAN_POINT('',(0.,-2.5));
#6264 = VECTOR('',#6265,1.);
#6265 = DIRECTION('',(1.,0.));
#6266 = ( GEOMETRIC_REPRESENTATION_CONTEXT(2) 
PARAMETRIC_REPRESENTATION_CONTEXT() REPRESENTATION_CONTEXT('2D SPACE',''
  ) );
#6267 = PCURVE('',#5264,#6268);
#6268 = DEFINITIONAL_REPRESENTATION('',(#6269),#6273);
#6269 = LINE('',#6270,#6271);
#6270 = CARTESIAN_POINT('',(0.,0.));
#6271 = VECTOR('',#6272,1.);
#6272 = DIRECTION('',(0.,1.));
#6273 = ( GEOMETRIC_REPRESENTATION_CONTEXT(2) 
PARAMETRIC_REPRESENTATION_CONTEXT() REPRESENTATION_CONTEXT('2D SPACE',''
  ) );
#6274 = ORIENTED_EDGE('',*,*,#5474,.T.);
#6275 = ORIENTED_EDGE('',*,*,#6226,.T.);
#6276 = ADVANCED_FACE('',(#6277),#5264,.F.);
#6277 = FACE_BOUND('',#6278,.F.);
#6278 = EDGE_LOOP('',(#6279,#6280,#6281,#6302));
#6279 = ORIENTED_EDGE('',*,*,#6254,.F.);
#6280 = ORIENTED_EDGE('',*,*,#5450,.T.);
#6281 = ORIENTED_EDGE('',*,*,#6282,.T.);
#6282 = EDGE_CURVE('',#5430,#5221,#6283,.T.);
#6283 = SURFACE_CURVE('',#6284,(#6288,#6295),.PCURVE_S1.);
#6284 = LINE('',#6285,#6286);
#6285 = CARTESIAN_POINT('',(-156.96,-52.62,-0.5));
#6286 = VECTOR('',#6287,1.);
#6287 = DIRECTION('',(0.,0.,1.));
#6288 = PCURVE('',#5264,#6289);
#6289 = DEFINITIONAL_REPRESENTATION('',(#6290),#6294);
#6290 = LINE('',#6291,#6292);
#6291 = CARTESIAN_POINT('',(1.570796326795,0.));
#6292 = VECTOR('',#6293,1.);
#6293 = DIRECTION('',(0.,1.));
#6294 = ( GEOMETRIC_REPRESENTATION_CONTEXT(2) 
PARAMETRIC_REPRESENTATION_CONTEXT() REPRESENTATION_CONTEXT('2D SPACE',''
  ) );
#6295 = PCURVE('',#5235,#6296);
#6296 = DEFINITIONAL_REPRESENTATION('',(#6297),#6301);
#6297 = LINE('',#6298,#6299);
#6298 = CARTESIAN_POINT('',(0.,2.5));
#6299 = VECTOR('',#6300,1.);
#6300 = DIRECTION('',(1.,0.));
#6301 = ( GEOMETRIC_REPRESENTATION_CONTEXT(2) 
PARAMETRIC_REPRESENTATION_CONTEXT() REPRESENTATION_CONTEXT('2D SPACE',''
  ) );
#6302 = ORIENTED_EDGE('',*,*,#5247,.F.);
#6303 = ADVANCED_FACE('',(#6304),#5235,.T.);
#6304 = FACE_BOUND('',#6305,.T.);
#6305 = EDGE_LOOP('',(#6306,#6325,#6326,#6327));
#6306 = ORIENTED_EDGE('',*,*,#6307,.T.);
#6307 = EDGE_CURVE('',#5188,#5402,#6308,.T.);
#6308 = SURFACE_CURVE('',#6309,(#6313,#6319),.PCURVE_S1.);
#6309 = LINE('',#6310,#6311);
#6310 = CARTESIAN_POINT('',(0.,-52.62,-0.5));
#6311 = VECTOR('',#6312,1.);
#6312 = DIRECTION('',(-0.,-0.,-1.));
#6313 = PCURVE('',#5235,#6314);
#6314 = DEFINITIONAL_REPRESENTATION('',(#6315),#6318);
#6315 = B_SPLINE_CURVE_WITH_KNOTS('',1,(#6316,#6317),.UNSPECIFIED.,.F.,
  .F.,(2,2),(-5.45,-5.E-02),.PIECEWISE_BEZIER_KNOTS.);
#6316 = CARTESIAN_POINT('',(5.45,159.46));
#6317 = CARTESIAN_POINT('',(5.E-02,159.46));
#6318 = ( GEOMETRIC_REPRESENTATION_CONTEXT(2) 
PARAMETRIC_REPRESENTATION_CONTEXT() REPRESENTATION_CONTEXT('2D SPACE',''
  ) );
#6319 = PCURVE('',#5208,#6320);
#6320 = DEFINITIONAL_REPRESENTATION('',(#6321),#6324);
#6321 = B_SPLINE_CURVE_WITH_KNOTS('',1,(#6322,#6323),.UNSPECIFIED.,.F.,
  .F.,(2,2),(-5.45,-5.E-02),.PIECEWISE_BEZIER_KNOTS.);
#6322 = CARTESIAN_POINT('',(-1.570796326795,-5.45));
#6323 = CARTESIAN_POINT('',(-1.570796326795,-5.E-02));
#6324 = ( GEOMETRIC_REPRESENTATION_CONTEXT(2) 
PARAMETRIC_REPRESENTATION_CONTEXT() REPRESENTATION_CONTEXT('2D SPACE',''
  ) );
#6325 = ORIENTED_EDGE('',*,*,#5429,.T.);
#6326 = ORIENTED_EDGE('',*,*,#6282,.T.);
#6327 = ORIENTED_EDGE('',*,*,#5220,.F.);
#6328 = ADVANCED_FACE('',(#6329),#5208,.F.);
#6329 = FACE_BOUND('',#6330,.T.);
#6330 = EDGE_LOOP('',(#6331,#6352,#6353,#6354,#6355,#6356,#6357));
#6331 = ORIENTED_EDGE('',*,*,#6332,.F.);
#6332 = EDGE_CURVE('',#5860,#5586,#6333,.T.);
#6333 = SURFACE_CURVE('',#6334,(#6338,#6345),.PCURVE_S1.);
#6334 = LINE('',#6335,#6336);
#6335 = CARTESIAN_POINT('',(1.5,-54.12,-0.5));
#6336 = VECTOR('',#6337,1.);
#6337 = DIRECTION('',(0.,0.,1.));
#6338 = PCURVE('',#5208,#6339);
#6339 = DEFINITIONAL_REPRESENTATION('',(#6340),#6344);
#6340 = LINE('',#6341,#6342);
#6341 = CARTESIAN_POINT('',(-6.28318530718,0.));
#6342 = VECTOR('',#6343,1.);
#6343 = DIRECTION('',(-0.,-1.));
#6344 = ( GEOMETRIC_REPRESENTATION_CONTEXT(2) 
PARAMETRIC_REPRESENTATION_CONTEXT() REPRESENTATION_CONTEXT('2D SPACE',''
  ) );
#6345 = PCURVE('',#5837,#6346);
#6346 = DEFINITIONAL_REPRESENTATION('',(#6347),#6351);
#6347 = LINE('',#6348,#6349);
#6348 = CARTESIAN_POINT('',(-0.,0.));
#6349 = VECTOR('',#6350,1.);
#6350 = DIRECTION('',(-0.,-1.));
#6351 = ( GEOMETRIC_REPRESENTATION_CONTEXT(2) 
PARAMETRIC_REPRESENTATION_CONTEXT() REPRESENTATION_CONTEXT('2D SPACE',''
  ) );
#6352 = ORIENTED_EDGE('',*,*,#5859,.T.);
#6353 = ORIENTED_EDGE('',*,*,#6091,.T.);
#6354 = ORIENTED_EDGE('',*,*,#5401,.T.);
#6355 = ORIENTED_EDGE('',*,*,#6307,.F.);
#6356 = ORIENTED_EDGE('',*,*,#5187,.F.);
#6357 = ORIENTED_EDGE('',*,*,#5585,.F.);
#6358 = ADVANCED_FACE('',(#6359),#5837,.F.);
#6359 = FACE_BOUND('',#6360,.T.);
#6360 = EDGE_LOOP('',(#6361,#6362,#6363,#6364));
#6361 = ORIENTED_EDGE('',*,*,#6055,.T.);
#6362 = ORIENTED_EDGE('',*,*,#6332,.T.);
#6363 = ORIENTED_EDGE('',*,*,#5818,.F.);
#6364 = ORIENTED_EDGE('',*,*,#6307,.T.);
#6365 = ADVANCED_FACE('',(#6366),#5806,.T.);
#6366 = FACE_BOUND('',#6367,.T.);
#6367 = EDGE_LOOP('',(#6368,#6389,#6390,#6391));
#6368 = ORIENTED_EDGE('',*,*,#6369,.F.);
#6369 = EDGE_CURVE('',#6013,#5765,#6370,.T.);
#6370 = SURFACE_CURVE('',#6371,(#6375,#6382),.PCURVE_S1.);
#6371 = LINE('',#6372,#6373);
#6372 = CARTESIAN_POINT('',(156.96,-52.62,-0.5));
#6373 = VECTOR('',#6374,1.);
#6374 = DIRECTION('',(0.,0.,1.));
#6375 = PCURVE('',#5806,#6376);
#6376 = DEFINITIONAL_REPRESENTATION('',(#6377),#6381);
#6377 = LINE('',#6378,#6379);
#6378 = CARTESIAN_POINT('',(0.,316.42));
#6379 = VECTOR('',#6380,1.);
#6380 = DIRECTION('',(1.,0.));
#6381 = ( GEOMETRIC_REPRESENTATION_CONTEXT(2) 
PARAMETRIC_REPRESENTATION_CONTEXT() REPRESENTATION_CONTEXT('2D SPACE',''
  ) );
#6382 = PCURVE('',#5781,#6383);
#6383 = DEFINITIONAL_REPRESENTATION('',(#6384),#6388);
#6384 = LINE('',#6385,#6386);
#6385 = CARTESIAN_POINT('',(-1.570796326795,0.));
#6386 = VECTOR('',#6387,1.);
#6387 = DIRECTION('',(-0.,1.));
#6388 = ( GEOMETRIC_REPRESENTATION_CONTEXT(2) 
PARAMETRIC_REPRESENTATION_CONTEXT() REPRESENTATION_CONTEXT('2D SPACE',''
  ) );
#6389 = ORIENTED_EDGE('',*,*,#6036,.T.);
#6390 = ORIENTED_EDGE('',*,*,#6307,.F.);
#6391 = ORIENTED_EDGE('',*,*,#5793,.F.);
#6392 = ADVANCED_FACE('',(#6393),#5781,.F.);
#6393 = FACE_BOUND('',#6394,.T.);
#6394 = EDGE_LOOP('',(#6395,#6416,#6417,#6418));
#6395 = ORIENTED_EDGE('',*,*,#6396,.F.);
#6396 = EDGE_CURVE('',#5992,#5738,#6397,.T.);
#6397 = SURFACE_CURVE('',#6398,(#6402,#6409),.PCURVE_S1.);
#6398 = LINE('',#6399,#6400);
#6399 = CARTESIAN_POINT('',(159.46,-50.12,-0.5));
#6400 = VECTOR('',#6401,1.);
#6401 = DIRECTION('',(0.,0.,1.));
#6402 = PCURVE('',#5781,#6403);
#6403 = DEFINITIONAL_REPRESENTATION('',(#6404),#6408);
#6404 = LINE('',#6405,#6406);
#6405 = CARTESIAN_POINT('',(-0.,0.));
#6406 = VECTOR('',#6407,1.);
#6407 = DIRECTION('',(-0.,1.));
#6408 = ( GEOMETRIC_REPRESENTATION_CONTEXT(2) 
PARAMETRIC_REPRESENTATION_CONTEXT() REPRESENTATION_CONTEXT('2D SPACE',''
  ) );
#6409 = PCURVE('',#5752,#6410);
#6410 = DEFINITIONAL_REPRESENTATION('',(#6411),#6415);
#6411 = LINE('',#6412,#6413);
#6412 = CARTESIAN_POINT('',(0.,-2.5));
#6413 = VECTOR('',#6414,1.);
#6414 = DIRECTION('',(1.,0.));
#6415 = ( GEOMETRIC_REPRESENTATION_CONTEXT(2) 
PARAMETRIC_REPRESENTATION_CONTEXT() REPRESENTATION_CONTEXT('2D SPACE',''
  ) );
#6416 = ORIENTED_EDGE('',*,*,#6012,.F.);
#6417 = ORIENTED_EDGE('',*,*,#6369,.T.);
#6418 = ORIENTED_EDGE('',*,*,#5764,.T.);
#6419 = ADVANCED_FACE('',(#6420),#5752,.F.);
#6420 = FACE_BOUND('',#6421,.F.);
#6421 = EDGE_LOOP('',(#6422,#6423,#6424,#6425));
#6422 = ORIENTED_EDGE('',*,*,#5737,.F.);
#6423 = ORIENTED_EDGE('',*,*,#6396,.F.);
#6424 = ORIENTED_EDGE('',*,*,#5991,.T.);
#6425 = ORIENTED_EDGE('',*,*,#6426,.T.);
#6426 = EDGE_CURVE('',#5968,#5709,#6427,.T.);
#6427 = SURFACE_CURVE('',#6428,(#6432,#6439),.PCURVE_S1.);
#6428 = LINE('',#6429,#6430);
#6429 = CARTESIAN_POINT('',(159.46,50.12,-0.5));
#6430 = VECTOR('',#6431,1.);
#6431 = DIRECTION('',(0.,0.,1.));
#6432 = PCURVE('',#5752,#6433);
#6433 = DEFINITIONAL_REPRESENTATION('',(#6434),#6438);
#6434 = LINE('',#6435,#6436);
#6435 = CARTESIAN_POINT('',(0.,-102.74));
#6436 = VECTOR('',#6437,1.);
#6437 = DIRECTION('',(1.,0.));
#6438 = ( GEOMETRIC_REPRESENTATION_CONTEXT(2) 
PARAMETRIC_REPRESENTATION_CONTEXT() REPRESENTATION_CONTEXT('2D SPACE',''
  ) );
#6439 = PCURVE('',#5725,#6440);
#6440 = DEFINITIONAL_REPRESENTATION('',(#6441),#6445);
#6441 = LINE('',#6442,#6443);
#6442 = CARTESIAN_POINT('',(0.,0.));
#6443 = VECTOR('',#6444,1.);
#6444 = DIRECTION('',(0.,1.));
#6445 = ( GEOMETRIC_REPRESENTATION_CONTEXT(2) 
PARAMETRIC_REPRESENTATION_CONTEXT() REPRESENTATION_CONTEXT('2D SPACE',''
  ) );
#6446 = ADVANCED_FACE('',(#6447),#5725,.F.);
#6447 = FACE_BOUND('',#6448,.F.);
#6448 = EDGE_LOOP('',(#6449,#6450,#6451,#6472));
#6449 = ORIENTED_EDGE('',*,*,#6426,.F.);
#6450 = ORIENTED_EDGE('',*,*,#5967,.T.);
#6451 = ORIENTED_EDGE('',*,*,#6452,.T.);
#6452 = EDGE_CURVE('',#5947,#5682,#6453,.T.);
#6453 = SURFACE_CURVE('',#6454,(#6458,#6465),.PCURVE_S1.);
#6454 = LINE('',#6455,#6456);
#6455 = CARTESIAN_POINT('',(156.96,52.62,-0.5));
#6456 = VECTOR('',#6457,1.);
#6457 = DIRECTION('',(0.,0.,1.));
#6458 = PCURVE('',#5725,#6459);
#6459 = DEFINITIONAL_REPRESENTATION('',(#6460),#6464);
#6460 = LINE('',#6461,#6462);
#6461 = CARTESIAN_POINT('',(1.570796326795,0.));
#6462 = VECTOR('',#6463,1.);
#6463 = DIRECTION('',(0.,1.));
#6464 = ( GEOMETRIC_REPRESENTATION_CONTEXT(2) 
PARAMETRIC_REPRESENTATION_CONTEXT() REPRESENTATION_CONTEXT('2D SPACE',''
  ) );
#6465 = PCURVE('',#5696,#6466);
#6466 = DEFINITIONAL_REPRESENTATION('',(#6467),#6471);
#6467 = LINE('',#6468,#6469);
#6468 = CARTESIAN_POINT('',(0.,316.42));
#6469 = VECTOR('',#6470,1.);
#6470 = DIRECTION('',(1.,0.));
#6471 = ( GEOMETRIC_REPRESENTATION_CONTEXT(2) 
PARAMETRIC_REPRESENTATION_CONTEXT() REPRESENTATION_CONTEXT('2D SPACE',''
  ) );
#6472 = ORIENTED_EDGE('',*,*,#5708,.F.);
#6473 = ADVANCED_FACE('',(#6474),#5696,.F.);
#6474 = FACE_BOUND('',#6475,.F.);
#6475 = EDGE_LOOP('',(#6476,#6477,#6478,#6479));
#6476 = ORIENTED_EDGE('',*,*,#6452,.F.);
#6477 = ORIENTED_EDGE('',*,*,#5946,.T.);
#6478 = ORIENTED_EDGE('',*,*,#6177,.F.);
#6479 = ORIENTED_EDGE('',*,*,#5681,.F.);
#6480 = ADVANCED_FACE('',(#6481),#5669,.F.);
#6481 = FACE_BOUND('',#6482,.T.);
#6482 = EDGE_LOOP('',(#6483,#6484,#6485,#6486));
#6483 = ORIENTED_EDGE('',*,*,#6154,.F.);
#6484 = ORIENTED_EDGE('',*,*,#5920,.T.);
#6485 = ORIENTED_EDGE('',*,*,#6177,.F.);
#6486 = ORIENTED_EDGE('',*,*,#5650,.F.);
#6487 = ORIENTED_CLOSED_SHELL('',*,#6488,.F.);
#6488 = CLOSED_SHELL('',(#6489,#6609,#6685,#6756,#6783,#6810));
#6489 = ADVANCED_FACE('',(#6490),#6504,.F.);
#6490 = FACE_BOUND('',#6491,.F.);
#6491 = EDGE_LOOP('',(#6492,#6527,#6555,#6583));
#6492 = ORIENTED_EDGE('',*,*,#6493,.T.);
#6493 = EDGE_CURVE('',#6494,#6496,#6498,.T.);
#6494 = VERTEX_POINT('',#6495);
#6495 = CARTESIAN_POINT('',(-168.46,-57.62,3.1));
#6496 = VERTEX_POINT('',#6497);
#6497 = CARTESIAN_POINT('',(-168.46,-58.22,3.1));
#6498 = SURFACE_CURVE('',#6499,(#6503,#6515),.PCURVE_S1.);
#6499 = LINE('',#6500,#6501);
#6500 = CARTESIAN_POINT('',(-168.46,-57.62,3.1));
#6501 = VECTOR('',#6502,1.);
#6502 = DIRECTION('',(0.,-1.,0.));
#6503 = PCURVE('',#6504,#6509);
#6504 = PLANE('',#6505);
#6505 = AXIS2_PLACEMENT_3D('',#6506,#6507,#6508);
#6506 = CARTESIAN_POINT('',(-168.46,-57.62,3.1));
#6507 = DIRECTION('',(-0.,0.,1.));
#6508 = DIRECTION('',(1.,0.,0.));
#6509 = DEFINITIONAL_REPRESENTATION('',(#6510),#6514);
#6510 = LINE('',#6511,#6512);
#6511 = CARTESIAN_POINT('',(0.,0.));
#6512 = VECTOR('',#6513,1.);
#6513 = DIRECTION('',(0.,-1.));
#6514 = ( GEOMETRIC_REPRESENTATION_CONTEXT(2) 
PARAMETRIC_REPRESENTATION_CONTEXT() REPRESENTATION_CONTEXT('2D SPACE',''
  ) );
#6515 = PCURVE('',#6516,#6521);
#6516 = PLANE('',#6517);
#6517 = AXIS2_PLACEMENT_3D('',#6518,#6519,#6520);
#6518 = CARTESIAN_POINT('',(-168.46,-57.62,3.9));
#6519 = DIRECTION('',(1.,0.,0.));
#6520 = DIRECTION('',(0.,0.,-1.));
#6521 = DEFINITIONAL_REPRESENTATION('',(#6522),#6526);
#6522 = LINE('',#6523,#6524);
#6523 = CARTESIAN_POINT('',(0.8,0.));
#6524 = VECTOR('',#6525,1.);
#6525 = DIRECTION('',(0.,-1.));
#6526 = ( GEOMETRIC_REPRESENTATION_CONTEXT(2) 
PARAMETRIC_REPRESENTATION_CONTEXT() REPRESENTATION_CONTEXT('2D SPACE',''
  ) );
#6527 = ORIENTED_EDGE('',*,*,#6528,.T.);
#6528 = EDGE_CURVE('',#6496,#6529,#6531,.T.);
#6529 = VERTEX_POINT('',#6530);
#6530 = CARTESIAN_POINT('',(168.46,-58.22,3.1));
#6531 = SURFACE_CURVE('',#6532,(#6536,#6543),.PCURVE_S1.);
#6532 = LINE('',#6533,#6534);
#6533 = CARTESIAN_POINT('',(-168.46,-58.22,3.1));
#6534 = VECTOR('',#6535,1.);
#6535 = DIRECTION('',(1.,0.,0.));
#6536 = PCURVE('',#6504,#6537);
#6537 = DEFINITIONAL_REPRESENTATION('',(#6538),#6542);
#6538 = LINE('',#6539,#6540);
#6539 = CARTESIAN_POINT('',(0.,-0.6));
#6540 = VECTOR('',#6541,1.);
#6541 = DIRECTION('',(1.,0.));
#6542 = ( GEOMETRIC_REPRESENTATION_CONTEXT(2) 
PARAMETRIC_REPRESENTATION_CONTEXT() REPRESENTATION_CONTEXT('2D SPACE',''
  ) );
#6543 = PCURVE('',#6544,#6549);
#6544 = PLANE('',#6545);
#6545 = AXIS2_PLACEMENT_3D('',#6546,#6547,#6548);
#6546 = CARTESIAN_POINT('',(4.20788070449E-17,-58.22,3.5));
#6547 = DIRECTION('',(-0.,-1.,-0.));
#6548 = DIRECTION('',(0.,0.,-1.));
#6549 = DEFINITIONAL_REPRESENTATION('',(#6550),#6554);
#6550 = LINE('',#6551,#6552);
#6551 = CARTESIAN_POINT('',(0.4,-168.46));
#6552 = VECTOR('',#6553,1.);
#6553 = DIRECTION('',(0.,1.));
#6554 = ( GEOMETRIC_REPRESENTATION_CONTEXT(2) 
PARAMETRIC_REPRESENTATION_CONTEXT() REPRESENTATION_CONTEXT('2D SPACE',''
  ) );
#6555 = ORIENTED_EDGE('',*,*,#6556,.F.);
#6556 = EDGE_CURVE('',#6557,#6529,#6559,.T.);
#6557 = VERTEX_POINT('',#6558);
#6558 = CARTESIAN_POINT('',(168.46,-57.62,3.1));
#6559 = SURFACE_CURVE('',#6560,(#6564,#6571),.PCURVE_S1.);
#6560 = LINE('',#6561,#6562);
#6561 = CARTESIAN_POINT('',(168.46,-57.62,3.1));
#6562 = VECTOR('',#6563,1.);
#6563 = DIRECTION('',(0.,-1.,0.));
#6564 = PCURVE('',#6504,#6565);
#6565 = DEFINITIONAL_REPRESENTATION('',(#6566),#6570);
#6566 = LINE('',#6567,#6568);
#6567 = CARTESIAN_POINT('',(336.92,0.));
#6568 = VECTOR('',#6569,1.);
#6569 = DIRECTION('',(0.,-1.));
#6570 = ( GEOMETRIC_REPRESENTATION_CONTEXT(2) 
PARAMETRIC_REPRESENTATION_CONTEXT() REPRESENTATION_CONTEXT('2D SPACE',''
  ) );
#6571 = PCURVE('',#6572,#6577);
#6572 = PLANE('',#6573);
#6573 = AXIS2_PLACEMENT_3D('',#6574,#6575,#6576);
#6574 = CARTESIAN_POINT('',(168.46,-57.62,3.1));
#6575 = DIRECTION('',(-1.,0.,0.));
#6576 = DIRECTION('',(0.,0.,1.));
#6577 = DEFINITIONAL_REPRESENTATION('',(#6578),#6582);
#6578 = LINE('',#6579,#6580);
#6579 = CARTESIAN_POINT('',(0.,0.));
#6580 = VECTOR('',#6581,1.);
#6581 = DIRECTION('',(0.,-1.));
#6582 = ( GEOMETRIC_REPRESENTATION_CONTEXT(2) 
PARAMETRIC_REPRESENTATION_CONTEXT() REPRESENTATION_CONTEXT('2D SPACE',''
  ) );
#6583 = ORIENTED_EDGE('',*,*,#6584,.F.);
#6584 = EDGE_CURVE('',#6494,#6557,#6585,.T.);
#6585 = SURFACE_CURVE('',#6586,(#6590,#6597),.PCURVE_S1.);
#6586 = LINE('',#6587,#6588);
#6587 = CARTESIAN_POINT('',(-168.46,-57.62,3.1));
#6588 = VECTOR('',#6589,1.);
#6589 = DIRECTION('',(1.,0.,0.));
#6590 = PCURVE('',#6504,#6591);
#6591 = DEFINITIONAL_REPRESENTATION('',(#6592),#6596);
#6592 = LINE('',#6593,#6594);
#6593 = CARTESIAN_POINT('',(0.,0.));
#6594 = VECTOR('',#6595,1.);
#6595 = DIRECTION('',(1.,0.));
#6596 = ( GEOMETRIC_REPRESENTATION_CONTEXT(2) 
PARAMETRIC_REPRESENTATION_CONTEXT() REPRESENTATION_CONTEXT('2D SPACE',''
  ) );
#6597 = PCURVE('',#6598,#6603);
#6598 = PLANE('',#6599);
#6599 = AXIS2_PLACEMENT_3D('',#6600,#6601,#6602);
#6600 = CARTESIAN_POINT('',(4.20788070449E-17,-57.62,3.5));
#6601 = DIRECTION('',(-0.,-1.,-0.));
#6602 = DIRECTION('',(0.,0.,-1.));
#6603 = DEFINITIONAL_REPRESENTATION('',(#6604),#6608);
#6604 = LINE('',#6605,#6606);
#6605 = CARTESIAN_POINT('',(0.4,-168.46));
#6606 = VECTOR('',#6607,1.);
#6607 = DIRECTION('',(0.,1.));
#6608 = ( GEOMETRIC_REPRESENTATION_CONTEXT(2) 
PARAMETRIC_REPRESENTATION_CONTEXT() REPRESENTATION_CONTEXT('2D SPACE',''
  ) );
#6609 = ADVANCED_FACE('',(#6610),#6516,.F.);
#6610 = FACE_BOUND('',#6611,.F.);
#6611 = EDGE_LOOP('',(#6612,#6642,#6663,#6664));
#6612 = ORIENTED_EDGE('',*,*,#6613,.T.);
#6613 = EDGE_CURVE('',#6614,#6616,#6618,.T.);
#6614 = VERTEX_POINT('',#6615);
#6615 = CARTESIAN_POINT('',(-168.46,-57.62,3.9));
#6616 = VERTEX_POINT('',#6617);
#6617 = CARTESIAN_POINT('',(-168.46,-58.22,3.9));
#6618 = SURFACE_CURVE('',#6619,(#6623,#6630),.PCURVE_S1.);
#6619 = LINE('',#6620,#6621);
#6620 = CARTESIAN_POINT('',(-168.46,-57.62,3.9));
#6621 = VECTOR('',#6622,1.);
#6622 = DIRECTION('',(0.,-1.,0.));
#6623 = PCURVE('',#6516,#6624);
#6624 = DEFINITIONAL_REPRESENTATION('',(#6625),#6629);
#6625 = LINE('',#6626,#6627);
#6626 = CARTESIAN_POINT('',(0.,0.));
#6627 = VECTOR('',#6628,1.);
#6628 = DIRECTION('',(0.,-1.));
#6629 = ( GEOMETRIC_REPRESENTATION_CONTEXT(2) 
PARAMETRIC_REPRESENTATION_CONTEXT() REPRESENTATION_CONTEXT('2D SPACE',''
  ) );
#6630 = PCURVE('',#6631,#6636);
#6631 = PLANE('',#6632);
#6632 = AXIS2_PLACEMENT_3D('',#6633,#6634,#6635);
#6633 = CARTESIAN_POINT('',(168.46,-57.62,3.9));
#6634 = DIRECTION('',(-0.,-0.,-1.));
#6635 = DIRECTION('',(-1.,0.,0.));
#6636 = DEFINITIONAL_REPRESENTATION('',(#6637),#6641);
#6637 = LINE('',#6638,#6639);
#6638 = CARTESIAN_POINT('',(336.92,0.));
#6639 = VECTOR('',#6640,1.);
#6640 = DIRECTION('',(0.,-1.));
#6641 = ( GEOMETRIC_REPRESENTATION_CONTEXT(2) 
PARAMETRIC_REPRESENTATION_CONTEXT() REPRESENTATION_CONTEXT('2D SPACE',''
  ) );
#6642 = ORIENTED_EDGE('',*,*,#6643,.T.);
#6643 = EDGE_CURVE('',#6616,#6496,#6644,.T.);
#6644 = SURFACE_CURVE('',#6645,(#6649,#6656),.PCURVE_S1.);
#6645 = LINE('',#6646,#6647);
#6646 = CARTESIAN_POINT('',(-168.46,-58.22,3.9));
#6647 = VECTOR('',#6648,1.);
#6648 = DIRECTION('',(0.,0.,-1.));
#6649 = PCURVE('',#6516,#6650);
#6650 = DEFINITIONAL_REPRESENTATION('',(#6651),#6655);
#6651 = LINE('',#6652,#6653);
#6652 = CARTESIAN_POINT('',(0.,-0.6));
#6653 = VECTOR('',#6654,1.);
#6654 = DIRECTION('',(1.,0.));
#6655 = ( GEOMETRIC_REPRESENTATION_CONTEXT(2) 
PARAMETRIC_REPRESENTATION_CONTEXT() REPRESENTATION_CONTEXT('2D SPACE',''
  ) );
#6656 = PCURVE('',#6544,#6657);
#6657 = DEFINITIONAL_REPRESENTATION('',(#6658),#6662);
#6658 = LINE('',#6659,#6660);
#6659 = CARTESIAN_POINT('',(-0.4,-168.46));
#6660 = VECTOR('',#6661,1.);
#6661 = DIRECTION('',(1.,0.));
#6662 = ( GEOMETRIC_REPRESENTATION_CONTEXT(2) 
PARAMETRIC_REPRESENTATION_CONTEXT() REPRESENTATION_CONTEXT('2D SPACE',''
  ) );
#6663 = ORIENTED_EDGE('',*,*,#6493,.F.);
#6664 = ORIENTED_EDGE('',*,*,#6665,.F.);
#6665 = EDGE_CURVE('',#6614,#6494,#6666,.T.);
#6666 = SURFACE_CURVE('',#6667,(#6671,#6678),.PCURVE_S1.);
#6667 = LINE('',#6668,#6669);
#6668 = CARTESIAN_POINT('',(-168.46,-57.62,3.9));
#6669 = VECTOR('',#6670,1.);
#6670 = DIRECTION('',(0.,0.,-1.));
#6671 = PCURVE('',#6516,#6672);
#6672 = DEFINITIONAL_REPRESENTATION('',(#6673),#6677);
#6673 = LINE('',#6674,#6675);
#6674 = CARTESIAN_POINT('',(0.,0.));
#6675 = VECTOR('',#6676,1.);
#6676 = DIRECTION('',(1.,0.));
#6677 = ( GEOMETRIC_REPRESENTATION_CONTEXT(2) 
PARAMETRIC_REPRESENTATION_CONTEXT() REPRESENTATION_CONTEXT('2D SPACE',''
  ) );
#6678 = PCURVE('',#6598,#6679);
#6679 = DEFINITIONAL_REPRESENTATION('',(#6680),#6684);
#6680 = LINE('',#6681,#6682);
#6681 = CARTESIAN_POINT('',(-0.4,-168.46));
#6682 = VECTOR('',#6683,1.);
#6683 = DIRECTION('',(1.,0.));
#6684 = ( GEOMETRIC_REPRESENTATION_CONTEXT(2) 
PARAMETRIC_REPRESENTATION_CONTEXT() REPRESENTATION_CONTEXT('2D SPACE',''
  ) );
#6685 = ADVANCED_FACE('',(#6686),#6572,.F.);
#6686 = FACE_BOUND('',#6687,.F.);
#6687 = EDGE_LOOP('',(#6688,#6689,#6712,#6735));
#6688 = ORIENTED_EDGE('',*,*,#6556,.T.);
#6689 = ORIENTED_EDGE('',*,*,#6690,.T.);
#6690 = EDGE_CURVE('',#6529,#6691,#6693,.T.);
#6691 = VERTEX_POINT('',#6692);
#6692 = CARTESIAN_POINT('',(168.46,-58.22,3.9));
#6693 = SURFACE_CURVE('',#6694,(#6698,#6705),.PCURVE_S1.);
#6694 = LINE('',#6695,#6696);
#6695 = CARTESIAN_POINT('',(168.46,-58.22,3.1));
#6696 = VECTOR('',#6697,1.);
#6697 = DIRECTION('',(0.,0.,1.));
#6698 = PCURVE('',#6572,#6699);
#6699 = DEFINITIONAL_REPRESENTATION('',(#6700),#6704);
#6700 = LINE('',#6701,#6702);
#6701 = CARTESIAN_POINT('',(0.,-0.6));
#6702 = VECTOR('',#6703,1.);
#6703 = DIRECTION('',(1.,0.));
#6704 = ( GEOMETRIC_REPRESENTATION_CONTEXT(2) 
PARAMETRIC_REPRESENTATION_CONTEXT() REPRESENTATION_CONTEXT('2D SPACE',''
  ) );
#6705 = PCURVE('',#6544,#6706);
#6706 = DEFINITIONAL_REPRESENTATION('',(#6707),#6711);
#6707 = LINE('',#6708,#6709);
#6708 = CARTESIAN_POINT('',(0.4,168.46));
#6709 = VECTOR('',#6710,1.);
#6710 = DIRECTION('',(-1.,0.));
#6711 = ( GEOMETRIC_REPRESENTATION_CONTEXT(2) 
PARAMETRIC_REPRESENTATION_CONTEXT() REPRESENTATION_CONTEXT('2D SPACE',''
  ) );
#6712 = ORIENTED_EDGE('',*,*,#6713,.F.);
#6713 = EDGE_CURVE('',#6714,#6691,#6716,.T.);
#6714 = VERTEX_POINT('',#6715);
#6715 = CARTESIAN_POINT('',(168.46,-57.62,3.9));
#6716 = SURFACE_CURVE('',#6717,(#6721,#6728),.PCURVE_S1.);
#6717 = LINE('',#6718,#6719);
#6718 = CARTESIAN_POINT('',(168.46,-57.62,3.9));
#6719 = VECTOR('',#6720,1.);
#6720 = DIRECTION('',(0.,-1.,0.));
#6721 = PCURVE('',#6572,#6722);
#6722 = DEFINITIONAL_REPRESENTATION('',(#6723),#6727);
#6723 = LINE('',#6724,#6725);
#6724 = CARTESIAN_POINT('',(0.8,0.));
#6725 = VECTOR('',#6726,1.);
#6726 = DIRECTION('',(0.,-1.));
#6727 = ( GEOMETRIC_REPRESENTATION_CONTEXT(2) 
PARAMETRIC_REPRESENTATION_CONTEXT() REPRESENTATION_CONTEXT('2D SPACE',''
  ) );
#6728 = PCURVE('',#6631,#6729);
#6729 = DEFINITIONAL_REPRESENTATION('',(#6730),#6734);
#6730 = LINE('',#6731,#6732);
#6731 = CARTESIAN_POINT('',(0.,0.));
#6732 = VECTOR('',#6733,1.);
#6733 = DIRECTION('',(0.,-1.));
#6734 = ( GEOMETRIC_REPRESENTATION_CONTEXT(2) 
PARAMETRIC_REPRESENTATION_CONTEXT() REPRESENTATION_CONTEXT('2D SPACE',''
  ) );
#6735 = ORIENTED_EDGE('',*,*,#6736,.F.);
#6736 = EDGE_CURVE('',#6557,#6714,#6737,.T.);
#6737 = SURFACE_CURVE('',#6738,(#6742,#6749),.PCURVE_S1.);
#6738 = LINE('',#6739,#6740);
#6739 = CARTESIAN_POINT('',(168.46,-57.62,3.1));
#6740 = VECTOR('',#6741,1.);
#6741 = DIRECTION('',(0.,0.,1.));
#6742 = PCURVE('',#6572,#6743);
#6743 = DEFINITIONAL_REPRESENTATION('',(#6744),#6748);
#6744 = LINE('',#6745,#6746);
#6745 = CARTESIAN_POINT('',(0.,0.));
#6746 = VECTOR('',#6747,1.);
#6747 = DIRECTION('',(1.,0.));
#6748 = ( GEOMETRIC_REPRESENTATION_CONTEXT(2) 
PARAMETRIC_REPRESENTATION_CONTEXT() REPRESENTATION_CONTEXT('2D SPACE',''
  ) );
#6749 = PCURVE('',#6598,#6750);
#6750 = DEFINITIONAL_REPRESENTATION('',(#6751),#6755);
#6751 = LINE('',#6752,#6753);
#6752 = CARTESIAN_POINT('',(0.4,168.46));
#6753 = VECTOR('',#6754,1.);
#6754 = DIRECTION('',(-1.,0.));
#6755 = ( GEOMETRIC_REPRESENTATION_CONTEXT(2) 
PARAMETRIC_REPRESENTATION_CONTEXT() REPRESENTATION_CONTEXT('2D SPACE',''
  ) );
#6756 = ADVANCED_FACE('',(#6757),#6598,.F.);
#6757 = FACE_BOUND('',#6758,.F.);
#6758 = EDGE_LOOP('',(#6759,#6760,#6761,#6782));
#6759 = ORIENTED_EDGE('',*,*,#6584,.T.);
#6760 = ORIENTED_EDGE('',*,*,#6736,.T.);
#6761 = ORIENTED_EDGE('',*,*,#6762,.T.);
#6762 = EDGE_CURVE('',#6714,#6614,#6763,.T.);
#6763 = SURFACE_CURVE('',#6764,(#6768,#6775),.PCURVE_S1.);
#6764 = LINE('',#6765,#6766);
#6765 = CARTESIAN_POINT('',(168.46,-57.62,3.9));
#6766 = VECTOR('',#6767,1.);
#6767 = DIRECTION('',(-1.,0.,0.));
#6768 = PCURVE('',#6598,#6769);
#6769 = DEFINITIONAL_REPRESENTATION('',(#6770),#6774);
#6770 = LINE('',#6771,#6772);
#6771 = CARTESIAN_POINT('',(-0.4,168.46));
#6772 = VECTOR('',#6773,1.);
#6773 = DIRECTION('',(0.,-1.));
#6774 = ( GEOMETRIC_REPRESENTATION_CONTEXT(2) 
PARAMETRIC_REPRESENTATION_CONTEXT() REPRESENTATION_CONTEXT('2D SPACE',''
  ) );
#6775 = PCURVE('',#6631,#6776);
#6776 = DEFINITIONAL_REPRESENTATION('',(#6777),#6781);
#6777 = LINE('',#6778,#6779);
#6778 = CARTESIAN_POINT('',(0.,0.));
#6779 = VECTOR('',#6780,1.);
#6780 = DIRECTION('',(1.,0.));
#6781 = ( GEOMETRIC_REPRESENTATION_CONTEXT(2) 
PARAMETRIC_REPRESENTATION_CONTEXT() REPRESENTATION_CONTEXT('2D SPACE',''
  ) );
#6782 = ORIENTED_EDGE('',*,*,#6665,.T.);
#6783 = ADVANCED_FACE('',(#6784),#6544,.T.);
#6784 = FACE_BOUND('',#6785,.T.);
#6785 = EDGE_LOOP('',(#6786,#6787,#6788,#6809));
#6786 = ORIENTED_EDGE('',*,*,#6528,.T.);
#6787 = ORIENTED_EDGE('',*,*,#6690,.T.);
#6788 = ORIENTED_EDGE('',*,*,#6789,.T.);
#6789 = EDGE_CURVE('',#6691,#6616,#6790,.T.);
#6790 = SURFACE_CURVE('',#6791,(#6795,#6802),.PCURVE_S1.);
#6791 = LINE('',#6792,#6793);
#6792 = CARTESIAN_POINT('',(168.46,-58.22,3.9));
#6793 = VECTOR('',#6794,1.);
#6794 = DIRECTION('',(-1.,0.,0.));
#6795 = PCURVE('',#6544,#6796);
#6796 = DEFINITIONAL_REPRESENTATION('',(#6797),#6801);
#6797 = LINE('',#6798,#6799);
#6798 = CARTESIAN_POINT('',(-0.4,168.46));
#6799 = VECTOR('',#6800,1.);
#6800 = DIRECTION('',(0.,-1.));
#6801 = ( GEOMETRIC_REPRESENTATION_CONTEXT(2) 
PARAMETRIC_REPRESENTATION_CONTEXT() REPRESENTATION_CONTEXT('2D SPACE',''
  ) );
#6802 = PCURVE('',#6631,#6803);
#6803 = DEFINITIONAL_REPRESENTATION('',(#6804),#6808);
#6804 = LINE('',#6805,#6806);
#6805 = CARTESIAN_POINT('',(0.,-0.6));
#6806 = VECTOR('',#6807,1.);
#6807 = DIRECTION('',(1.,0.));
#6808 = ( GEOMETRIC_REPRESENTATION_CONTEXT(2) 
PARAMETRIC_REPRESENTATION_CONTEXT() REPRESENTATION_CONTEXT('2D SPACE',''
  ) );
#6809 = ORIENTED_EDGE('',*,*,#6643,.T.);
#6810 = ADVANCED_FACE('',(#6811),#6631,.F.);
#6811 = FACE_BOUND('',#6812,.F.);
#6812 = EDGE_LOOP('',(#6813,#6814,#6815,#6816));
#6813 = ORIENTED_EDGE('',*,*,#6713,.T.);
#6814 = ORIENTED_EDGE('',*,*,#6789,.T.);
#6815 = ORIENTED_EDGE('',*,*,#6613,.F.);
#6816 = ORIENTED_EDGE('',*,*,#6762,.F.);
#6817 = ORIENTED_CLOSED_SHELL('',*,#6818,.F.);
#6818 = CLOSED_SHELL('',(#6819,#6939,#7015,#7086,#7113,#7140));
#6819 = ADVANCED_FACE('',(#6820),#6834,.F.);
#6820 = FACE_BOUND('',#6821,.F.);
#6821 = EDGE_LOOP('',(#6822,#6857,#6885,#6913));
#6822 = ORIENTED_EDGE('',*,*,#6823,.T.);
#6823 = EDGE_CURVE('',#6824,#6826,#6828,.T.);
#6824 = VERTEX_POINT('',#6825);
#6825 = CARTESIAN_POINT('',(-168.46,-57.62,4.1));
#6826 = VERTEX_POINT('',#6827);
#6827 = CARTESIAN_POINT('',(-168.46,-58.22,4.1));
#6828 = SURFACE_CURVE('',#6829,(#6833,#6845),.PCURVE_S1.);
#6829 = LINE('',#6830,#6831);
#6830 = CARTESIAN_POINT('',(-168.46,-57.62,4.1));
#6831 = VECTOR('',#6832,1.);
#6832 = DIRECTION('',(0.,-1.,0.));
#6833 = PCURVE('',#6834,#6839);
#6834 = PLANE('',#6835);
#6835 = AXIS2_PLACEMENT_3D('',#6836,#6837,#6838);
#6836 = CARTESIAN_POINT('',(-168.46,-57.62,4.1));
#6837 = DIRECTION('',(-0.,0.,1.));
#6838 = DIRECTION('',(1.,0.,0.));
#6839 = DEFINITIONAL_REPRESENTATION('',(#6840),#6844);
#6840 = LINE('',#6841,#6842);
#6841 = CARTESIAN_POINT('',(0.,0.));
#6842 = VECTOR('',#6843,1.);
#6843 = DIRECTION('',(0.,-1.));
#6844 = ( GEOMETRIC_REPRESENTATION_CONTEXT(2) 
PARAMETRIC_REPRESENTATION_CONTEXT() REPRESENTATION_CONTEXT('2D SPACE',''
  ) );
#6845 = PCURVE('',#6846,#6851);
#6846 = PLANE('',#6847);
#6847 = AXIS2_PLACEMENT_3D('',#6848,#6849,#6850);
#6848 = CARTESIAN_POINT('',(-168.46,-57.62,4.9));
#6849 = DIRECTION('',(1.,0.,0.));
#6850 = DIRECTION('',(0.,0.,-1.));
#6851 = DEFINITIONAL_REPRESENTATION('',(#6852),#6856);
#6852 = LINE('',#6853,#6854);
#6853 = CARTESIAN_POINT('',(0.8,0.));
#6854 = VECTOR('',#6855,1.);
#6855 = DIRECTION('',(0.,-1.));
#6856 = ( GEOMETRIC_REPRESENTATION_CONTEXT(2) 
PARAMETRIC_REPRESENTATION_CONTEXT() REPRESENTATION_CONTEXT('2D SPACE',''
  ) );
#6857 = ORIENTED_EDGE('',*,*,#6858,.T.);
#6858 = EDGE_CURVE('',#6826,#6859,#6861,.T.);
#6859 = VERTEX_POINT('',#6860);
#6860 = CARTESIAN_POINT('',(168.46,-58.22,4.1));
#6861 = SURFACE_CURVE('',#6862,(#6866,#6873),.PCURVE_S1.);
#6862 = LINE('',#6863,#6864);
#6863 = CARTESIAN_POINT('',(-168.46,-58.22,4.1));
#6864 = VECTOR('',#6865,1.);
#6865 = DIRECTION('',(1.,0.,0.));
#6866 = PCURVE('',#6834,#6867);
#6867 = DEFINITIONAL_REPRESENTATION('',(#6868),#6872);
#6868 = LINE('',#6869,#6870);
#6869 = CARTESIAN_POINT('',(0.,-0.6));
#6870 = VECTOR('',#6871,1.);
#6871 = DIRECTION('',(1.,0.));
#6872 = ( GEOMETRIC_REPRESENTATION_CONTEXT(2) 
PARAMETRIC_REPRESENTATION_CONTEXT() REPRESENTATION_CONTEXT('2D SPACE',''
  ) );
#6873 = PCURVE('',#6874,#6879);
#6874 = PLANE('',#6875);
#6875 = AXIS2_PLACEMENT_3D('',#6876,#6877,#6878);
#6876 = CARTESIAN_POINT('',(4.20788070449E-17,-58.22,4.5));
#6877 = DIRECTION('',(-0.,-1.,-0.));
#6878 = DIRECTION('',(0.,0.,-1.));
#6879 = DEFINITIONAL_REPRESENTATION('',(#6880),#6884);
#6880 = LINE('',#6881,#6882);
#6881 = CARTESIAN_POINT('',(0.4,-168.46));
#6882 = VECTOR('',#6883,1.);
#6883 = DIRECTION('',(0.,1.));
#6884 = ( GEOMETRIC_REPRESENTATION_CONTEXT(2) 
PARAMETRIC_REPRESENTATION_CONTEXT() REPRESENTATION_CONTEXT('2D SPACE',''
  ) );
#6885 = ORIENTED_EDGE('',*,*,#6886,.F.);
#6886 = EDGE_CURVE('',#6887,#6859,#6889,.T.);
#6887 = VERTEX_POINT('',#6888);
#6888 = CARTESIAN_POINT('',(168.46,-57.62,4.1));
#6889 = SURFACE_CURVE('',#6890,(#6894,#6901),.PCURVE_S1.);
#6890 = LINE('',#6891,#6892);
#6891 = CARTESIAN_POINT('',(168.46,-57.62,4.1));
#6892 = VECTOR('',#6893,1.);
#6893 = DIRECTION('',(0.,-1.,0.));
#6894 = PCURVE('',#6834,#6895);
#6895 = DEFINITIONAL_REPRESENTATION('',(#6896),#6900);
#6896 = LINE('',#6897,#6898);
#6897 = CARTESIAN_POINT('',(336.92,0.));
#6898 = VECTOR('',#6899,1.);
#6899 = DIRECTION('',(0.,-1.));
#6900 = ( GEOMETRIC_REPRESENTATION_CONTEXT(2) 
PARAMETRIC_REPRESENTATION_CONTEXT() REPRESENTATION_CONTEXT('2D SPACE',''
  ) );
#6901 = PCURVE('',#6902,#6907);
#6902 = PLANE('',#6903);
#6903 = AXIS2_PLACEMENT_3D('',#6904,#6905,#6906);
#6904 = CARTESIAN_POINT('',(168.46,-57.62,4.1));
#6905 = DIRECTION('',(-1.,0.,0.));
#6906 = DIRECTION('',(0.,0.,1.));
#6907 = DEFINITIONAL_REPRESENTATION('',(#6908),#6912);
#6908 = LINE('',#6909,#6910);
#6909 = CARTESIAN_POINT('',(0.,0.));
#6910 = VECTOR('',#6911,1.);
#6911 = DIRECTION('',(0.,-1.));
#6912 = ( GEOMETRIC_REPRESENTATION_CONTEXT(2) 
PARAMETRIC_REPRESENTATION_CONTEXT() REPRESENTATION_CONTEXT('2D SPACE',''
  ) );
#6913 = ORIENTED_EDGE('',*,*,#6914,.F.);
#6914 = EDGE_CURVE('',#6824,#6887,#6915,.T.);
#6915 = SURFACE_CURVE('',#6916,(#6920,#6927),.PCURVE_S1.);
#6916 = LINE('',#6917,#6918);
#6917 = CARTESIAN_POINT('',(-168.46,-57.62,4.1));
#6918 = VECTOR('',#6919,1.);
#6919 = DIRECTION('',(1.,0.,0.));
#6920 = PCURVE('',#6834,#6921);
#6921 = DEFINITIONAL_REPRESENTATION('',(#6922),#6926);
#6922 = LINE('',#6923,#6924);
#6923 = CARTESIAN_POINT('',(0.,0.));
#6924 = VECTOR('',#6925,1.);
#6925 = DIRECTION('',(1.,0.));
#6926 = ( GEOMETRIC_REPRESENTATION_CONTEXT(2) 
PARAMETRIC_REPRESENTATION_CONTEXT() REPRESENTATION_CONTEXT('2D SPACE',''
  ) );
#6927 = PCURVE('',#6928,#6933);
#6928 = PLANE('',#6929);
#6929 = AXIS2_PLACEMENT_3D('',#6930,#6931,#6932);
#6930 = CARTESIAN_POINT('',(4.20788070449E-17,-57.62,4.5));
#6931 = DIRECTION('',(-0.,-1.,-0.));
#6932 = DIRECTION('',(0.,0.,-1.));
#6933 = DEFINITIONAL_REPRESENTATION('',(#6934),#6938);
#6934 = LINE('',#6935,#6936);
#6935 = CARTESIAN_POINT('',(0.4,-168.46));
#6936 = VECTOR('',#6937,1.);
#6937 = DIRECTION('',(0.,1.));
#6938 = ( GEOMETRIC_REPRESENTATION_CONTEXT(2) 
PARAMETRIC_REPRESENTATION_CONTEXT() REPRESENTATION_CONTEXT('2D SPACE',''
  ) );
#6939 = ADVANCED_FACE('',(#6940),#6846,.F.);
#6940 = FACE_BOUND('',#6941,.F.);
#6941 = EDGE_LOOP('',(#6942,#6972,#6993,#6994));
#6942 = ORIENTED_EDGE('',*,*,#6943,.T.);
#6943 = EDGE_CURVE('',#6944,#6946,#6948,.T.);
#6944 = VERTEX_POINT('',#6945);
#6945 = CARTESIAN_POINT('',(-168.46,-57.62,4.9));
#6946 = VERTEX_POINT('',#6947);
#6947 = CARTESIAN_POINT('',(-168.46,-58.22,4.9));
#6948 = SURFACE_CURVE('',#6949,(#6953,#6960),.PCURVE_S1.);
#6949 = LINE('',#6950,#6951);
#6950 = CARTESIAN_POINT('',(-168.46,-57.62,4.9));
#6951 = VECTOR('',#6952,1.);
#6952 = DIRECTION('',(0.,-1.,0.));
#6953 = PCURVE('',#6846,#6954);
#6954 = DEFINITIONAL_REPRESENTATION('',(#6955),#6959);
#6955 = LINE('',#6956,#6957);
#6956 = CARTESIAN_POINT('',(0.,0.));
#6957 = VECTOR('',#6958,1.);
#6958 = DIRECTION('',(0.,-1.));
#6959 = ( GEOMETRIC_REPRESENTATION_CONTEXT(2) 
PARAMETRIC_REPRESENTATION_CONTEXT() REPRESENTATION_CONTEXT('2D SPACE',''
  ) );
#6960 = PCURVE('',#6961,#6966);
#6961 = PLANE('',#6962);
#6962 = AXIS2_PLACEMENT_3D('',#6963,#6964,#6965);
#6963 = CARTESIAN_POINT('',(168.46,-57.62,4.9));
#6964 = DIRECTION('',(-0.,-0.,-1.));
#6965 = DIRECTION('',(-1.,0.,0.));
#6966 = DEFINITIONAL_REPRESENTATION('',(#6967),#6971);
#6967 = LINE('',#6968,#6969);
#6968 = CARTESIAN_POINT('',(336.92,0.));
#6969 = VECTOR('',#6970,1.);
#6970 = DIRECTION('',(0.,-1.));
#6971 = ( GEOMETRIC_REPRESENTATION_CONTEXT(2) 
PARAMETRIC_REPRESENTATION_CONTEXT() REPRESENTATION_CONTEXT('2D SPACE',''
  ) );
#6972 = ORIENTED_EDGE('',*,*,#6973,.T.);
#6973 = EDGE_CURVE('',#6946,#6826,#6974,.T.);
#6974 = SURFACE_CURVE('',#6975,(#6979,#6986),.PCURVE_S1.);
#6975 = LINE('',#6976,#6977);
#6976 = CARTESIAN_POINT('',(-168.46,-58.22,4.9));
#6977 = VECTOR('',#6978,1.);
#6978 = DIRECTION('',(0.,0.,-1.));
#6979 = PCURVE('',#6846,#6980);
#6980 = DEFINITIONAL_REPRESENTATION('',(#6981),#6985);
#6981 = LINE('',#6982,#6983);
#6982 = CARTESIAN_POINT('',(0.,-0.6));
#6983 = VECTOR('',#6984,1.);
#6984 = DIRECTION('',(1.,0.));
#6985 = ( GEOMETRIC_REPRESENTATION_CONTEXT(2) 
PARAMETRIC_REPRESENTATION_CONTEXT() REPRESENTATION_CONTEXT('2D SPACE',''
  ) );
#6986 = PCURVE('',#6874,#6987);
#6987 = DEFINITIONAL_REPRESENTATION('',(#6988),#6992);
#6988 = LINE('',#6989,#6990);
#6989 = CARTESIAN_POINT('',(-0.4,-168.46));
#6990 = VECTOR('',#6991,1.);
#6991 = DIRECTION('',(1.,0.));
#6992 = ( GEOMETRIC_REPRESENTATION_CONTEXT(2) 
PARAMETRIC_REPRESENTATION_CONTEXT() REPRESENTATION_CONTEXT('2D SPACE',''
  ) );
#6993 = ORIENTED_EDGE('',*,*,#6823,.F.);
#6994 = ORIENTED_EDGE('',*,*,#6995,.F.);
#6995 = EDGE_CURVE('',#6944,#6824,#6996,.T.);
#6996 = SURFACE_CURVE('',#6997,(#7001,#7008),.PCURVE_S1.);
#6997 = LINE('',#6998,#6999);
#6998 = CARTESIAN_POINT('',(-168.46,-57.62,4.9));
#6999 = VECTOR('',#7000,1.);
#7000 = DIRECTION('',(0.,0.,-1.));
#7001 = PCURVE('',#6846,#7002);
#7002 = DEFINITIONAL_REPRESENTATION('',(#7003),#7007);
#7003 = LINE('',#7004,#7005);
#7004 = CARTESIAN_POINT('',(0.,0.));
#7005 = VECTOR('',#7006,1.);
#7006 = DIRECTION('',(1.,0.));
#7007 = ( GEOMETRIC_REPRESENTATION_CONTEXT(2) 
PARAMETRIC_REPRESENTATION_CONTEXT() REPRESENTATION_CONTEXT('2D SPACE',''
  ) );
#7008 = PCURVE('',#6928,#7009);
#7009 = DEFINITIONAL_REPRESENTATION('',(#7010),#7014);
#7010 = LINE('',#7011,#7012);
#7011 = CARTESIAN_POINT('',(-0.4,-168.46));
#7012 = VECTOR('',#7013,1.);
#7013 = DIRECTION('',(1.,0.));
#7014 = ( GEOMETRIC_REPRESENTATION_CONTEXT(2) 
PARAMETRIC_REPRESENTATION_CONTEXT() REPRESENTATION_CONTEXT('2D SPACE',''
  ) );
#7015 = ADVANCED_FACE('',(#7016),#6902,.F.);
#7016 = FACE_BOUND('',#7017,.F.);
#7017 = EDGE_LOOP('',(#7018,#7019,#7042,#7065));
#7018 = ORIENTED_EDGE('',*,*,#6886,.T.);
#7019 = ORIENTED_EDGE('',*,*,#7020,.T.);
#7020 = EDGE_CURVE('',#6859,#7021,#7023,.T.);
#7021 = VERTEX_POINT('',#7022);
#7022 = CARTESIAN_POINT('',(168.46,-58.22,4.9));
#7023 = SURFACE_CURVE('',#7024,(#7028,#7035),.PCURVE_S1.);
#7024 = LINE('',#7025,#7026);
#7025 = CARTESIAN_POINT('',(168.46,-58.22,4.1));
#7026 = VECTOR('',#7027,1.);
#7027 = DIRECTION('',(0.,0.,1.));
#7028 = PCURVE('',#6902,#7029);
#7029 = DEFINITIONAL_REPRESENTATION('',(#7030),#7034);
#7030 = LINE('',#7031,#7032);
#7031 = CARTESIAN_POINT('',(0.,-0.6));
#7032 = VECTOR('',#7033,1.);
#7033 = DIRECTION('',(1.,0.));
#7034 = ( GEOMETRIC_REPRESENTATION_CONTEXT(2) 
PARAMETRIC_REPRESENTATION_CONTEXT() REPRESENTATION_CONTEXT('2D SPACE',''
  ) );
#7035 = PCURVE('',#6874,#7036);
#7036 = DEFINITIONAL_REPRESENTATION('',(#7037),#7041);
#7037 = LINE('',#7038,#7039);
#7038 = CARTESIAN_POINT('',(0.4,168.46));
#7039 = VECTOR('',#7040,1.);
#7040 = DIRECTION('',(-1.,0.));
#7041 = ( GEOMETRIC_REPRESENTATION_CONTEXT(2) 
PARAMETRIC_REPRESENTATION_CONTEXT() REPRESENTATION_CONTEXT('2D SPACE',''
  ) );
#7042 = ORIENTED_EDGE('',*,*,#7043,.F.);
#7043 = EDGE_CURVE('',#7044,#7021,#7046,.T.);
#7044 = VERTEX_POINT('',#7045);
#7045 = CARTESIAN_POINT('',(168.46,-57.62,4.9));
#7046 = SURFACE_CURVE('',#7047,(#7051,#7058),.PCURVE_S1.);
#7047 = LINE('',#7048,#7049);
#7048 = CARTESIAN_POINT('',(168.46,-57.62,4.9));
#7049 = VECTOR('',#7050,1.);
#7050 = DIRECTION('',(0.,-1.,0.));
#7051 = PCURVE('',#6902,#7052);
#7052 = DEFINITIONAL_REPRESENTATION('',(#7053),#7057);
#7053 = LINE('',#7054,#7055);
#7054 = CARTESIAN_POINT('',(0.8,0.));
#7055 = VECTOR('',#7056,1.);
#7056 = DIRECTION('',(0.,-1.));
#7057 = ( GEOMETRIC_REPRESENTATION_CONTEXT(2) 
PARAMETRIC_REPRESENTATION_CONTEXT() REPRESENTATION_CONTEXT('2D SPACE',''
  ) );
#7058 = PCURVE('',#6961,#7059);
#7059 = DEFINITIONAL_REPRESENTATION('',(#7060),#7064);
#7060 = LINE('',#7061,#7062);
#7061 = CARTESIAN_POINT('',(0.,0.));
#7062 = VECTOR('',#7063,1.);
#7063 = DIRECTION('',(0.,-1.));
#7064 = ( GEOMETRIC_REPRESENTATION_CONTEXT(2) 
PARAMETRIC_REPRESENTATION_CONTEXT() REPRESENTATION_CONTEXT('2D SPACE',''
  ) );
#7065 = ORIENTED_EDGE('',*,*,#7066,.F.);
#7066 = EDGE_CURVE('',#6887,#7044,#7067,.T.);
#7067 = SURFACE_CURVE('',#7068,(#7072,#7079),.PCURVE_S1.);
#7068 = LINE('',#7069,#7070);
#7069 = CARTESIAN_POINT('',(168.46,-57.62,4.1));
#7070 = VECTOR('',#7071,1.);
#7071 = DIRECTION('',(0.,0.,1.));
#7072 = PCURVE('',#6902,#7073);
#7073 = DEFINITIONAL_REPRESENTATION('',(#7074),#7078);
#7074 = LINE('',#7075,#7076);
#7075 = CARTESIAN_POINT('',(0.,0.));
#7076 = VECTOR('',#7077,1.);
#7077 = DIRECTION('',(1.,0.));
#7078 = ( GEOMETRIC_REPRESENTATION_CONTEXT(2) 
PARAMETRIC_REPRESENTATION_CONTEXT() REPRESENTATION_CONTEXT('2D SPACE',''
  ) );
#7079 = PCURVE('',#6928,#7080);
#7080 = DEFINITIONAL_REPRESENTATION('',(#7081),#7085);
#7081 = LINE('',#7082,#7083);
#7082 = CARTESIAN_POINT('',(0.4,168.46));
#7083 = VECTOR('',#7084,1.);
#7084 = DIRECTION('',(-1.,0.));
#7085 = ( GEOMETRIC_REPRESENTATION_CONTEXT(2) 
PARAMETRIC_REPRESENTATION_CONTEXT() REPRESENTATION_CONTEXT('2D SPACE',''
  ) );
#7086 = ADVANCED_FACE('',(#7087),#6928,.F.);
#7087 = FACE_BOUND('',#7088,.F.);
#7088 = EDGE_LOOP('',(#7089,#7090,#7091,#7112));
#7089 = ORIENTED_EDGE('',*,*,#6914,.T.);
#7090 = ORIENTED_EDGE('',*,*,#7066,.T.);
#7091 = ORIENTED_EDGE('',*,*,#7092,.T.);
#7092 = EDGE_CURVE('',#7044,#6944,#7093,.T.);
#7093 = SURFACE_CURVE('',#7094,(#7098,#7105),.PCURVE_S1.);
#7094 = LINE('',#7095,#7096);
#7095 = CARTESIAN_POINT('',(168.46,-57.62,4.9));
#7096 = VECTOR('',#7097,1.);
#7097 = DIRECTION('',(-1.,0.,0.));
#7098 = PCURVE('',#6928,#7099);
#7099 = DEFINITIONAL_REPRESENTATION('',(#7100),#7104);
#7100 = LINE('',#7101,#7102);
#7101 = CARTESIAN_POINT('',(-0.4,168.46));
#7102 = VECTOR('',#7103,1.);
#7103 = DIRECTION('',(0.,-1.));
#7104 = ( GEOMETRIC_REPRESENTATION_CONTEXT(2) 
PARAMETRIC_REPRESENTATION_CONTEXT() REPRESENTATION_CONTEXT('2D SPACE',''
  ) );
#7105 = PCURVE('',#6961,#7106);
#7106 = DEFINITIONAL_REPRESENTATION('',(#7107),#7111);
#7107 = LINE('',#7108,#7109);
#7108 = CARTESIAN_POINT('',(0.,0.));
#7109 = VECTOR('',#7110,1.);
#7110 = DIRECTION('',(1.,0.));
#7111 = ( GEOMETRIC_REPRESENTATION_CONTEXT(2) 
PARAMETRIC_REPRESENTATION_CONTEXT() REPRESENTATION_CONTEXT('2D SPACE',''
  ) );
#7112 = ORIENTED_EDGE('',*,*,#6995,.T.);
#7113 = ADVANCED_FACE('',(#7114),#6874,.T.);
#7114 = FACE_BOUND('',#7115,.T.);
#7115 = EDGE_LOOP('',(#7116,#7117,#7118,#7139));
#7116 = ORIENTED_EDGE('',*,*,#6858,.T.);
#7117 = ORIENTED_EDGE('',*,*,#7020,.T.);
#7118 = ORIENTED_EDGE('',*,*,#7119,.T.);
#7119 = EDGE_CURVE('',#7021,#6946,#7120,.T.);
#7120 = SURFACE_CURVE('',#7121,(#7125,#7132),.PCURVE_S1.);
#7121 = LINE('',#7122,#7123);
#7122 = CARTESIAN_POINT('',(168.46,-58.22,4.9));
#7123 = VECTOR('',#7124,1.);
#7124 = DIRECTION('',(-1.,0.,0.));
#7125 = PCURVE('',#6874,#7126);
#7126 = DEFINITIONAL_REPRESENTATION('',(#7127),#7131);
#7127 = LINE('',#7128,#7129);
#7128 = CARTESIAN_POINT('',(-0.4,168.46));
#7129 = VECTOR('',#7130,1.);
#7130 = DIRECTION('',(0.,-1.));
#7131 = ( GEOMETRIC_REPRESENTATION_CONTEXT(2) 
PARAMETRIC_REPRESENTATION_CONTEXT() REPRESENTATION_CONTEXT('2D SPACE',''
  ) );
#7132 = PCURVE('',#6961,#7133);
#7133 = DEFINITIONAL_REPRESENTATION('',(#7134),#7138);
#7134 = LINE('',#7135,#7136);
#7135 = CARTESIAN_POINT('',(0.,-0.6));
#7136 = VECTOR('',#7137,1.);
#7137 = DIRECTION('',(1.,0.));
#7138 = ( GEOMETRIC_REPRESENTATION_CONTEXT(2) 
PARAMETRIC_REPRESENTATION_CONTEXT() REPRESENTATION_CONTEXT('2D SPACE',''
  ) );
#7139 = ORIENTED_EDGE('',*,*,#6973,.T.);
#7140 = ADVANCED_FACE('',(#7141),#6961,.F.);
#7141 = FACE_BOUND('',#7142,.F.);
#7142 = EDGE_LOOP('',(#7143,#7144,#7145,#7146));
#7143 = ORIENTED_EDGE('',*,*,#7043,.T.);
#7144 = ORIENTED_EDGE('',*,*,#7119,.T.);
#7145 = ORIENTED_EDGE('',*,*,#6943,.F.);
#7146 = ORIENTED_EDGE('',*,*,#7092,.F.);
#7147 = ( GEOMETRIC_REPRESENTATION_CONTEXT(3) 
GLOBAL_UNCERTAINTY_ASSIGNED_CONTEXT((#7151)) 
GLOBAL_UNIT_ASSIGNED_CONTEXT((#7148,#7149,#7150)) REPRESENTATION_CONTEXT
('Context #1','3D Context with UNIT and UNCERTAINTY') );
#7148 = ( LENGTH_UNIT() NAMED_UNIT(*) SI_UNIT(.MILLI.,.METRE.) );
#7149 = ( NAMED_UNIT(*) PLANE_ANGLE_UNIT() SI_UNIT($,.RADIAN.) );
#7150 = ( NAMED_UNIT(*) SI_UNIT($,.STERADIAN.) SOLID_ANGLE_UNIT() );
#7151 = UNCERTAINTY_MEASURE_WITH_UNIT(LENGTH_MEASURE(1.E-07),#7148,
  'distance_accuracy_value','confusion accuracy');
#7152 = PRODUCT_RELATED_PRODUCT_CATEGORY('part',$,(#7));
ENDSEC;
END-ISO-10303-21;
